  0
SECTION
  2
HEADER
  9
$ACADVER
  1
AC1032
  9
$ACADMAINTVER
 90
4
  9
$DWGCODEPAGE
  3
ANSI_1252
  9
$REQUIREDVERSIONS
160
0
  9
$INSBASE
 10
0.0
 20
0.0
 30
0.0
  9
$EXTMIN
 10
1e+20
 20
1e+20
 30
1e+20
  9
$EXTMAX
 10
-1e+20
 20
-1e+20
 30
-1e+20
  9
$LIMMIN
 10
0.0
 20
0.0
  9
$LIMMAX
 10
420.0
 20
297.0
  9
$ORTHOMODE
 70
0
  9
$REGENMODE
 70
1
  9
$FILLMODE
 70
1
  9
$QTEXTMODE
 70
0
  9
$MIRRTEXT
 70
1
  9
$LTSCALE
 40
1.0
  9
$ATTMODE
 70
1
  9
$TEXTSIZE
 40
2.5
  9
$TRACEWID
 40
1.0
  9
$TEXTSTYLE
  7
Standard
  9
$CLAYER
  8
0
  9
$CELTYPE
  6
ByLayer
  9
$CECOLOR
 62
256
  9
$CELTSCALE
 40
1.0
  9
$DISPSILH
 70
0
  9
$DIMSCALE
 40
1.0
  9
$DIMASZ
 40
2.5
  9
$DIMEXO
 40
0.625
  9
$DIMDLI
 40
3.75
  9
$DIMRND
 40
0.0
  9
$DIMDLE
 40
0.0
  9
$DIMEXE
 40
1.25
  9
$DIMTP
 40
0.0
  9
$DIMTM
 40
0.0
  9
$DIMTXT
 40
2.5
  9
$DIMCEN
 40
2.5
  9
$DIMTSZ
 40
0.0
  9
$DIMTOL
 70
0
  9
$DIMLIM
 70
0
  9
$DIMTIH
 70
0
  9
$DIMTOH
 70
0
  9
$DIMSE1
 70
0
  9
$DIMSE2
 70
0
  9
$DIMTAD
 70
1
  9
$DIMZIN
 70
8
  9
$DIMBLK
  1

  9
$DIMASO
 70
1
  9
$DIMSHO
 70
1
  9
$DIMPOST
  1

  9
$DIMAPOST
  1

  9
$DIMALT
 70
0
  9
$DIMALTD
 70
3
  9
$DIMALTF
 40
0.03937007874
  9
$DIMLFAC
 40
1.0
  9
$DIMTOFL
 70
1
  9
$DIMTVP
 40
0.0
  9
$DIMTIX
 70
0
  9
$DIMSOXD
 70
0
  9
$DIMSAH
 70
0
  9
$DIMBLK1
  1

  9
$DIMBLK2
  1

  9
$DIMSTYLE
  2
ISO-25
  9
$DIMCLRD
 70
0
  9
$DIMCLRE
 70
0
  9
$DIMCLRT
 70
0
  9
$DIMTFAC
 40
1.0
  9
$DIMGAP
 40
0.625
  9
$DIMJUST
 70
0
  9
$DIMSD1
 70
0
  9
$DIMSD2
 70
0
  9
$DIMTOLJ
 70
0
  9
$DIMTZIN
 70
8
  9
$DIMALTZ
 70
0
  9
$DIMALTTZ
 70
0
  9
$DIMUPT
 70
0
  9
$DIMDEC
 70
2
  9
$DIMTDEC
 70
2
  9
$DIMALTU
 70
2
  9
$DIMALTTD
 70
3
  9
$DIMTXSTY
  7
Standard
  9
$DIMAUNIT
 70
0
  9
$DIMADEC
 70
0
  9
$DIMALTRND
 40
0.0
  9
$DIMAZIN
 70
0
  9
$DIMDSEP
 70
44
  9
$DIMATFIT
 70
3
  9
$DIMFRAC
 70
0
  9
$DIMLDRBLK
  1

  9
$DIMLUNIT
 70
2
  9
$DIMLWD
 70
-2
  9
$DIMLWE
 70
-2
  9
$DIMTMOVE
 70
0
  9
$DIMFXL
 40
1.0
  9
$DIMFXLON
 70
0
  9
$DIMJOGANG
 40
0.785398163397
  9
$DIMTFILL
 70
0
  9
$DIMTFILLCLR
 70
0
  9
$DIMARCSYM
 70
0
  9
$DIMLTYPE
  6

  9
$DIMLTEX1
  6

  9
$DIMLTEX2
  6

  9
$DIMTXTDIRECTION
 70
0
  9
$LUNITS
 70
2
  9
$LUPREC
 70
4
  9
$SKETCHINC
 40
1.0
  9
$FILLETRAD
 40
10.0
  9
$AUNITS
 70
0
  9
$AUPREC
 70
2
  9
$MENU
  1
.
  9
$ELEVATION
 40
0.0
  9
$PELEVATION
 40
0.0
  9
$THICKNESS
 40
0.0
  9
$LIMCHECK
 70
0
  9
$CHAMFERA
 40
0.0
  9
$CHAMFERB
 40
0.0
  9
$CHAMFERC
 40
0.0
  9
$CHAMFERD
 40
0.0
  9
$SKPOLY
 70
0
  9
$TDCREATE
 40
2461301.458263889
  9
$TDUCREATE
 40
2458532.153996898
  9
$TDUPDATE
 40
2461301.458263889
  9
$TDUUPDATE
 40
2458532.1544311
  9
$TDINDWG
 40
0.0
  9
$TDUSRTIMER
 40
0.0
  9
$USRTIMER
 70
1
  9
$ANGBASE
 50
0.0
  9
$ANGDIR
 70
0
  9
$PDMODE
 70
0
  9
$PDSIZE
 40
0.0
  9
$PLINEWID
 40
0.0
  9
$SPLFRAME
 70
0
  9
$SPLINETYPE
 70
6
  9
$SPLINESEGS
 70
8
  9
$HANDSEED
  5
4B9
  9
$SURFTAB1
 70
6
  9
$SURFTAB2
 70
6
  9
$SURFTYPE
 70
6
  9
$SURFU
 70
6
  9
$SURFV
 70
6
  9
$UCSBASE
  2

  9
$UCSNAME
  2

  9
$UCSORG
 10
0.0
 20
0.0
 30
0.0
  9
$UCSXDIR
 10
1.0
 20
0.0
 30
0.0
  9
$UCSYDIR
 10
0.0
 20
1.0
 30
0.0
  9
$UCSORTHOREF
  2

  9
$UCSORTHOVIEW
 70
0
  9
$UCSORGTOP
 10
0.0
 20
0.0
 30
0.0
  9
$UCSORGBOTTOM
 10
0.0
 20
0.0
 30
0.0
  9
$UCSORGLEFT
 10
0.0
 20
0.0
 30
0.0
  9
$UCSORGRIGHT
 10
0.0
 20
0.0
 30
0.0
  9
$UCSORGFRONT
 10
0.0
 20
0.0
 30
0.0
  9
$UCSORGBACK
 10
0.0
 20
0.0
 30
0.0
  9
$PUCSBASE
  2

  9
$PUCSNAME
  2

  9
$PUCSORG
 10
0.0
 20
0.0
 30
0.0
  9
$PUCSXDIR
 10
1.0
 20
0.0
 30
0.0
  9
$PUCSYDIR
 10
0.0
 20
1.0
 30
0.0
  9
$PUCSORTHOREF
  2

  9
$PUCSORTHOVIEW
 70
0
  9
$PUCSORGTOP
 10
0.0
 20
0.0
 30
0.0
  9
$PUCSORGBOTTOM
 10
0.0
 20
0.0
 30
0.0
  9
$PUCSORGLEFT
 10
0.0
 20
0.0
 30
0.0
  9
$PUCSORGRIGHT
 10
0.0
 20
0.0
 30
0.0
  9
$PUCSORGFRONT
 10
0.0
 20
0.0
 30
0.0
  9
$PUCSORGBACK
 10
0.0
 20
0.0
 30
0.0
  9
$USERI1
 70
0
  9
$USERI2
 70
0
  9
$USERI3
 70
0
  9
$USERI4
 70
0
  9
$USERI5
 70
0
  9
$USERR1
 40
0.0
  9
$USERR2
 40
0.0
  9
$USERR3
 40
0.0
  9
$USERR4
 40
0.0
  9
$USERR5
 40
0.0
  9
$WORLDVIEW
 70
1
  9
$SHADEDGE
 70
3
  9
$SHADEDIF
 70
70
  9
$TILEMODE
 70
1
  9
$MAXACTVP
 70
64
  9
$PINSBASE
 10
0.0
 20
0.0
 30
0.0
  9
$PLIMCHECK
 70
0
  9
$PEXTMIN
 10
1e+20
 20
1e+20
 30
1e+20
  9
$PEXTMAX
 10
-1e+20
 20
-1e+20
 30
-1e+20
  9
$PLIMMIN
 10
0.0
 20
0.0
  9
$PLIMMAX
 10
420.0
 20
297.0
  9
$UNITMODE
 70
0
  9
$VISRETAIN
 70
1
  9
$PLINEGEN
 70
0
  9
$PSLTSCALE
 70
1
  9
$TREEDEPTH
 70
3020
  9
$CMLSTYLE
  2
Standard
  9
$CMLJUST
 70
0
  9
$CMLSCALE
 40
20.0
  9
$PROXYGRAPHICS
 70
1
  9
$MEASUREMENT
 70
1
  9
$CELWEIGHT
370
-1
  9
$ENDCAPS
280
0
  9
$JOINSTYLE
280
0
  9
$LWDISPLAY
290
0
  9
$INSUNITS
 70
4
  9
$HYPERLINKBASE
  1

  9
$STYLESHEET
  1

  9
$XEDIT
290
1
  9
$CEPSNTYPE
380
0
  9
$PSTYLEMODE
290
1
  9
$VERSIONGUID
  2
{44825C15-05C9-4C9B-AA04-79BEFD16E575}
  9
$EXTNAMES
290
1
  9
$PSVPSCALE
 40
0.0
  9
$OLESTARTUP
290
0
  9
$SORTENTS
280
127
  9
$INDEXCTL
280
0
  9
$HIDETEXT
280
1
  9
$XCLIPFRAME
280
1
  9
$HALOGAP
280
0
  9
$OBSCOLOR
 70
257
  9
$OBSLTYPE
280
0
  9
$INTERSECTIONDISPLAY
280
0
  9
$INTERSECTIONCOLOR
 70
257
  9
$DIMASSOC
280
2
  9
$CAMERADISPLAY
290
0
  9
$LENSLENGTH
 40
50.0
  9
$CAMERAHEIGHT
 40
0.0
  9
$STEPSPERSEC
 40
24.0
  9
$STEPSIZE
 40
100.0
  9
$3DDWFPREC
 40
2.0
  9
$PSOLWIDTH
 40
0.005
  9
$PSOLHEIGHT
 40
0.08
  9
$LOFTANG1
 40
1.570796326795
  9
$LOFTANG2
 40
1.570796326795
  9
$LOFTMAG1
 40
0.0
  9
$LOFTMAG2
 40
0.0
  9
$LOFTPARAM
 70
7
  9
$LOFTNORMALS
280
1
  9
$LATITUDE
 40
37.795
  9
$LONGITUDE
 40
-122.394
  9
$NORTHDIRECTION
 40
0.0
  9
$TIMEZONE
 70
-8000
  9
$LIGHTGLYPHDISPLAY
280
1
  9
$TILEMODELIGHTSYNCH
280
1
  9
$CMATERIAL
347
20
  9
$SOLIDHIST
280
0
  9
$SHOWHIST
280
1
  9
$DWFFRAME
280
2
  9
$DGNFRAME
280
2
  9
$REALWORLDSCALE
290
1
  9
$INTERFERECOLOR
 62
256
  9
$CSHADOW
280
0
  9
$SHADOWPLANELOCATION
 40
0.0
  0
ENDSEC
  0
SECTION
  2
CLASSES
  0
CLASS
  1
ACDBDICTIONARYWDFLT
  2
AcDbDictionaryWithDefault
  3
ObjectDBX Classes
 90
0
 91
0
280
0
281
0
  0
CLASS
  1
SUN
  2
AcDbSun
  3
SCENEOE
 90
1153
 91
0
280
0
281
0
  0
CLASS
  1
VISUALSTYLE
  2
AcDbVisualStyle
  3
ObjectDBX Classes
 90
4095
 91
0
280
0
281
0
  0
CLASS
  1
MATERIAL
  2
AcDbMaterial
  3
ObjectDBX Classes
 90
1153
 91
0
280
0
281
0
  0
CLASS
  1
SCALE
  2
AcDbScale
  3
ObjectDBX Classes
 90
1153
 91
0
280
0
281
0
  0
CLASS
  1
TABLESTYLE
  2
AcDbTableStyle
  3
ObjectDBX Classes
 90
4095
 91
0
280
0
281
0
  0
CLASS
  1
MLEADERSTYLE
  2
AcDbMLeaderStyle
  3
ACDB_MLEADERSTYLE_CLASS
 90
4095
 91
0
280
0
281
0
  0
CLASS
  1
DICTIONARYVAR
  2
AcDbDictionaryVar
  3
ObjectDBX Classes
 90
0
 91
0
280
0
281
0
  0
CLASS
  1
CELLSTYLEMAP
  2
AcDbCellStyleMap
  3
ObjectDBX Classes
 90
1152
 91
0
280
0
281
0
  0
CLASS
  1
MENTALRAYRENDERSETTINGS
  2
AcDbMentalRayRenderSettings
  3
SCENEOE
 90
1024
 91
0
280
0
281
0
  0
CLASS
  1
ACDBDETAILVIEWSTYLE
  2
AcDbDetailViewStyle
  3
ObjectDBX Classes
 90
1025
 91
0
280
0
281
0
  0
CLASS
  1
ACDBSECTIONVIEWSTYLE
  2
AcDbSectionViewStyle
  3
ObjectDBX Classes
 90
1025
 91
0
280
0
281
0
  0
CLASS
  1
RASTERVARIABLES
  2
AcDbRasterVariables
  3
ISM
 90
0
 91
0
280
0
281
0
  0
CLASS
  1
ACDBPLACEHOLDER
  2
AcDbPlaceHolder
  3
ObjectDBX Classes
 90
0
 91
0
280
0
281
0
  0
CLASS
  1
LAYOUT
  2
AcDbLayout
  3
ObjectDBX Classes
 90
0
 91
0
280
0
281
0
  0
ENDSEC
  0
SECTION
  2
TABLES
  0
TABLE
  2
VPORT
  5
8
330
0
100
AcDbSymbolTable
 70
1
  0
VPORT
  5
23
330
8
100
AcDbSymbolTableRecord
100
AcDbViewportTableRecord
  2
*Active
 70
0
 10
0.0
 20
0.0
 11
1.0
 21
1.0
 12
0.0
 22
0.0
 13
0.0
 23
0.0
 14
0.5
 24
0.5
 15
0.5
 25
0.5
 16
0.0
 26
0.0
 36
1.0
 17
0.0
 27
0.0
 37
0.0
 40
1000.0
 41
1.34
 42
50.0
 43
0.0
 44
0.0
 50
0.0
 51
0.0
 71
0
 72
1000
 73
1
 74
3
 75
0
 76
0
 77
0
 78
0
281
0
 65
0
146
0.0
  0
ENDTAB
  0
TABLE
  2
LTYPE
  5
2
330
0
100
AcDbSymbolTable
 70
3
  0
LTYPE
  5
24
330
2
100
AcDbSymbolTableRecord
100
AcDbLinetypeTableRecord
  2
ByBlock
 70
0
  3

 72
65
 73
0
 40
0.0
  0
LTYPE
  5
25
330
2
100
AcDbSymbolTableRecord
100
AcDbLinetypeTableRecord
  2
ByLayer
 70
0
  3

 72
65
 73
0
 40
0.0
  0
LTYPE
  5
26
330
2
100
AcDbSymbolTableRecord
100
AcDbLinetypeTableRecord
  2
Continuous
 70
0
  3

 72
65
 73
0
 40
0.0
  0
ENDTAB
  0
TABLE
  2
LAYER
  5
1
330
0
100
AcDbSymbolTable
 70
2
  0
LAYER
  5
27
330
1
100
AcDbSymbolTableRecord
100
AcDbLayerTableRecord
  2
0
 70
0
 62
7
  6
Continuous
370
-3
390
13
347
21
  0
LAYER
  5
28
330
1
100
AcDbSymbolTableRecord
100
AcDbLayerTableRecord
  2
Defpoints
 70
0
 62
7
  6
Continuous
290
0
370
-3
390
13
347
21
  0
ENDTAB
  0
TABLE
  2
STYLE
  5
5
330
0
100
AcDbSymbolTable
 70
2
  0
STYLE
  5
29
330
5
100
AcDbSymbolTableRecord
100
AcDbTextStyleTableRecord
  2
Standard
 70
0
 40
0.0
 41
1.0
 50
0.0
 71
0
 42
2.5
  3
arial.ttf
  4

  0
STYLE
  5
30
330
5
100
AcDbSymbolTableRecord
100
AcDbTextStyleTableRecord
  2
SLDTEXTSTYLE1
 70
0
 40
0.0
 41
0.75
 50
0.0
 71
0
 42
3.5
  3
arial.ttf
  4

  0
ENDTAB
  0
TABLE
  2
VIEW
  5
7
330
0
100
AcDbSymbolTable
 70
0
  0
ENDTAB
  0
TABLE
  2
UCS
  5
6
330
0
100
AcDbSymbolTable
 70
0
  0
ENDTAB
  0
TABLE
  2
APPID
  5
3
330
0
100
AcDbSymbolTable
 70
3
  0
APPID
  5
2A
330
3
100
AcDbSymbolTableRecord
100
AcDbRegAppTableRecord
  2
ACAD
 70
0
  0
APPID
  5
4B6
330
3
100
AcDbSymbolTableRecord
100
AcDbRegAppTableRecord
  2
HATCHBACKGROUNDCOLOR
 70
0
  0
APPID
  5
4B7
330
3
100
AcDbSymbolTableRecord
100
AcDbRegAppTableRecord
  2
EZDXF
 70
0
  0
ENDTAB
  0
TABLE
  2
DIMSTYLE
  5
4
330
0
100
AcDbSymbolTable
 70
3
100
AcDbDimStyleTable
  0
DIMSTYLE
105
2B
330
4
100
AcDbSymbolTableRecord
100
AcDbDimStyleTableRecord
  2
Standard
 70
0
 40
1.0
 41
2.5
 42
0.625
 43
3.75
 44
1.25
 45
0.0
 46
0.0
 47
0.0
 48
0.0
 49
2.5
140
2.5
141
2.5
142
0.0
143
0.03937007874
144
1.0
145
0.0
146
1.0
147
0.625
148
0.0
 69
0
 70
0
 71
0
 72
0
 73
0
 74
0
 75
0
 76
0
 77
1
 78
8
 79
3
170
0
171
3
172
1
173
0
174
0
175
0
176
0
177
0
178
0
179
2
271
2
272
2
273
2
274
3
275
0
276
0
277
2
278
44
279
0
280
0
281
0
282
0
283
0
284
8
285
0
286
0
288
0
289
3
290
0
371
-2
372
-2
  0
DIMSTYLE
105
2F
102
{ACAD_REACTORS
330
129
330
133
330
13D
330
272
330
27C
330
28F
330
299
330
460
102
}
330
4
100
AcDbSymbolTableRecord
100
AcDbDimStyleTableRecord
  2
SLDDIMSTYLE0
 70
0
 40
1.0
 41
3.302
 42
0.625
 43
3.75
 44
0.0
 45
1e-09
 46
0.0
 47
0.0
 48
0.0
 49
2.5
140
3.5
141
2.5
142
0.0
143
0.03937007874
144
1.0
145
0.0
146
1.0
147
0.875
148
0.0
 69
0
 70
0
 71
0
 72
0
 73
0
 74
0
 75
0
 76
0
 77
1
 78
4
 79
1
170
0
171
3
172
1
173
1
174
0
175
0
176
0
177
0
178
0
179
2
271
2
272
2
273
2
274
3
275
0
276
2
277
2
278
44
279
0
280
0
281
0
282
0
283
0
284
12
285
0
286
0
288
0
289
3
290
0
340
30
371
-2
372
-2
  0
DIMSTYLE
105
36
102
{ACAD_REACTORS
330
286
102
}
330
4
100
AcDbSymbolTableRecord
100
AcDbDimStyleTableRecord
  2
SLDDIMSTYLE1
 70
0
 40
1.0
 41
3.302
 42
0.625
 43
3.75
 44
0.0
 45
1e-09
 46
0.0
 47
0.0
 48
0.0
 49
2.5
140
3.5
141
0.0
142
0.0
143
0.03937007874
144
1.0
145
0.0
146
1.0
147
0.875
148
0.0
 69
0
 70
0
 71
0
 72
0
 73
0
 74
0
 75
0
 76
0
 77
1
 78
4
 79
1
170
0
171
3
172
1
173
1
174
0
175
0
176
0
177
0
178
0
179
2
271
2
272
2
273
2
274
3
275
0
276
2
277
2
278
44
279
0
280
0
281
0
282
0
283
0
284
12
285
0
286
0
288
0
289
3
290
0
340
30
341
37
343
37
371
-2
372
-2
  0
ENDTAB
  0
TABLE
  2
BLOCK_RECORD
  5
9
330
0
100
AcDbSymbolTable
 70
21
  0
BLOCK_RECORD
  5
17
330
9
100
AcDbSymbolTableRecord
100
AcDbBlockTableRecord
  2
*Model_Space
340
1A
 70
0
280
1
281
0
  0
BLOCK_RECORD
  5
1B
330
9
100
AcDbSymbolTableRecord
100
AcDbBlockTableRecord
  2
*Paper_Space
340
1E
 70
0
280
1
281
0
  0
BLOCK_RECORD
  5
12A
330
9
100
AcDbSymbolTableRecord
100
AcDbBlockTableRecord
  2
*D1
340
0
 70
0
280
1
281
0
  0
BLOCK_RECORD
  5
134
330
9
100
AcDbSymbolTableRecord
100
AcDbBlockTableRecord
  2
*D2
340
0
 70
0
280
1
281
0
  0
BLOCK_RECORD
  5
13E
330
9
100
AcDbSymbolTableRecord
100
AcDbBlockTableRecord
  2
*D3
340
0
 70
0
280
1
281
0
  0
BLOCK_RECORD
  5
273
330
9
100
AcDbSymbolTableRecord
100
AcDbBlockTableRecord
  2
*D4
340
0
 70
0
280
1
281
0
  0
BLOCK_RECORD
  5
27D
330
9
100
AcDbSymbolTableRecord
100
AcDbBlockTableRecord
  2
*D5
340
0
 70
0
280
1
281
0
  0
BLOCK_RECORD
  5
287
330
9
100
AcDbSymbolTableRecord
100
AcDbBlockTableRecord
  2
*D6
340
0
 70
0
280
1
281
0
  0
BLOCK_RECORD
  5
290
330
9
100
AcDbSymbolTableRecord
100
AcDbBlockTableRecord
  2
*D7
340
0
 70
0
280
1
281
0
  0
BLOCK_RECORD
  5
29A
330
9
100
AcDbSymbolTableRecord
100
AcDbBlockTableRecord
  2
*D8
340
0
 70
0
280
1
281
0
  0
BLOCK_RECORD
  5
461
330
9
100
AcDbSymbolTableRecord
100
AcDbBlockTableRecord
  2
*D9
340
0
 70
0
280
1
281
0
  0
BLOCK_RECORD
  5
31
330
9
100
AcDbSymbolTableRecord
100
AcDbBlockTableRecord
  2
_D
340
0
 70
0
280
1
281
0
  0
BLOCK_RECORD
  5
32
330
9
100
AcDbSymbolTableRecord
100
AcDbBlockTableRecord
  2
_D_1
340
0
 70
0
280
1
281
0
  0
BLOCK_RECORD
  5
33
330
9
100
AcDbSymbolTableRecord
100
AcDbBlockTableRecord
  2
_D_2
340
0
 70
0
280
1
281
0
  0
BLOCK_RECORD
  5
34
330
9
100
AcDbSymbolTableRecord
100
AcDbBlockTableRecord
  2
_D_3
340
0
 70
0
280
1
281
0
  0
BLOCK_RECORD
  5
35
330
9
100
AcDbSymbolTableRecord
100
AcDbBlockTableRecord
  2
_D_4
340
0
 70
0
280
1
281
0
  0
BLOCK_RECORD
  5
37
330
9
100
AcDbSymbolTableRecord
100
AcDbBlockTableRecord
  2
_None
340
0
 70
0
280
1
281
0
  0
BLOCK_RECORD
  5
38
330
9
100
AcDbSymbolTableRecord
100
AcDbBlockTableRecord
  2
_D_5
340
0
 70
0
280
1
281
0
  0
BLOCK_RECORD
  5
39
330
9
100
AcDbSymbolTableRecord
100
AcDbBlockTableRecord
  2
_D_6
340
0
 70
0
280
1
281
0
  0
BLOCK_RECORD
  5
3A
330
9
100
AcDbSymbolTableRecord
100
AcDbBlockTableRecord
  2
_D_7
340
0
 70
0
280
1
281
0
  0
BLOCK_RECORD
  5
3B
330
9
100
AcDbSymbolTableRecord
100
AcDbBlockTableRecord
  2
_D_8
340
0
 70
0
280
1
281
0
  0
ENDTAB
  0
ENDSEC
  0
SECTION
  2
BLOCKS
  0
BLOCK
  5
18
330
17
100
AcDbEntity
  8
0
100
AcDbBlockBegin
  2
*Model_Space
 70
0
 10
0.0
 20
0.0
 30
0.0
  3
*Model_Space
  1

  0
ENDBLK
  5
19
330
17
100
AcDbEntity
  8
0
100
AcDbBlockEnd
  0
BLOCK
  5
1C
330
1B
100
AcDbEntity
  8
0
100
AcDbBlockBegin
  2
*Paper_Space
 70
0
 10
0.0
 20
0.0
 30
0.0
  3
*Paper_Space
  1

  0
ENDBLK
  5
1D
330
1B
100
AcDbEntity
  8
0
100
AcDbBlockEnd
  0
BLOCK
  5
12B
330
12A
100
AcDbEntity
  8
0
100
AcDbBlockBegin
  2
*D1
 70
1
 10
0.0
 20
0.0
 30
0.0
  3
*D1
  1

  0
SOLID
  5
12D
330
12A
100
AcDbEntity
  8
0
  6
Continuous
 62
7
370
18
100
AcDbTrace
 10
60.19251871224396
 20
202.3125615800961
 30
0.0
 11
63.49451871224396
 21
201.804561580096
 31
0.0
 12
63.49451871224396
 22
202.8205615800961
 32
0.0
 13
63.49451871224396
 23
202.8205615800961
 33
0.0
  0
SOLID
  5
12E
330
12A
100
AcDbEntity
  8
0
  6
Continuous
 62
7
370
18
100
AcDbTrace
 10
107.3925187122441
 20
202.3125615800961
 30
0.0
 11
104.0905187122441
 21
202.8205615800961
 31
0.0
 12
104.0905187122441
 22
201.804561580096
 32
0.0
 13
104.0905187122441
 23
201.804561580096
 33
0.0
  0
LINE
  5
12F
330
12A
100
AcDbEntity
  8
0
  6
Continuous
 62
7
370
0
100
AcDbLine
 10
60.19251871224396
 20
179.4008727969531
 30
0.0
 11
60.19251871224396
 21
203.3125615800961
 31
0.0
  0
LINE
  5
130
330
12A
100
AcDbEntity
  8
0
  6
Continuous
 62
7
370
0
100
AcDbLine
 10
107.3925187122441
 20
185.760872796953
 30
0.0
 11
107.3925187122441
 21
203.3125615800961
 31
0.0
  0
LINE
  5
131
330
12A
100
AcDbEntity
  8
0
  6
Continuous
 62
7
370
0
100
AcDbLine
 10
60.19251871224396
 20
202.3125615800961
 30
0.0
 11
107.3925187122441
 21
202.3125615800961
 31
0.0
  0
MTEXT
  5
132
330
12A
100
AcDbEntity
  8
0
  6
Continuous
 62
7
370
18
100
AcDbMText
 10
77.36189781150102
 20
206.8242984946749
 30
0.0
 40
3.5
 41
0.0
 46
0.0
 71
1
  1
118.00
  7
SLDTEXTSTYLE1
  0
ENDBLK
  5
12C
330
12A
100
AcDbEntity
  8
0
100
AcDbBlockEnd
  0
BLOCK
  5
135
330
134
100
AcDbEntity
  8
0
100
AcDbBlockBegin
  2
*D2
 70
1
 10
0.0
 20
0.0
 30
0.0
  3
*D2
  1

  0
SOLID
  5
137
330
134
100
AcDbEntity
  8
0
  6
Continuous
 62
7
370
18
100
AcDbTrace
 10
44.19251871224395
 20
193.120872796953
 30
0.0
 11
43.68451871224394
 21
189.818872796953
 31
0.0
 12
44.70051871224395
 22
189.818872796953
 32
0.0
 13
44.70051871224395
 23
189.818872796953
 33
0.0
  0
SOLID
  5
138
330
134
100
AcDbEntity
  8
0
  6
Continuous
 62
7
370
18
100
AcDbTrace
 10
44.19251871224395
 20
81.720872796953
 30
0.0
 11
44.70051871224396
 21
85.02287279695301
 31
0.0
 12
43.68451871224395
 22
85.02287279695301
 32
0.0
 13
43.68451871224395
 23
85.02287279695301
 33
0.0
  0
LINE
  5
139
330
134
100
AcDbEntity
  8
0
  6
Continuous
 62
7
370
0
100
AcDbLine
 10
83.99251871224408
 20
193.120872796953
 30
0.0
 11
43.19251871224395
 21
193.120872796953
 31
0.0
  0
LINE
  5
13A
330
134
100
AcDbEntity
  8
0
  6
Continuous
 62
7
370
0
100
AcDbLine
 10
82.89251871224391
 20
81.720872796953
 30
0.0
 11
43.19251871224395
 21
81.720872796953
 31
0.0
  0
LINE
  5
13B
330
134
100
AcDbEntity
  8
0
  6
Continuous
 62
7
370
0
100
AcDbLine
 10
44.19251871224395
 20
193.120872796953
 30
0.0
 11
44.19251871224395
 21
81.720872796953
 31
0.0
  0
MTEXT
  5
13C
330
134
100
AcDbEntity
  8
0
  6
Continuous
 62
7
370
18
100
AcDbMText
 10
39.68078179766513
 20
133.9897540859884
 30
0.0
 40
3.5
 41
0.0
 46
0.0
 71
1
  1
278.50
  7
SLDTEXTSTYLE1
 11
-7.044195017643634e-15
 21
1.0
 31
0.0
  0
ENDBLK
  5
136
330
134
100
AcDbEntity
  8
0
100
AcDbBlockEnd
  0
BLOCK
  5
13F
330
13E
100
AcDbEntity
  8
0
100
AcDbBlockBegin
  2
*D3
 70
1
 10
0.0
 20
0.0
 30
0.0
  3
*D3
  1

  0
SOLID
  5
141
330
13E
100
AcDbEntity
  8
0
  6
Continuous
 62
7
370
18
100
AcDbTrace
 10
121.2006707930897
 20
107.200872796953
 30
0.0
 11
121.7086707930897
 21
110.502872796953
 31
0.0
 12
120.6926707930897
 22
110.502872796953
 32
0.0
 13
120.6926707930897
 23
110.502872796953
 33
0.0
  0
SOLID
  5
142
330
13E
100
AcDbEntity
  8
0
  6
Continuous
 62
7
370
18
100
AcDbTrace
 10
121.2006707930897
 20
184.800872796953
 30
0.0
 11
120.6926707930897
 21
181.498872796953
 31
0.0
 12
121.7086707930897
 22
181.498872796953
 32
0.0
 13
121.7086707930897
 23
181.498872796953
 33
0.0
  0
LINE
  5
143
330
13E
100
AcDbEntity
  8
0
  6
Continuous
 62
7
370
0
100
AcDbLine
 10
103.9925187122439
 20
107.200872796953
 30
0.0
 11
122.2006707930897
 21
107.200872796953
 31
0.0
  0
LINE
  5
144
330
13E
100
AcDbEntity
  8
0
  6
Continuous
 62
7
370
0
100
AcDbLine
 10
108.3525187122441
 20
184.800872796953
 30
0.0
 11
122.2006707930897
 21
184.800872796953
 31
0.0
  0
LINE
  5
145
330
13E
100
AcDbEntity
  8
0
  6
Continuous
 62
7
370
0
100
AcDbLine
 10
121.2006707930897
 20
107.200872796953
 30
0.0
 11
121.2006707930897
 21
184.800872796953
 31
0.0
  0
MTEXT
  5
146
330
13E
100
AcDbEntity
  8
0
  6
Continuous
 62
7
370
18
100
AcDbMText
 10
116.6889338785108
 20
140.9655438484566
 30
0.0
 40
3.5
 41
0.0
 46
0.0
 71
1
  1
194.00
  7
SLDTEXTSTYLE1
 11
-1.608122649676637e-16
 21
1.0
 31
0.0
  0
ENDBLK
  5
140
330
13E
100
AcDbEntity
  8
0
100
AcDbBlockEnd
  0
BLOCK
  5
274
330
273
100
AcDbEntity
  8
0
100
AcDbBlockBegin
  2
*D4
 70
1
 10
0.0
 20
0.0
 30
0.0
  3
*D4
  1

  0
SOLID
  5
276
330
273
100
AcDbEntity
  8
0
  6
Continuous
 62
7
370
18
100
AcDbTrace
 10
143.1396041196009
 20
178.4008727969531
 30
0.0
 11
142.6316041196009
 21
175.0988727969531
 31
0.0
 12
143.6476041196009
 22
175.0988727969531
 32
0.0
 13
143.6476041196009
 23
175.0988727969531
 33
0.0
  0
SOLID
  5
277
330
273
100
AcDbEntity
  8
0
  6
Continuous
 62
7
370
18
100
AcDbTrace
 10
143.1396041196009
 20
142.4008727969531
 30
0.0
 11
143.6476041196009
 21
145.7028727969531
 31
0.0
 12
142.6316041196009
 22
145.7028727969531
 32
0.0
 13
142.6316041196009
 23
145.7028727969531
 33
0.0
  0
LINE
  5
278
330
273
100
AcDbEntity
  8
0
  6
Continuous
 62
7
370
0
100
AcDbLine
 10
154.1396041196013
 20
178.4008727969531
 30
0.0
 11
142.1396041196009
 21
178.4008727969531
 31
0.0
  0
LINE
  5
279
330
273
100
AcDbEntity
  8
0
  6
Continuous
 62
7
370
0
100
AcDbLine
 10
154.1396041196013
 20
142.4008727969531
 30
0.0
 11
142.1396041196009
 21
142.4008727969531
 31
0.0
  0
LINE
  5
27A
330
273
100
AcDbEntity
  8
0
  6
Continuous
 62
7
370
0
100
AcDbLine
 10
143.1396041196009
 20
178.4008727969531
 30
0.0
 11
143.1396041196009
 21
142.4008727969531
 31
0.0
  0
MTEXT
  5
27B
330
273
100
AcDbEntity
  8
0
  6
Continuous
 62
7
370
18
100
AcDbMText
 10
138.627867205022
 20
154.7241618908795
 30
0.0
 40
3.5
 41
0.0
 46
0.0
 71
1
  1
90.00
  7
SLDTEXTSTYLE1
 11
-7.044195017643634e-15
 21
1.0
 31
0.0
  0
ENDBLK
  5
275
330
273
100
AcDbEntity
  8
0
100
AcDbBlockEnd
  0
BLOCK
  5
27E
330
27D
100
AcDbEntity
  8
0
100
AcDbBlockBegin
  2
*D5
 70
1
 10
0.0
 20
0.0
 30
0.0
  3
*D5
  1

  0
SOLID
  5
280
330
27D
100
AcDbEntity
  8
0
  6
Continuous
 62
7
370
18
100
AcDbTrace
 10
157.1396041196013
 20
71.7208727969531
 30
0.0
 11
160.4416041196013
 21
71.2128727969531
 31
0.0
 12
160.4416041196013
 22
72.2288727969531
 32
0.0
 13
160.4416041196013
 23
72.2288727969531
 33
0.0
  0
SOLID
  5
281
330
27D
100
AcDbEntity
  8
0
  6
Continuous
 62
7
370
18
100
AcDbTrace
 10
217.1396041196013
 20
71.7208727969531
 30
0.0
 11
213.8376041196013
 21
72.2288727969531
 31
0.0
 12
213.8376041196013
 22
71.2128727969531
 32
0.0
 13
213.8376041196013
 23
71.2128727969531
 33
0.0
  0
LINE
  5
282
330
27D
100
AcDbEntity
  8
0
  6
Continuous
 62
7
370
0
100
AcDbLine
 10
157.1396041196013
 20
145.4008727969531
 30
0.0
 11
157.1396041196013
 21
70.7208727969531
 31
0.0
  0
LINE
  5
283
330
27D
100
AcDbEntity
  8
0
  6
Continuous
 62
7
370
0
100
AcDbLine
 10
217.1396041196013
 20
145.4008727969531
 30
0.0
 11
217.1396041196013
 21
70.7208727969531
 31
0.0
  0
LINE
  5
284
330
27D
100
AcDbEntity
  8
0
  6
Continuous
 62
7
370
0
100
AcDbLine
 10
157.1396041196013
 20
71.7208727969531
 30
0.0
 11
217.1396041196013
 21
71.7208727969531
 31
0.0
  0
MTEXT
  5
285
330
27D
100
AcDbEntity
  8
0
  6
Continuous
 62
7
370
18
100
AcDbMText
 10
178.9374889398963
 20
76.23260971153198
 30
0.0
 40
3.5
 41
0.0
 46
0.0
 71
1
  1
150.00
  7
SLDTEXTSTYLE1
  0
ENDBLK
  5
27F
330
27D
100
AcDbEntity
  8
0
100
AcDbBlockEnd
  0
BLOCK
  5
288
330
287
100
AcDbEntity
  8
0
100
AcDbBlockBegin
  2
*D6
 70
1
 10
0.0
 20
0.0
 30
0.0
  3
*D6
  1

  0
SOLID
  5
28A
330
287
100
AcDbEntity
  8
0
  6
Continuous
 62
7
370
18
100
AcDbTrace
 10
217.9174215789065
 20
145.6230553376479
 30
0.0
 11
219.8930779255417
 21
142.9289785013272
 31
0.0
 12
220.6114984152273
 22
143.6473989910127
 32
0.0
 13
220.6114984152273
 23
143.6473989910127
 33
0.0
  0
LINE
  5
28B
330
287
100
AcDbEntity
  8
0
  6
Continuous
 62
7
370
0
100
AcDbLine
 10
217.9174215789065
 20
145.6230553376479
 30
0.0
 11
234.7155949270793
 21
128.8248819894751
 31
0.0
  0
LINE
  5
28C
330
287
100
AcDbEntity
  8
0
  6
Continuous
 62
7
370
0
100
AcDbLine
 10
217.9174215789065
 20
145.6230553376479
 30
0.0
 11
216.3617866602962
 21
147.1786902562583
 31
0.0
  0
MTEXT
  5
28D
330
287
100
AcDbEntity
  8
0
  6
Continuous
 62
7
370
18
100
AcDbMText
 10
227.7492653530392
 20
142.1239886577029
 30
0.0
 40
3.5
 41
0.0
 46
0.0
 71
1
  1
%%c
  7
SLDTEXTSTYLE1
 11
0.7071067811865556
 21
-0.7071067811865395
 31
0.0
  0
MTEXT
  5
28E
330
287
100
AcDbEntity
  8
0
  6
Continuous
 62
7
370
18
100
AcDbMText
 10
231.5194947702193
 20
138.429380317965
 30
0.0
 40
3.5
 41
0.0
 46
0.0
 71
1
  1
5.50
  7
SLDTEXTSTYLE1
 11
0.7071067811865556
 21
-0.7071067811865395
 31
0.0
  0
ENDBLK
  5
289
330
287
100
AcDbEntity
  8
0
100
AcDbBlockEnd
  0
BLOCK
  5
291
330
290
100
AcDbEntity
  8
0
100
AcDbBlockBegin
  2
*D7
 70
1
 10
0.0
 20
0.0
 30
0.0
  3
*D7
  1

  0
SOLID
  5
293
330
290
100
AcDbEntity
  8
0
  6
Continuous
 62
7
370
18
100
AcDbTrace
 10
232.3450364943473
 20
174.4008727969531
 30
0.0
 11
231.8370364943473
 21
171.0988727969531
 31
0.0
 12
232.8530364943473
 22
171.0988727969531
 32
0.0
 13
232.8530364943473
 23
171.0988727969531
 33
0.0
  0
SOLID
  5
294
330
290
100
AcDbEntity
  8
0
  6
Continuous
 62
7
370
18
100
AcDbTrace
 10
232.3450364943473
 20
146.4008727969531
 30
0.0
 11
232.8530364943473
 21
149.7028727969531
 31
0.0
 12
231.8370364943473
 22
149.7028727969531
 32
0.0
 13
231.8370364943473
 23
149.7028727969531
 33
0.0
  0
LINE
  5
295
330
290
100
AcDbEntity
  8
0
  6
Continuous
 62
7
370
0
100
AcDbLine
 10
218.1396041196013
 20
174.4008727969531
 30
0.0
 11
233.3450364943473
 21
174.4008727969531
 31
0.0
  0
LINE
  5
296
330
290
100
AcDbEntity
  8
0
  6
Continuous
 62
7
370
0
100
AcDbLine
 10
218.1396041196013
 20
146.4008727969531
 30
0.0
 11
233.3450364943473
 21
146.4008727969531
 31
0.0
  0
LINE
  5
297
330
290
100
AcDbEntity
  8
0
  6
Continuous
 62
7
370
0
100
AcDbLine
 10
232.3450364943473
 20
174.4008727969531
 30
0.0
 11
232.3450364943473
 21
146.4008727969531
 31
0.0
  0
MTEXT
  5
298
330
290
100
AcDbEntity
  8
0
  6
Continuous
 62
7
370
18
100
AcDbMText
 10
227.8332995797685
 20
154.7241618908795
 30
0.0
 40
3.5
 41
0.0
 46
0.0
 71
1
  1
70.00
  7
SLDTEXTSTYLE1
 11
-7.044195017643634e-15
 21
1.0
 31
0.0
  0
ENDBLK
  5
292
330
290
100
AcDbEntity
  8
0
100
AcDbBlockEnd
  0
BLOCK
  5
29B
330
29A
100
AcDbEntity
  8
0
100
AcDbBlockBegin
  2
*D8
 70
1
 10
0.0
 20
0.0
 30
0.0
  3
*D8
  1

  0
SOLID
  5
29D
330
29A
100
AcDbEntity
  8
0
  6
Continuous
 62
7
370
18
100
AcDbTrace
 10
167.1396041196011
 20
200.0003896424567
 30
0.0
 11
170.4416041196011
 21
199.4923896424567
 31
0.0
 12
170.4416041196011
 22
200.5083896424567
 32
0.0
 13
170.4416041196011
 23
200.5083896424567
 33
0.0
  0
SOLID
  5
29E
330
29A
100
AcDbEntity
  8
0
  6
Continuous
 62
7
370
18
100
AcDbTrace
 10
207.1396041196011
 20
200.0003896424567
 30
0.0
 11
203.8376041196011
 21
200.5083896424567
 31
0.0
 12
203.8376041196011
 22
199.4923896424567
 32
0.0
 13
203.8376041196011
 23
199.4923896424567
 33
0.0
  0
LINE
  5
29F
330
29A
100
AcDbEntity
  8
0
  6
Continuous
 62
7
370
0
100
AcDbLine
 10
167.1396041196011
 20
185.7608727969531
 30
0.0
 11
167.1396041196011
 21
201.0003896424567
 31
0.0
  0
LINE
  5
2A0
330
29A
100
AcDbEntity
  8
0
  6
Continuous
 62
7
370
0
100
AcDbLine
 10
207.1396041196011
 20
185.7608727969531
 30
0.0
 11
207.1396041196011
 21
201.0003896424567
 31
0.0
  0
LINE
  5
2A1
330
29A
100
AcDbEntity
  8
0
  6
Continuous
 62
7
370
0
100
AcDbLine
 10
167.1396041196011
 20
200.0003896424567
 30
0.0
 11
207.1396041196011
 21
200.0003896424567
 31
0.0
  0
MTEXT
  5
2A2
330
29A
100
AcDbEntity
  8
0
  6
Continuous
 62
7
370
18
100
AcDbMText
 10
176.854073664795
 20
204.5121267316586
 30
0.0
 40
3.5
 41
0.0
 46
0.0
 71
1
  1
%%c
  7
SLDTEXTSTYLE1
  0
MTEXT
  5
2A3
330
29A
100
AcDbEntity
  8
0
  6
Continuous
 62
7
370
18
100
AcDbMText
 10
182.1325110631691
 20
204.5655989083185
 30
0.0
 40
3.5
 41
0.0
 46
0.0
 71
1
  1
100.00
  7
SLDTEXTSTYLE1
  0
ENDBLK
  5
29C
330
29A
100
AcDbEntity
  8
0
100
AcDbBlockEnd
  0
BLOCK
  5
462
330
461
100
AcDbEntity
  8
0
100
AcDbBlockBegin
  2
*D9
 70
1
 10
0.0
 20
0.0
 30
0.0
  3
*D9
  1

  0
SOLID
  5
464
330
461
100
AcDbEntity
  8
0
  6
Continuous
 62
7
370
18
100
AcDbTrace
 10
153.1396041196014
 20
270.1634639690829
 30
0.0
 11
156.4416041196014
 21
269.6554639690829
 31
0.0
 12
156.4416041196014
 22
270.6714639690829
 32
0.0
 13
156.4416041196014
 23
270.6714639690829
 33
0.0
  0
SOLID
  5
465
330
461
100
AcDbEntity
  8
0
  6
Continuous
 62
7
370
18
100
AcDbTrace
 10
221.1396041196014
 20
270.1634639690825
 30
0.0
 11
217.8376041196014
 21
270.6714639690825
 31
0.0
 12
217.8376041196014
 22
269.6554639690825
 32
0.0
 13
217.8376041196014
 23
269.6554639690825
 33
0.0
  0
LINE
  5
466
330
461
100
AcDbEntity
  8
0
  6
Continuous
 62
7
370
0
100
AcDbLine
 10
153.1396041196013
 20
264.9619974978236
 30
0.0
 11
153.1396041196014
 21
271.1634639690829
 31
0.0
  0
LINE
  5
467
330
461
100
AcDbEntity
  8
0
  6
Continuous
 62
7
370
0
100
AcDbLine
 10
221.1396041196014
 20
264.9619974978232
 30
0.0
 11
221.1396041196014
 21
271.1634639690825
 31
0.0
  0
LINE
  5
468
330
461
100
AcDbEntity
  8
0
  6
Continuous
 62
7
370
0
100
AcDbLine
 10
153.1396041196014
 20
270.1634639690829
 30
0.0
 11
221.1396041196014
 21
270.1634639690825
 31
0.0
  0
MTEXT
  5
469
330
461
100
AcDbEntity
  8
0
  6
Continuous
 62
7
370
18
100
AcDbMText
 10
181.2935958763449
 20
274.6752008836616
 30
0.0
 40
3.5
 41
0.0
 46
0.0
 71
1
  1
170.00
  7
SLDTEXTSTYLE1
  0
ENDBLK
  5
463
330
461
100
AcDbEntity
  8
0
100
AcDbBlockEnd
  0
BLOCK
  5
46A
330
31
100
AcDbEntity
  8
0
100
AcDbBlockBegin
  2
_D
 70
0
 10
0.0
 20
0.0
 30
0.0
  3
_D
  1

  0
SOLID
  5
46C
330
31
100
AcDbEntity
  8
0
  6
Continuous
 62
7
370
18
100
AcDbTrace
 10
150.4812967806099
 20
505.78140395024025
 30
0.0
 11
158.7362967806099
 21
504.51140395024
 31
0.0
 12
158.7362967806099
 22
507.0514039502402
 32
0.0
 13
158.7362967806099
 23
507.0514039502402
 33
0.0
  0
SOLID
  5
46D
330
31
100
AcDbEntity
  8
0
  6
Continuous
 62
7
370
18
100
AcDbTrace
 10
268.48129678061025
 20
505.78140395024025
 30
0.0
 11
260.22629678061026
 21
507.0514039502402
 31
0.0
 12
260.22629678061026
 22
504.51140395024
 32
0.0
 13
260.22629678061026
 23
504.51140395024
 33
0.0
  0
LINE
  5
46E
330
31
100
AcDbEntity
  8
0
  6
Continuous
 62
7
370
0
100
AcDbLine
 10
150.4812967806099
 20
448.50218199238276
 30
0.0
 11
150.4812967806099
 21
508.28140395024025
 31
0.0
  0
LINE
  5
46F
330
31
100
AcDbEntity
  8
0
  6
Continuous
 62
7
370
0
100
AcDbLine
 10
268.48129678061025
 20
464.4021819923825
 30
0.0
 11
268.48129678061025
 21
508.28140395024025
 31
0.0
  0
LINE
  5
470
330
31
100
AcDbEntity
  8
0
  6
Continuous
 62
7
370
0
100
AcDbLine
 10
150.4812967806099
 20
505.78140395024025
 30
0.0
 11
268.48129678061025
 21
505.78140395024025
 31
0.0
  0
MTEXT
  5
471
330
31
100
AcDbEntity
  8
0
  6
Continuous
 62
7
370
18
100
AcDbMText
 10
193.40474452875256
 20
517.0607462366872
 30
0.0
 40
8.75
 41
0.0
 46
0.0
 71
1
  1
118.00
  7
SLDTEXTSTYLE1
 11
2.5
 21
0.0
 31
0.0
  0
ENDBLK
  5
46B
330
31
100
AcDbEntity
  8
0
100
AcDbBlockEnd
  0
BLOCK
  5
472
330
32
100
AcDbEntity
  8
0
100
AcDbBlockBegin
  2
_D_1
 70
0
 10
0.0
 20
0.0
 30
0.0
  3
_D_1
  1

  0
SOLID
  5
474
330
32
100
AcDbEntity
  8
0
  6
Continuous
 62
7
370
18
100
AcDbTrace
 10
110.48129678060988
 20
482.8021819923825
 30
0.0
 11
109.21129678060986
 21
474.5471819923825
 31
0.0
 12
111.75129678060986
 22
474.5471819923825
 32
0.0
 13
111.75129678060986
 23
474.5471819923825
 33
0.0
  0
SOLID
  5
475
330
32
100
AcDbEntity
  8
0
  6
Continuous
 62
7
370
18
100
AcDbTrace
 10
110.48129678060988
 20
204.30218199238251
 30
0.0
 11
111.7512967806099
 21
212.55718199238254
 31
0.0
 12
109.21129678060987
 22
212.55718199238254
 32
0.0
 13
109.21129678060987
 23
212.55718199238254
 33
0.0
  0
LINE
  5
476
330
32
100
AcDbEntity
  8
0
  6
Continuous
 62
7
370
0
100
AcDbLine
 10
209.9812967806102
 20
482.8021819923825
 30
0.0
 11
107.98129678060988
 21
482.8021819923825
 31
0.0
  0
LINE
  5
477
330
32
100
AcDbEntity
  8
0
  6
Continuous
 62
7
370
0
100
AcDbLine
 10
207.2312967806098
 20
204.30218199238251
 30
0.0
 11
107.98129678060988
 21
204.30218199238251
 31
0.0
  0
LINE
  5
478
330
32
100
AcDbEntity
  8
0
  6
Continuous
 62
7
370
0
100
AcDbLine
 10
110.48129678060988
 20
482.8021819923825
 30
0.0
 11
110.48129678060988
 21
204.30218199238251
 31
0.0
  0
MTEXT
  5
479
330
32
100
AcDbEntity
  8
0
  6
Continuous
 62
7
370
18
100
AcDbMText
 10
99.20195449416282
 20
334.974385214971
 30
0.0
 40
8.75
 41
0.0
 46
0.0
 71
1
  1
278.50
  7
SLDTEXTSTYLE1
 11
-1.7610487544109086e-14
 21
2.5
 31
0.0
  0
ENDBLK
  5
473
330
32
100
AcDbEntity
  8
0
100
AcDbBlockEnd
  0
BLOCK
  5
47A
330
33
100
AcDbEntity
  8
0
100
AcDbBlockBegin
  2
_D_2
 70
0
 10
0.0
 20
0.0
 30
0.0
  3
_D_2
  1

  0
SOLID
  5
47C
330
33
100
AcDbEntity
  8
0
  6
Continuous
 62
7
370
18
100
AcDbTrace
 10
303.00167698272423
 20
268.00218199238253
 30
0.0
 11
304.2716769827242
 21
276.25718199238247
 31
0.0
 12
301.73167698272425
 22
276.25718199238247
 32
0.0
 13
301.73167698272425
 23
276.25718199238247
 33
0.0
  0
SOLID
  5
47D
330
33
100
AcDbEntity
  8
0
  6
Continuous
 62
7
370
18
100
AcDbTrace
 10
303.00167698272423
 20
462.0021819923825
 30
0.0
 11
301.73167698272425
 21
453.74718199238254
 31
0.0
 12
304.2716769827242
 22
453.74718199238254
 32
0.0
 13
304.2716769827242
 23
453.74718199238254
 33
0.0
  0
LINE
  5
47E
330
33
100
AcDbEntity
  8
0
  6
Continuous
 62
7
370
0
100
AcDbLine
 10
259.9812967806098
 20
268.00218199238253
 30
0.0
 11
305.50167698272423
 21
268.00218199238253
 31
0.0
  0
LINE
  5
47F
330
33
100
AcDbEntity
  8
0
  6
Continuous
 62
7
370
0
100
AcDbLine
 10
270.8812967806103
 20
462.0021819923825
 30
0.0
 11
305.50167698272423
 21
462.0021819923825
 31
0.0
  0
LINE
  5
480
330
33
100
AcDbEntity
  8
0
  6
Continuous
 62
7
370
0
100
AcDbLine
 10
303.00167698272423
 20
268.00218199238253
 30
0.0
 11
303.00167698272423
 21
462.0021819923825
 31
0.0
  0
MTEXT
  5
481
330
33
100
AcDbEntity
  8
0
  6
Continuous
 62
7
370
18
100
AcDbMText
 10
291.722334696277
 20
352.4138596211415
 30
0.0
 40
8.75
 41
0.0
 46
0.0
 71
1
  1
194.00
  7
SLDTEXTSTYLE1
 11
-4.020306624191593e-16
 21
2.5
 31
0.0
  0
ENDBLK
  5
47B
330
33
100
AcDbEntity
  8
0
100
AcDbBlockEnd
  0
BLOCK
  5
482
330
34
100
AcDbEntity
  8
0
100
AcDbBlockBegin
  2
_D_3
 70
0
 10
0.0
 20
0.0
 30
0.0
  3
_D_3
  1

  0
SOLID
  5
484
330
34
100
AcDbEntity
  8
0
  6
Continuous
 62
7
370
18
100
AcDbTrace
 10
357.84901029900226
 20
446.00218199238276
 30
0.0
 11
356.5790102990022
 21
437.7471819923827
 31
0.0
 12
359.1190102990023
 22
437.7471819923827
 32
0.0
 13
359.1190102990023
 23
437.7471819923827
 33
0.0
  0
SOLID
  5
485
330
34
100
AcDbEntity
  8
0
  6
Continuous
 62
7
370
18
100
AcDbTrace
 10
357.84901029900226
 20
356.00218199238276
 30
0.0
 11
359.1190102990023
 21
364.25718199238275
 31
0.0
 12
356.5790102990022
 22
364.25718199238275
 32
0.0
 13
356.5790102990022
 23
364.25718199238275
 33
0.0
  0
LINE
  5
486
330
34
100
AcDbEntity
  8
0
  6
Continuous
 62
7
370
0
100
AcDbLine
 10
385.3490102990032
 20
446.00218199238276
 30
0.0
 11
355.34901029900226
 21
446.00218199238276
 31
0.0
  0
LINE
  5
487
330
34
100
AcDbEntity
  8
0
  6
Continuous
 62
7
370
0
100
AcDbLine
 10
385.3490102990032
 20
356.00218199238276
 30
0.0
 11
355.34901029900226
 21
356.00218199238276
 31
0.0
  0
LINE
  5
488
330
34
100
AcDbEntity
  8
0
  6
Continuous
 62
7
370
0
100
AcDbLine
 10
357.84901029900226
 20
446.00218199238276
 30
0.0
 11
357.84901029900226
 21
356.00218199238276
 31
0.0
  0
MTEXT
  5
489
330
34
100
AcDbEntity
  8
0
  6
Continuous
 62
7
370
18
100
AcDbMText
 10
346.569668012555
 20
386.8104047271987
 30
0.0
 40
8.75
 41
0.0
 46
0.0
 71
1
  1
90.00
  7
SLDTEXTSTYLE1
 11
-1.7610487544109086e-14
 21
2.5
 31
0.0
  0
ENDBLK
  5
483
330
34
100
AcDbEntity
  8
0
100
AcDbBlockEnd
  0
BLOCK
  5
48A
330
35
100
AcDbEntity
  8
0
100
AcDbBlockBegin
  2
_D_4
 70
0
 10
0.0
 20
0.0
 30
0.0
  3
_D_4
  1

  0
SOLID
  5
48C
330
35
100
AcDbEntity
  8
0
  6
Continuous
 62
7
370
18
100
AcDbTrace
 10
392.8490102990032
 20
179.30218199238277
 30
0.0
 11
401.1040102990032
 21
178.03218199238276
 31
0.0
 12
401.1040102990032
 22
180.57218199238275
 32
0.0
 13
401.1040102990032
 23
180.57218199238275
 33
0.0
  0
SOLID
  5
48D
330
35
100
AcDbEntity
  8
0
  6
Continuous
 62
7
370
18
100
AcDbTrace
 10
542.8490102990032
 20
179.30218199238277
 30
0.0
 11
534.5940102990032
 21
180.57218199238275
 31
0.0
 12
534.5940102990032
 22
178.03218199238276
 32
0.0
 13
534.5940102990032
 23
178.03218199238276
 33
0.0
  0
LINE
  5
48E
330
35
100
AcDbEntity
  8
0
  6
Continuous
 62
7
370
0
100
AcDbLine
 10
392.8490102990032
 20
363.50218199238276
 30
0.0
 11
392.8490102990032
 21
176.80218199238277
 31
0.0
  0
LINE
  5
48F
330
35
100
AcDbEntity
  8
0
  6
Continuous
 62
7
370
0
100
AcDbLine
 10
542.8490102990032
 20
363.50218199238276
 30
0.0
 11
542.8490102990032
 21
176.80218199238277
 31
0.0
  0
LINE
  5
490
330
35
100
AcDbEntity
  8
0
  6
Continuous
 62
7
370
0
100
AcDbLine
 10
392.8490102990032
 20
179.30218199238277
 30
0.0
 11
542.8490102990032
 21
179.30218199238277
 31
0.0
  0
MTEXT
  5
491
330
35
100
AcDbEntity
  8
0
  6
Continuous
 62
7
370
18
100
AcDbMText
 10
447.34372234974074
 20
190.58152427882993
 30
0.0
 40
8.75
 41
0.0
 46
0.0
 71
1
  1
150.00
  7
SLDTEXTSTYLE1
 11
2.5
 21
0.0
 31
0.0
  0
ENDBLK
  5
48B
330
35
100
AcDbEntity
  8
0
100
AcDbBlockEnd
  0
BLOCK
  5
492
330
37
100
AcDbEntity
  8
0
100
AcDbBlockBegin
  2
_None
 70
0
 10
0.0
 20
0.0
 30
0.0
  3
_None
  1

  0
ENDBLK
  5
493
330
37
100
AcDbEntity
  8
0
100
AcDbBlockEnd
  0
BLOCK
  5
494
330
38
100
AcDbEntity
  8
0
100
AcDbBlockBegin
  2
_D_5
 70
0
 10
0.0
 20
0.0
 30
0.0
  3
_D_5
  1

  0
SOLID
  5
496
330
38
100
AcDbEntity
  8
0
  6
Continuous
 62
7
370
18
100
AcDbTrace
 10
544.7935539472662
 20
364.05763834411977
 30
0.0
 11
549.7326948138542
 21
357.32244625331805
 31
0.0
 12
551.5287460380682
 22
359.1184974775317
 32
0.0
 13
551.5287460380682
 23
359.1184974775317
 33
0.0
  0
LINE
  5
497
330
38
100
AcDbEntity
  8
0
  6
Continuous
 62
7
370
0
100
AcDbLine
 10
544.7935539472662
 20
364.05763834411977
 30
0.0
 11
586.7889873176982
 21
322.06220497368776
 31
0.0
  0
LINE
  5
498
330
38
100
AcDbEntity
  8
0
  6
Continuous
 62
7
370
0
100
AcDbLine
 10
544.7935539472662
 20
364.05763834411977
 30
0.0
 11
540.9044666507405
 21
367.94672564064575
 31
0.0
  0
MTEXT
  5
499
330
38
100
AcDbEntity
  8
0
  6
Continuous
 62
7
370
18
100
AcDbMText
 10
569.373163382598
 20
355.3099716442573
 30
0.0
 40
8.75
 41
0.0
 46
0.0
 71
1
  1
%%c
  7
SLDTEXTSTYLE1
 11
1.7677669529663889
 21
-1.7677669529663487
 31
0.0
  0
MTEXT
  5
49A
330
38
100
AcDbEntity
  8
0
  6
Continuous
 62
7
370
18
100
AcDbMText
 10
578.7987369255483
 20
346.07345079491256
 30
0.0
 40
8.75
 41
0.0
 46
0.0
 71
1
  1
5.50
  7
SLDTEXTSTYLE1
 11
1.7677669529663889
 21
-1.7677669529663487
 31
0.0
  0
ENDBLK
  5
495
330
38
100
AcDbEntity
  8
0
100
AcDbBlockEnd
  0
BLOCK
  5
49B
330
39
100
AcDbEntity
  8
0
100
AcDbBlockBegin
  2
_D_6
 70
0
 10
0.0
 20
0.0
 30
0.0
  3
_D_6
  1

  0
SOLID
  5
49D
330
39
100
AcDbEntity
  8
0
  6
Continuous
 62
7
370
18
100
AcDbTrace
 10
580.8625912358683
 20
436.00218199238276
 30
0.0
 11
579.5925912358682
 21
427.7471819923827
 31
0.0
 12
582.1325912358682
 22
427.7471819923827
 32
0.0
 13
582.1325912358682
 23
427.7471819923827
 33
0.0
  0
SOLID
  5
49E
330
39
100
AcDbEntity
  8
0
  6
Continuous
 62
7
370
18
100
AcDbTrace
 10
580.8625912358683
 20
366.00218199238276
 30
0.0
 11
582.1325912358682
 21
374.25718199238275
 31
0.0
 12
579.5925912358682
 22
374.25718199238275
 32
0.0
 13
579.5925912358682
 23
374.25718199238275
 33
0.0
  0
LINE
  5
49F
330
39
100
AcDbEntity
  8
0
  6
Continuous
 62
7
370
0
100
AcDbLine
 10
545.3490102990032
 20
436.00218199238276
 30
0.0
 11
583.3625912358683
 21
436.00218199238276
 31
0.0
  0
LINE
  5
4A0
330
39
100
AcDbEntity
  8
0
  6
Continuous
 62
7
370
0
100
AcDbLine
 10
545.3490102990032
 20
366.00218199238276
 30
0.0
 11
583.3625912358683
 21
366.00218199238276
 31
0.0
  0
LINE
  5
4A1
330
39
100
AcDbEntity
  8
0
  6
Continuous
 62
7
370
0
100
AcDbLine
 10
580.8625912358683
 20
436.00218199238276
 30
0.0
 11
580.8625912358683
 21
366.00218199238276
 31
0.0
  0
MTEXT
  5
4A2
330
39
100
AcDbEntity
  8
0
  6
Continuous
 62
7
370
18
100
AcDbMText
 10
569.5832489494212
 20
386.8104047271987
 30
0.0
 40
8.75
 41
0.0
 46
0.0
 71
1
  1
70.00
  7
SLDTEXTSTYLE1
 11
-1.7610487544109086e-14
 21
2.5
 31
0.0
  0
ENDBLK
  5
49C
330
39
100
AcDbEntity
  8
0
100
AcDbBlockEnd
  0
BLOCK
  5
4A3
330
3A
100
AcDbEntity
  8
0
100
AcDbBlockBegin
  2
_D_7
 70
0
 10
0.0
 20
0.0
 30
0.0
  3
_D_7
  1

  0
SOLID
  5
4A5
330
3A
100
AcDbEntity
  8
0
  6
Continuous
 62
7
370
18
100
AcDbTrace
 10
417.84901029900277
 20
500.0009741061417
 30
0.0
 11
426.10401029900277
 21
498.73097410614173
 31
0.0
 12
426.10401029900277
 22
501.27097410614175
 32
0.0
 13
426.10401029900277
 23
501.27097410614175
 33
0.0
  0
SOLID
  5
4A6
330
3A
100
AcDbEntity
  8
0
  6
Continuous
 62
7
370
18
100
AcDbTrace
 10
517.8490102990028
 20
500.0009741061417
 30
0.0
 11
509.5940102990028
 21
501.27097410614175
 31
0.0
 12
509.5940102990028
 22
498.73097410614173
 32
0.0
 13
509.5940102990028
 23
498.73097410614173
 33
0.0
  0
LINE
  5
4A7
330
3A
100
AcDbEntity
  8
0
  6
Continuous
 62
7
370
0
100
AcDbLine
 10
417.84901029900277
 20
464.40218199238274
 30
0.0
 11
417.84901029900277
 21
502.5009741061417
 31
0.0
  0
LINE
  5
4A8
330
3A
100
AcDbEntity
  8
0
  6
Continuous
 62
7
370
0
100
AcDbLine
 10
517.8490102990028
 20
464.40218199238274
 30
0.0
 11
517.8490102990028
 21
502.5009741061417
 31
0.0
  0
LINE
  5
4A9
330
3A
100
AcDbEntity
  8
0
  6
Continuous
 62
7
370
0
100
AcDbLine
 10
417.84901029900277
 20
500.0009741061417
 30
0.0
 11
517.8490102990028
 21
500.0009741061417
 31
0.0
  0
MTEXT
  5
4AA
330
3A
100
AcDbEntity
  8
0
  6
Continuous
 62
7
370
18
100
AcDbMText
 10
442.1351841619875
 20
511.2803168291465
 30
0.0
 40
8.75
 41
0.0
 46
0.0
 71
1
  1
%%c
  7
SLDTEXTSTYLE1
 11
2.5
 21
0.0
 31
0.0
  0
MTEXT
  5
4AB
330
3A
100
AcDbEntity
  8
0
  6
Continuous
 62
7
370
18
100
AcDbMText
 10
455.3312776579227
 20
511.41399727079624
 30
0.0
 40
8.75
 41
0.0
 46
0.0
 71
1
  1
100.00
  7
SLDTEXTSTYLE1
 11
2.5
 21
0.0
 31
0.0
  0
ENDBLK
  5
4A4
330
3A
100
AcDbEntity
  8
0
100
AcDbBlockEnd
  0
BLOCK
  5
4AC
330
3B
100
AcDbEntity
  8
0
100
AcDbBlockBegin
  2
_D_8
 70
0
 10
0.0
 20
0.0
 30
0.0
  3
_D_8
  1

  0
SOLID
  5
4AE
330
3B
100
AcDbEntity
  8
0
  6
Continuous
 62
7
370
18
100
AcDbTrace
 10
382.84901029900345
 20
675.4086599227072
 30
0.0
 11
391.1040102990035
 21
674.1386599227073
 31
0.0
 12
391.1040102990035
 22
676.6786599227072
 32
0.0
 13
391.1040102990035
 23
676.6786599227072
 33
0.0
  0
SOLID
  5
4AF
330
3B
100
AcDbEntity
  8
0
  6
Continuous
 62
7
370
18
100
AcDbTrace
 10
552.8490102990035
 20
675.4086599227062
 30
0.0
 11
544.5940102990035
 21
676.6786599227062
 31
0.0
 12
544.5940102990035
 22
674.1386599227063
 32
0.0
 13
544.5940102990035
 23
674.1386599227063
 33
0.0
  0
LINE
  5
4B0
330
3B
100
AcDbEntity
  8
0
  6
Continuous
 62
7
370
0
100
AcDbLine
 10
382.8490102990032
 20
662.404993744559
 30
0.0
 11
382.84901029900345
 21
677.9086599227072
 31
0.0
  0
LINE
  5
4B1
330
3B
100
AcDbEntity
  8
0
  6
Continuous
 62
7
370
0
100
AcDbLine
 10
552.8490102990035
 20
662.4049937445579
 30
0.0
 11
552.8490102990035
 21
677.9086599227062
 31
0.0
  0
LINE
  5
4B2
330
3B
100
AcDbEntity
  8
0
  6
Continuous
 62
7
370
0
100
AcDbLine
 10
382.84901029900345
 20
675.4086599227072
 30
0.0
 11
552.8490102990035
 21
675.4086599227062
 31
0.0
  0
MTEXT
  5
4B3
330
3B
100
AcDbEntity
  8
0
  6
Continuous
 62
7
370
18
100
AcDbMText
 10
453.23398969086224
 20
686.688002209154
 30
0.0
 40
8.75
 41
0.0
 46
0.0
 71
1
  1
170.00
  7
SLDTEXTSTYLE1
 11
2.5
 21
0.0
 31
0.0
  0
ENDBLK
  5
4AD
330
3B
100
AcDbEntity
  8
0
100
AcDbBlockEnd
  0
ENDSEC
  0
SECTION
  2
ENTITIES
  0
ARC
  5
3C
330
17
100
AcDbEntity
  8
0
  6
Continuous
 62
7
370
25
100
AcDbCircle
 10
248.3582087151912
 20
327.90218199238245
 30
0.0
 40
0.09999999999998
100
AcDbArc
 50
90.0
 51
180.0
  0
ARC
  5
3D
330
17
100
AcDbEntity
  8
0
  6
Continuous
 62
7
370
25
100
AcDbCircle
 10
253.65820871519128
 20
327.90218199238245
 30
0.0
 40
0.09999999999998
100
AcDbArc
 50
0.0
 51
90.0
  0
LINE
  5
3E
330
17
100
AcDbEntity
  8
0
  6
Continuous
 62
7
370
25
100
AcDbLine
 10
253.75820871519124
 20
325.1021819923825
 30
0.0
 11
253.75820871519124
 21
327.90218199238245
 31
0.0
  0
LINE
  5
3F
330
17
100
AcDbEntity
  8
0
  6
Continuous
 62
7
370
25
100
AcDbLine
 10
248.25820871519124
 20
327.90218199238245
 30
0.0
 11
248.25820871519124
 21
325.1021819923825
 31
0.0
  0
ARC
  5
40
330
17
100
AcDbEntity
  8
0
  6
Continuous
 62
7
370
25
100
AcDbCircle
 10
248.3582087151912
 20
325.1021819923825
 30
0.0
 40
0.09999999999998
100
AcDbArc
 50
180.0
 51
-89.9999999999993
  0
ARC
  5
41
330
17
100
AcDbEntity
  8
0
  6
Continuous
 62
7
370
25
100
AcDbCircle
 10
253.65820871519128
 20
325.1021819923825
 30
0.0
 40
0.09999999999998
100
AcDbArc
 50
-89.9999999999993
 51
0.0
  0
ARC
  5
42
330
17
100
AcDbEntity
  8
0
  6
Continuous
 62
7
370
25
100
AcDbCircle
 10
183.30438484602897
 20
327.90218199238245
 30
0.0
 40
0.10000000000001576
100
AcDbArc
 50
90.0
 51
180.0
  0
ARC
  5
43
330
17
100
AcDbEntity
  8
0
  6
Continuous
 62
7
370
25
100
AcDbCircle
 10
188.60438484602895
 20
327.90218199238245
 30
0.0
 40
0.10000000000001576
100
AcDbArc
 50
0.0
 51
90.0
  0
LINE
  5
44
330
17
100
AcDbEntity
  8
0
  6
Continuous
 62
7
370
25
100
AcDbLine
 10
188.70438484602897
 20
325.1021819923825
 30
0.0
 11
188.70438484602897
 21
327.90218199238245
 31
0.0
  0
LINE
  5
45
330
17
100
AcDbEntity
  8
0
  6
Continuous
 62
7
370
25
100
AcDbLine
 10
183.20438484602897
 20
327.90218199238245
 30
0.0
 11
183.20438484602897
 21
325.1021819923825
 31
0.0
  0
ARC
  5
46
330
17
100
AcDbEntity
  8
0
  6
Continuous
 62
7
370
25
100
AcDbCircle
 10
183.30438484602897
 20
325.1021819923825
 30
0.0
 40
0.10000000000001576
100
AcDbArc
 50
180.0
 51
-89.9999999999993
  0
ARC
  5
47
330
17
100
AcDbEntity
  8
0
  6
Continuous
 62
7
370
25
100
AcDbCircle
 10
188.60438484602895
 20
325.1021819923825
 30
0.0
 40
0.10000000000001576
100
AcDbArc
 50
-89.9999999999993
 51
0.0
  0
LINE
  5
48
330
17
100
AcDbEntity
  8
0
  6
Continuous
 62
7
370
25
100
AcDbLine
 10
187.93129678060984
 20
249.60218199238255
 30
0.0
 11
187.93129678060984
 21
246.60218199238258
 31
0.0
  0
LINE
  5
49
330
17
100
AcDbEntity
  8
0
  6
Continuous
 62
7
370
25
100
AcDbLine
 10
187.93129678060984
 20
252.6021819923825
 30
0.0
 11
187.93129678060984
 21
251.1021819923825
 31
0.0
  0
LINE
  5
4A
330
17
100
AcDbEntity
  8
0
  6
Continuous
 62
7
370
25
100
AcDbLine
 10
188.43129678060987
 20
251.1021819923825
 30
0.0
 11
188.43129678060987
 21
249.60218199238255
 31
0.0
  0
LINE
  5
4B
330
17
100
AcDbEntity
  8
0
  6
Continuous
 62
7
370
25
100
AcDbLine
 10
204.67582077604982
 20
267.8898735112518
 30
0.0
 11
204.48129678061036
 21
268.00218199238253
 31
0.0
  0
LINE
  5
4C
330
17
100
AcDbEntity
  8
0
  6
Continuous
 62
7
370
25
100
AcDbLine
 10
204.48129678060994
 20
252.6021819923825
 30
0.0
 11
204.66997479753473
 21
252.68369473158774
 31
0.0
  0
LINE
  5
4D
330
17
100
AcDbEntity
  8
0
  6
Continuous
 62
7
370
25
100
AcDbLine
 10
204.03129678060986
 20
251.1021819923825
 30
0.0
 11
204.03129678060986
 21
252.6021819923825
 31
0.0
  0
LINE
  5
4E
330
17
100
AcDbEntity
  8
0
  6
Continuous
 62
7
370
25
100
AcDbLine
 10
204.03129678060986
 20
246.60218199238258
 30
0.0
 11
204.03129678060986
 21
249.60218199238255
 31
0.0
  0
LINE
  5
4F
330
17
100
AcDbEntity
  8
0
  6
Continuous
 62
7
370
25
100
AcDbLine
 10
203.53129678060986
 20
249.60218199238255
 30
0.0
 11
203.53129678060986
 21
251.1021819923825
 31
0.0
  0
LINE
  5
50
330
17
100
AcDbEntity
  8
0
  6
Continuous
 62
7
370
25
100
AcDbLine
 10
187.29261876278144
 20
252.683694731978
 30
0.0
 11
187.48129678060974
 21
252.6021819923825
 31
0.0
  0
LINE
  5
51
330
17
100
AcDbEntity
  8
0
  6
Continuous
 62
7
370
25
100
AcDbLine
 10
187.48129678060934
 20
268.00218199238253
 30
0.0
 11
187.28677278581108
 21
267.889873511622
 31
0.0
  0
LINE
  5
52
330
17
100
AcDbEntity
  8
0
  6
Continuous
 62
7
370
25
100
AcDbLine
 10
235.88129678060983
 20
248.5021819923826
 30
0.0
 11
233.48129678060985
 21
248.5021819923826
 31
0.0
  0
LINE
  5
53
330
17
100
AcDbEntity
  8
0
  6
Continuous
 62
7
370
25
100
AcDbLine
 10
233.48129678060985
 20
224.50218199238253
 30
0.0
 11
235.88129678060983
 21
224.50218199238253
 31
0.0
  0
LINE
  5
54
330
17
100
AcDbEntity
  8
0
  6
Continuous
 62
7
370
25
100
AcDbLine
 10
235.88129678060983
 20
226.75218199238256
 30
0.0
 11
248.98129678060985
 21
226.75218199238256
 31
0.0
  0
LINE
  5
55
330
17
100
AcDbEntity
  8
0
  6
Continuous
 62
7
370
25
100
AcDbLine
 10
248.98129678060985
 20
246.25218199238253
 30
0.0
 11
235.88129678060983
 21
246.25218199238253
 31
0.0
  0
LINE
  5
56
330
17
100
AcDbEntity
  8
0
  6
Continuous
 62
7
370
25
100
AcDbLine
 10
227.23129678060985
 20
204.30218199238257
 30
0.0
 11
227.23129678060985
 21
205.30218199238251
 31
0.0
  0
LINE
  5
57
330
17
100
AcDbEntity
  8
0
  6
Continuous
 62
7
370
25
100
AcDbLine
 10
209.73129678060982
 20
205.30218199238251
 30
0.0
 11
209.73129678060982
 21
204.30218199238257
 31
0.0
  0
LINE
  5
58
330
17
100
AcDbEntity
  8
0
  6
Continuous
 62
7
370
25
100
AcDbLine
 10
227.23129678060985
 20
207.55618199238253
 30
0.0
 11
227.23129678060985
 21
217.3021819923826
 31
0.0
  0
LINE
  5
59
330
17
100
AcDbEntity
  8
0
  6
Continuous
 62
7
370
25
100
AcDbLine
 10
209.73129678060982
 20
217.3021819923826
 30
0.0
 11
209.73129678060982
 21
207.55618199238253
 31
0.0
  0
LINE
  5
5A
330
17
100
AcDbEntity
  8
0
  6
Continuous
 62
7
370
25
100
AcDbLine
 10
227.23129678060985
 20
255.70218199238252
 30
0.0
 11
227.23129678060985
 21
260.3021819923825
 31
0.0
  0
LINE
  5
5B
330
17
100
AcDbEntity
  8
0
  6
Continuous
 62
7
370
25
100
AcDbLine
 10
209.73129678060985
 20
260.3021819923825
 30
0.0
 11
209.73129678060985
 21
255.70218199238252
 31
0.0
  0
LINE
  5
5C
330
17
100
AcDbEntity
  8
0
  6
Continuous
 62
7
370
25
100
AcDbLine
 10
225.83129678060982
 20
206.26818199238255
 30
0.0
 11
225.83129678060982
 21
207.55618199238253
 31
0.0
  0
LINE
  5
5D
330
17
100
AcDbEntity
  8
0
  6
Continuous
 62
7
370
25
100
AcDbLine
 10
211.13129678060983
 20
207.55618199238253
 30
0.0
 11
211.13129678060983
 21
206.26818199238255
 31
0.0
  0
LINE
  5
5E
330
17
100
AcDbEntity
  8
0
  6
Continuous
 62
7
370
25
100
AcDbLine
 10
208.98129678060982
 20
243.70218199238255
 30
0.0
 11
207.98129678060985
 21
243.70218199238255
 31
0.0
  0
LINE
  5
5F
330
17
100
AcDbEntity
  8
0
  6
Continuous
 62
7
370
25
100
AcDbLine
 10
207.98129678060985
 20
229.30218199238254
 30
0.0
 11
208.98129678060982
 21
229.30218199238254
 31
0.0
  0
LINE
  5
60
330
17
100
AcDbEntity
  8
0
  6
Continuous
 62
7
370
25
100
AcDbLine
 10
224.60629678060985
 20
205.30218199238251
 30
0.0
 11
224.60629678060985
 21
206.26818199238255
 31
0.0
  0
LINE
  5
61
330
17
100
AcDbEntity
  8
0
  6
Continuous
 62
7
370
25
100
AcDbLine
 10
212.35629678060985
 20
206.26818199238255
 30
0.0
 11
212.35629678060985
 21
205.30218199238251
 31
0.0
  0
LINE
  5
62
330
17
100
AcDbEntity
  8
0
  6
Continuous
 62
7
370
25
100
AcDbLine
 10
227.83129678060985
 20
260.3021819923825
 30
0.0
 11
228.29625135683352
 21
260.42676619559677
 31
0.0
  0
LINE
  5
63
330
17
100
AcDbEntity
  8
0
  6
Continuous
 62
7
370
25
100
AcDbLine
 10
208.66634220438618
 20
260.42676619559677
 30
0.0
 11
209.13129678060986
 21
260.3021819923825
 31
0.0
  0
LINE
  5
64
330
17
100
AcDbEntity
  8
0
  6
Continuous
 62
7
370
25
100
AcDbLine
 10
228.29625135683352
 20
267.8775977891645
 30
0.0
 11
227.8312967805956
 21
268.00218199238253
 31
0.0
  0
LINE
  5
65
330
17
100
AcDbEntity
  8
0
  6
Continuous
 62
7
370
25
100
AcDbLine
 10
209.1312967806241
 20
268.00218199238253
 30
0.0
 11
208.66634220438618
 21
267.8775977891645
 31
0.0
  0
LINE
  5
66
330
17
100
AcDbEntity
  8
0
  6
Continuous
 62
7
370
25
100
AcDbLine
 10
168.48129678060985
 20
333.00218199238253
 30
0.0
 11
168.48129678060985
 21
328.20218199238246
 31
0.0
  0
LINE
  5
67
330
17
100
AcDbEntity
  8
0
  6
Continuous
 62
7
370
25
100
AcDbLine
 10
268.48129678060974
 20
328.20218199238246
 30
0.0
 11
268.48129678060974
 21
333.00218199238253
 31
0.0
  0
LINE
  5
68
330
17
100
AcDbEntity
  8
0
  6
Continuous
 62
7
370
25
100
AcDbLine
 10
168.48129678060985
 20
328.20218199238246
 30
0.0
 11
168.68129678060984
 21
328.0021819923827
 31
0.0
  0
LINE
  5
69
330
17
100
AcDbEntity
  8
0
  6
Continuous
 62
7
370
25
100
AcDbLine
 10
268.28129678060975
 20
328.00218199238253
 30
0.0
 11
268.48129678060974
 21
328.20218199238246
 31
0.0
  0
LINE
  5
6A
330
17
100
AcDbEntity
  8
0
  6
Continuous
 62
7
370
25
100
AcDbLine
 10
178.48129678060982
 20
328.0021819923827
 30
0.0
 11
178.48129678060982
 21
269.0021819923825
 31
0.0
  0
LINE
  5
6B
330
17
100
AcDbEntity
  8
0
  6
Continuous
 62
7
370
25
100
AcDbLine
 10
258.48129678060974
 20
269.0021819923825
 30
0.0
 11
258.48129678060974
 21
328.00218199238253
 31
0.0
  0
LINE
  5
6C
330
17
100
AcDbEntity
  8
0
  6
Continuous
 62
7
370
25
100
AcDbLine
 10
178.48129678060982
 20
269.0021819923825
 30
0.0
 11
179.48129678060982
 21
268.00218199238253
 31
0.0
  0
LINE
  5
6D
330
17
100
AcDbEntity
  8
0
  6
Continuous
 62
7
370
25
100
AcDbLine
 10
257.4812967806098
 20
268.00218199238253
 30
0.0
 11
258.48129678060974
 21
269.0021819923825
 31
0.0
  0
LINE
  5
6E
330
17
100
AcDbEntity
  8
0
  6
Continuous
 62
7
370
25
100
AcDbLine
 10
168.48129678060985
 20
333.1021819923825
 30
0.0
 11
168.58129678060988
 21
333.00218199238253
 31
0.0
  0
LINE
  5
6F
330
17
100
AcDbEntity
  8
0
  6
Continuous
 62
7
370
25
100
AcDbLine
 10
268.3812967806098
 20
333.00218199238253
 30
0.0
 11
268.48129678061
 21
333.1021819923825
 31
0.0
  0
LINE
  5
70
330
17
100
AcDbEntity
  8
0
  6
Continuous
 62
7
370
25
100
AcDbLine
 10
268.48129678061
 20
345.9021819923825
 30
0.0
 11
268.3812967806098
 21
346.00218199238276
 31
0.0
  0
LINE
  5
71
330
17
100
AcDbEntity
  8
0
  6
Continuous
 62
7
370
25
100
AcDbLine
 10
168.58129678060988
 20
346.00218199238276
 30
0.0
 11
168.48129678060985
 21
345.9021819923825
 31
0.0
  0
LINE
  5
72
330
17
100
AcDbEntity
  8
0
  6
Continuous
 62
7
370
25
100
AcDbLine
 10
268.48129678061
 20
333.1021819923825
 30
0.0
 11
268.48129678061
 21
345.9021819923825
 31
0.0
  0
LINE
  5
73
330
17
100
AcDbEntity
  8
0
  6
Continuous
 62
7
370
25
100
AcDbLine
 10
168.48129678060985
 20
345.9021819923825
 30
0.0
 11
168.48129678060985
 21
333.1021819923825
 31
0.0
  0
LINE
  5
74
330
17
100
AcDbEntity
  8
0
  6
Continuous
 62
7
370
25
100
AcDbLine
 10
268.48129678061025
 20
346.1021819923825
 30
0.0
 11
268.48129678061025
 21
455.90218199238274
 31
0.0
  0
LINE
  5
75
330
17
100
AcDbEntity
  8
0
  6
Continuous
 62
7
370
25
100
AcDbLine
 10
168.48129678061014
 20
355.80218199238277
 30
0.0
 11
168.48129678061014
 21
346.1021819923825
 31
0.0
  0
LINE
  5
76
330
17
100
AcDbEntity
  8
0
  6
Continuous
 62
7
370
25
100
AcDbLine
 10
168.48129678061014
 20
455.90218199238274
 30
0.0
 11
168.48129678061014
 21
446.2021819923825
 31
0.0
  0
LINE
  5
77
330
17
100
AcDbEntity
  8
0
  6
Continuous
 62
7
370
25
100
AcDbLine
 10
168.48129678061014
 20
346.1021819923825
 30
0.0
 11
168.58129678061016
 21
346.00218199238276
 31
0.0
  0
LINE
  5
78
330
17
100
AcDbEntity
  8
0
  6
Continuous
 62
7
370
25
100
AcDbLine
 10
268.3812967806103
 20
346.00218199238276
 30
0.0
 11
268.48129678061025
 21
346.1021819923825
 31
0.0
  0
LINE
  5
79
330
17
100
AcDbEntity
  8
0
  6
Continuous
 62
7
370
25
100
AcDbLine
 10
268.48129678061025
 20
455.90218199238274
 30
0.0
 11
268.3812967806103
 21
456.00218199238276
 31
0.0
  0
LINE
  5
7A
330
17
100
AcDbEntity
  8
0
  6
Continuous
 62
7
370
25
100
AcDbLine
 10
168.58129678061007
 20
456.00218199238276
 30
0.0
 11
168.48129678061014
 21
455.90218199238274
 31
0.0
  0
LINE
  5
7B
330
17
100
AcDbEntity
  8
0
  6
Continuous
 62
7
370
25
100
AcDbLine
 10
168.48129678061014
 20
446.2021819923825
 30
0.0
 11
168.58129678061016
 21
446.1021819923825
 31
0.0
  0
LINE
  5
7C
330
17
100
AcDbEntity
  8
0
  6
Continuous
 62
7
370
25
100
AcDbLine
 10
168.58129678061007
 20
355.9021819923825
 30
0.0
 11
168.48129678061014
 21
355.80218199238254
 31
0.0
  0
ARC
  5
7D
330
17
100
AcDbEntity
  8
0
  6
Continuous
 62
7
370
25
100
AcDbCircle
 10
212.48129678061017
 20
479.8021819923827
 30
0.0
 40
3.0000000000000075
100
AcDbArc
 50
89.99999999999935
 51
179.9999999999995
  0
ARC
  5
7E
330
17
100
AcDbEntity
  8
0
  6
Continuous
 62
7
370
25
100
AcDbCircle
 10
224.4812967806102
 20
479.8021819923827
 30
0.0
 40
2.9999999999999725
100
AcDbArc
 50
4.97e-13
 51
90.0
  0
LINE
  5
7F
330
17
100
AcDbEntity
  8
0
  6
Continuous
 62
7
370
25
100
AcDbLine
 10
227.48129678061017
 20
464.80218199238254
 30
0.0
 11
227.48129678061017
 21
479.8021819923827
 31
0.0
  0
LINE
  5
80
330
17
100
AcDbEntity
  8
0
  6
Continuous
 62
7
370
25
100
AcDbLine
 10
209.48129678061014
 20
479.8021819923827
 30
0.0
 11
209.48129678061014
 21
464.80218199238254
 31
0.0
  0
LINE
  5
81
330
17
100
AcDbEntity
  8
0
  6
Continuous
 62
7
370
25
100
AcDbLine
 10
168.48129678061017
 20
461.9021819923825
 30
0.0
 11
168.48129678061017
 21
456.1021819923825
 31
0.0
  0
LINE
  5
82
330
17
100
AcDbEntity
  8
0
  6
Continuous
 62
7
370
25
100
AcDbLine
 10
268.48129678061025
 20
456.1021819923827
 30
0.0
 11
268.48129678061025
 21
461.9021819923825
 31
0.0
  0
LINE
  5
83
330
17
100
AcDbEntity
  8
0
  6
Continuous
 62
7
370
25
100
AcDbLine
 10
168.48129678061017
 20
456.1021819923825
 30
0.0
 11
168.58129678061016
 21
456.00218199238276
 31
0.0
  0
LINE
  5
84
330
17
100
AcDbEntity
  8
0
  6
Continuous
 62
7
370
25
100
AcDbLine
 10
268.3812967806103
 20
456.00218199238276
 30
0.0
 11
268.48129678061025
 21
456.1021819923827
 31
0.0
  0
LINE
  5
85
330
17
100
AcDbEntity
  8
0
  6
Continuous
 62
7
370
25
100
AcDbLine
 10
268.48129678061025
 20
461.9021819923825
 30
0.0
 11
268.3812967806103
 21
462.0021819923827
 31
0.0
  0
LINE
  5
86
330
17
100
AcDbEntity
  8
0
  6
Continuous
 62
7
370
25
100
AcDbLine
 10
168.58129678061016
 20
462.0021819923825
 30
0.0
 11
168.48129678061017
 21
461.9021819923825
 31
0.0
  0
LINE
  5
87
330
17
100
AcDbEntity
  8
0
  6
Continuous
 62
7
370
25
100
AcDbLine
 10
248.35954992461626
 20
325.0021819923825
 30
0.0
 11
248.3582087151912
 21
325.0021819923825
 31
0.0
  0
LINE
  5
88
330
17
100
AcDbEntity
  8
0
  6
Continuous
 62
7
370
25
100
AcDbLine
 10
253.65820871519128
 20
325.0021819923825
 30
0.0
 11
248.35954992461626
 21
325.0021819923825
 31
0.0
  0
LINE
  5
89
330
17
100
AcDbEntity
  8
0
  6
Continuous
 62
7
370
25
100
AcDbLine
 10
188.60438484602895
 20
325.0021819923825
 30
0.0
 11
183.30438484602897
 21
325.0021819923825
 31
0.0
  0
SPLINE
  5
8A
330
17
100
AcDbEntity
  8
0
  6
Continuous
 62
7
370
25
100
AcDbSpline
210
0.0
220
0.0
230
2.5
 70
8
 71
3
 72
9
 73
5
 74
0
 42
1e-08
 43
1e-08
 40
0.0
 40
0.0
 40
0.0
 40
0.0
 40
0.5074801321212349
 40
1.0
 40
1.0
 40
1.0
 40
1.0
 10
197.95941489022582
 20
253.17026910282252
 30
0.0
 10
197.1788770480163
 20
253.00729532059825
 30
0.0
 10
195.64081123458848
 20
252.686152142947
 30
0.0
 10
194.0738531978087
 20
252.6298914876645
 30
0.0
 10
193.3020952325623
 20
252.60218199715803
 30
0.0
  0
SPLINE
  5
8B
330
17
100
AcDbEntity
  8
0
  6
Continuous
 62
7
370
25
100
AcDbSpline
210
0.0
220
0.0
230
2.5
 70
8
 71
3
 72
9
 73
5
 74
0
 42
1e-08
 43
1e-08
 40
0.0
 40
0.0
 40
0.0
 40
0.0
 40
0.4911452337712924
 40
1.0
 40
1.0
 40
1.0
 40
1.0
 10
201.62767563431424
 20
252.602181994548
 30
0.0
 10
201.02151156210456
 20
252.629738052223
 30
0.0
 10
199.78732657866243
 20
252.6858437736675
 30
0.0
 10
198.5758702282243
 20
253.0068987486045
 30
0.0
 10
197.95941489022582
 20
253.17026910282252
 30
0.0
  0
LINE
  5
8C
330
17
100
AcDbEntity
  8
0
  6
Continuous
 62
7
370
25
100
AcDbLine
 10
201.6276757674604
 20
252.6021819923825
 30
0.0
 11
193.3020952360465
 21
252.6021819923825
 31
0.0
  0
SPLINE
  5
8D
330
17
100
AcDbEntity
  8
0
  6
Continuous
 62
7
370
25
100
AcDbSpline
210
0.0
220
0.0
230
2.5
 70
8
 71
3
 72
9
 73
5
 74
0
 42
1e-08
 43
1e-08
 40
0.0
 40
0.0
 40
0.0
 40
0.0
 40
0.514539466700941
 40
1.0
 40
1.0
 40
1.0
 40
1.0
 10
197.9594148902258
 20
267.24299261382777
 30
0.0
 10
198.57837927603288
 20
267.4625779661927
 30
0.0
 10
199.78132759363376
 20
267.88933891763725
 30
0.0
 10
201.02427404319627
 20
267.96530396162
 30
0.0
 10
201.62767548946303
 20
268.002181992384
 30
0.0
  0
SPLINE
  5
8E
330
17
100
AcDbEntity
  8
0
  6
Continuous
 62
7
370
25
100
AcDbSpline
210
0.0
220
0.0
230
2.5
 70
8
 71
3
 72
9
 73
5
 74
0
 42
1e-08
 43
1e-08
 40
0.0
 40
0.0
 40
0.0
 40
0.0
 40
0.4890458699930416
 40
1.0
 40
1.0
 40
1.0
 40
1.0
 10
193.30209523604765
 20
268.002181992385
 30
0.0
 10
194.07385328086406
 20
267.9647607471705
 30
0.0
 10
195.6519425607661
 20
267.8882418610892
 30
0.0
 10
197.17910495678737
 20
267.46119431911103
 30
0.0
 10
197.9594148902258
 20
267.24299261382777
 30
0.0
  0
SPLINE
  5
8F
330
17
100
AcDbEntity
  8
0
  6
Continuous
 62
7
370
25
100
AcDbSpline
210
0.0
220
0.0
230
2.5
 70
8
 71
3
 72
9
 73
5
 74
0
 42
1e-08
 43
1e-08
 40
0.0
 40
0.0
 40
0.0
 40
0.0
 40
0.4855550352609923
 40
1.0
 40
1.0
 40
1.0
 40
1.0
 10
201.62767548946303
 20
268.002181992384
 30
0.0
 10
202.23119905191203
 20
267.96528946067224
 30
0.0
 10
203.47415508906772
 20
267.889309336829
 30
0.0
 10
204.67709150624847
 20
267.462541287775
 30
0.0
 10
205.29593608896832
 20
267.2429926138275
 30
0.0
  0
LINE
  5
90
330
17
100
AcDbEntity
  8
0
  6
Continuous
 62
7
370
25
100
AcDbLine
 10
205.29593608896843
 20
267.24299261382777
 30
0.0
 11
205.29593608896843
 21
253.17026910282252
 31
0.0
  0
SPLINE
  5
91
330
17
100
AcDbEntity
  8
0
  6
Continuous
 62
7
370
25
100
AcDbSpline
210
0.0
220
0.0
230
2.5
 70
8
 71
3
 72
9
 73
5
 74
0
 42
1e-08
 43
1e-08
 40
0.0
 40
0.0
 40
0.0
 40
0.0
 40
0.508947053892238
 40
0.9999999999999999
 40
0.9999999999999999
 40
0.9999999999999999
 40
0.9999999999999999
 10
205.29593608896843
 20
253.17026910282277
 30
0.0
 10
204.67937071125425
 20
253.00687204128275
 30
0.0
 10
203.46791782435992
 20
252.685822807791
 30
0.0
 10
202.23372821467947
 20
252.629727674844
 30
0.0
 10
201.6276757707903
 20
252.60218199454826
 30
0.0
  0
LINE
  5
92
330
17
100
AcDbEntity
  8
0
  6
Continuous
 62
7
370
25
100
AcDbLine
 10
197.9594148902258
 20
267.24299261382777
 30
0.0
 11
197.9594148902258
 21
253.17026910282252
 31
0.0
  0
SPLINE
  5
93
330
17
100
AcDbEntity
  8
0
  6
Continuous
 62
7
370
25
100
AcDbSpline
210
0.0
220
0.0
230
2.5
 70
8
 71
3
 72
9
 73
5
 74
0
 42
1e-08
 43
1e-08
 40
0.0
 40
0.0
 40
0.0
 40
0.0
 40
0.5130183486585046
 40
1.0
 40
1.0
 40
1.0
 40
1.0
 10
188.64477558186724
 20
267.24299261382777
 30
0.0
 10
189.4282741068797
 20
267.4619913612275
 30
0.0
 10
190.95550705490442
 20
267.8888742358315
 30
0.0
 10
192.5335952438382
 20
267.96507407088075
 30
0.0
 10
193.30209523604765
 20
268.002181992385
 30
0.0
  0
SPLINE
  5
94
330
17
100
AcDbEntity
  8
0
  6
Continuous
 62
7
370
25
100
AcDbSpline
210
0.0
220
0.0
230
2.5
 70
8
 71
3
 72
9
 73
5
 74
0
 42
1e-08
 43
1e-08
 40
0.0
 40
0.0
 40
0.0
 40
0.0
 40
0.494430206476213
 40
1.0
 40
1.0
 40
1.0
 40
1.0
 10
193.3020951466122
 20
252.60218199715803
 30
0.0
 10
192.52734154933935
 20
252.6301056353755
 30
0.0
 10
190.96037903951526
 20
252.68658203558675
 30
0.0
 10
189.4223543875804
 20
253.00784716013726
 30
0.0
 10
188.6447755818672
 20
253.17026910282252
 30
0.0
  0
LINE
  5
95
330
17
100
AcDbEntity
  8
0
  6
Continuous
 62
7
370
25
100
AcDbLine
 10
188.6447755818672
 20
267.24299261382777
 30
0.0
 11
188.6447755818672
 21
253.17026910282252
 31
0.0
  0
LINE
  5
96
330
17
100
AcDbEntity
  8
0
  6
Continuous
 62
7
370
25
100
AcDbLine
 10
203.62094970513044
 20
249.60218199238255
 30
0.0
 11
187.93129678060984
 21
249.60218199238255
 31
0.0
  0
LINE
  5
97
330
17
100
AcDbEntity
  8
0
  6
Continuous
 62
7
370
25
100
AcDbLine
 10
203.62094970513044
 20
249.60218199238255
 30
0.0
 11
203.62094970513044
 21
246.60218199238258
 31
0.0
  0
LINE
  5
98
330
17
100
AcDbEntity
  8
0
  6
Continuous
 62
7
370
25
100
AcDbLine
 10
203.62094970513044
 20
246.60218199238258
 30
0.0
 11
187.93129678060984
 21
246.60218199238258
 31
0.0
  0
LINE
  5
99
330
17
100
AcDbEntity
  8
0
  6
Continuous
 62
7
370
25
100
AcDbLine
 10
203.62094970513044
 20
252.6021819923825
 30
0.0
 11
203.62094970513044
 21
251.1021819923825
 31
0.0
  0
LINE
  5
9A
330
17
100
AcDbEntity
  8
0
  6
Continuous
 62
7
370
25
100
AcDbLine
 10
203.62094970513044
 20
251.1021819923825
 30
0.0
 11
187.93129678060984
 21
251.1021819923825
 31
0.0
  0
LINE
  5
9B
330
17
100
AcDbEntity
  8
0
  6
Continuous
 62
7
370
25
100
AcDbLine
 10
203.14643710112296
 20
251.1021819923825
 30
0.0
 11
203.14643710112296
 21
249.60218199238255
 31
0.0
  0
SPLINE
  5
9C
330
17
100
AcDbEntity
  8
0
  6
Continuous
 62
7
370
25
100
AcDbSpline
210
0.0
220
0.0
230
2.5
 70
8
 71
3
 72
9
 73
5
 74
0
 42
1e-08
 43
1e-08
 40
0.0
 40
0.0
 40
0.0
 40
0.0
 40
0.5089470264519677
 40
1.0
 40
1.0
 40
1.0
 40
1.0
 10
188.6447755818672
 20
253.17026910282252
 30
0.0
 10
188.47853142973707
 20
253.00687204917625
 30
0.0
 10
188.15188809852626
 20
252.685822813885
 30
0.0
 10
187.8191222542061
 20
252.62972767787375
 30
0.0
 10
187.65571659685742
 20
252.60218199453377
 30
0.0
  0
LINE
  5
9D
330
17
100
AcDbEntity
  8
0
  6
Continuous
 62
7
370
25
100
AcDbLine
 10
193.3020952360465
 20
252.6021819923825
 30
0.0
 11
187.6557166017349
 21
252.6021819923825
 31
0.0
  0
SPLINE
  5
9E
330
17
100
AcDbEntity
  8
0
  6
Continuous
 62
7
370
25
100
AcDbSpline
210
0.0
220
0.0
230
2.5
 70
8
 71
3
 72
9
 73
5
 74
0
 42
1e-08
 43
1e-08
 40
0.0
 40
0.0
 40
0.0
 40
0.0
 40
0.4855550354042484
 40
1.0
 40
1.0
 40
1.0
 40
1.0
 10
187.65571652696383
 20
268.0021819923838
 30
0.0
 10
187.81843802816013
 20
267.965289460662
 30
0.0
 10
188.1535627603356
 20
267.88930933682127
 30
0.0
 10
188.47791447533024
 20
267.462541287732
 30
0.0
 10
188.64477558186724
 20
267.24299261382777
 30
0.0
  0
SPLINE
  5
9F
330
17
100
AcDbEntity
  8
0
  6
Continuous
 62
7
370
25
100
AcDbSpline
210
0.0
220
0.0
230
2.5
 70
8
 71
3
 72
9
 73
5
 74
0
 42
1e-08
 43
1e-08
 40
0.0
 40
0.0
 40
0.0
 40
0.0
 40
0.7948406652328625
 40
1.0
 40
1.0
 40
1.0
 40
1.0
 10
205.29593608896832
 20
267.2429926138275
 30
0.0
 10
205.12957022848414
 20
267.47944260014253
 30
0.0
 10
204.9202630455969
 20
267.7769235880405
 30
0.0
 10
204.70396452537582
 20
267.84731712512104
 30
0.0
 10
204.65958886485618
 20
267.8617590163605
 30
0.0
  0
SPLINE
  5
A0
330
17
100
AcDbEntity
  8
0
  6
Continuous
 62
7
370
25
100
AcDbSpline
210
0.0
220
0.0
230
2.5
 70
8
 71
3
 72
9
 73
5
 74
0
 42
1e-08
 43
1e-08
 40
0.0
 40
0.0
 40
0.0
 40
0.0
 40
0.2119387223836219
 40
0.9999999999999999
 40
0.9999999999999999
 40
0.9999999999999999
 40
0.9999999999999999
 10
204.6595090095049
 20
252.70791995270375
 30
0.0
 10
204.70497077299177
 20
252.718972522939
 30
0.0
 10
204.91947505505794
 20
252.77112236186824
 30
0.0
 10
205.13001651614942
 20
252.99435114376251
 30
0.0
 10
205.29593608896843
 20
253.17026910282252
 30
0.0
  0
LINE
  5
A1
330
17
100
AcDbEntity
  8
0
  6
Continuous
 62
7
370
25
100
AcDbLine
 10
204.48129678060994
 20
252.6021819923825
 30
0.0
 11
201.6276757674604
 21
252.6021819923825
 31
0.0
  0
SPLINE
  5
A2
330
17
100
AcDbEntity
  8
0
  6
Continuous
 62
7
370
25
100
AcDbSpline
210
0.0
220
0.0
230
2.5
 70
8
 71
3
 72
9
 73
5
 74
0
 42
1e-08
 43
1e-08
 40
0.0
 40
0.0
 40
0.0
 40
0.0
 40
0.794840664947038
 40
1.0
 40
1.0
 40
1.0
 40
1.0
 10
186.6666574722514
 20
267.2429926138275
 30
0.0
 10
186.83302333256935
 20
267.4794425997385
 30
0.0
 10
187.04233051532276
 20
267.77692358723476
 30
0.0
 10
187.2586290361075
 20
267.84731712556203
 30
0.0
 10
187.3030046968046
 20
267.86175901707725
 30
0.0
  0
SPLINE
  5
A3
330
17
100
AcDbEntity
  8
0
  6
Continuous
 62
7
370
25
100
AcDbSpline
210
0.0
220
0.0
230
2.5
 70
8
 71
3
 72
9
 73
5
 74
0
 42
1e-08
 43
1e-08
 40
0.0
 40
0.0
 40
0.0
 40
0.0
 40
0.4911452465201174
 40
1.0
 40
1.0
 40
1.0
 40
1.0
 10
187.65571658707603
 20
252.60218199453377
 30
0.0
 10
187.49227666641087
 20
252.62973804974376
 30
0.0
 10
187.15950357775088
 20
252.68584376471298
 30
0.0
 10
186.83286769423532
 20
253.00689874829726
 30
0.0
 10
186.66665747225127
 20
253.17026910282277
 30
0.0
  0
LINE
  5
A4
330
17
100
AcDbEntity
  8
0
  6
Continuous
 62
7
370
25
100
AcDbLine
 10
186.66665747225127
 20
267.24299261382777
 30
0.0
 11
186.66665747225127
 21
253.17026910282252
 31
0.0
  0
LINE
  5
A5
330
17
100
AcDbEntity
  8
0
  6
Continuous
 62
7
370
25
100
AcDbLine
 10
204.03129678060986
 20
251.1021819923825
 30
0.0
 11
203.62094970513044
 21
251.1021819923825
 31
0.0
  0
LINE
  5
A6
330
17
100
AcDbEntity
  8
0
  6
Continuous
 62
7
370
25
100
AcDbLine
 10
204.03129678060986
 20
249.60218199238255
 30
0.0
 11
203.62094970513044
 21
249.60218199238255
 31
0.0
  0
LINE
  5
A7
330
17
100
AcDbEntity
  8
0
  6
Continuous
 62
7
370
25
100
AcDbLine
 10
204.03129678060986
 20
246.60218199238258
 30
0.0
 11
203.62094970513044
 21
246.60218199238258
 31
0.0
  0
LINE
  5
A8
330
17
100
AcDbEntity
  8
0
  6
Continuous
 62
7
370
25
100
AcDbLine
 10
187.6557166017349
 20
252.6021819923825
 30
0.0
 11
187.48129678060974
 21
252.6021819923825
 31
0.0
  0
LINE
  5
A9
330
17
100
AcDbEntity
  8
0
  6
Continuous
 62
7
370
25
100
AcDbLine
 10
165.4812967806102
 20
356.00218199238276
 30
0.0
 11
150.4812967806102
 21
356.00218199238276
 31
0.0
  0
LINE
  5
AA
330
17
100
AcDbEntity
  8
0
  6
Continuous
 62
7
370
25
100
AcDbLine
 10
150.4812967806102
 20
356.00218199238276
 30
0.0
 11
150.4812967806102
 21
361.00218199238276
 31
0.0
  0
LINE
  5
AB
330
17
100
AcDbEntity
  8
0
  6
Continuous
 62
7
370
25
100
AcDbLine
 10
150.4812967806102
 20
361.00218199238276
 30
0.0
 11
165.4812967806102
 21
361.00218199238276
 31
0.0
  0
LINE
  5
AC
330
17
100
AcDbEntity
  8
0
  6
Continuous
 62
7
370
25
100
AcDbLine
 10
165.4812967806102
 20
361.00218199238276
 30
0.0
 11
165.4812967806102
 21
356.00218199238276
 31
0.0
  0
LINE
  5
AD
330
17
100
AcDbEntity
  8
0
  6
Continuous
 62
7
370
25
100
AcDbLine
 10
150.4812967806102
 20
441.00218199238276
 30
0.0
 11
150.4812967806102
 21
361.00218199238276
 31
0.0
  0
LINE
  5
AE
330
17
100
AcDbEntity
  8
0
  6
Continuous
 62
7
370
25
100
AcDbLine
 10
165.4812967806102
 20
441.00218199238276
 30
0.0
 11
150.4812967806102
 21
441.00218199238276
 31
0.0
  0
LINE
  5
AF
330
17
100
AcDbEntity
  8
0
  6
Continuous
 62
7
370
25
100
AcDbLine
 10
165.4812967806102
 20
441.00218199238276
 30
0.0
 11
165.4812967806102
 21
361.00218199238276
 31
0.0
  0
LINE
  5
B0
330
17
100
AcDbEntity
  8
0
  6
Continuous
 62
7
370
25
100
AcDbLine
 10
150.4812967806102
 20
441.00218199238276
 30
0.0
 11
150.4812967806102
 21
446.00218199238276
 31
0.0
  0
LINE
  5
B1
330
17
100
AcDbEntity
  8
0
  6
Continuous
 62
7
370
25
100
AcDbLine
 10
150.4812967806102
 20
446.00218199238276
 30
0.0
 11
165.4812967806102
 21
446.00218199238276
 31
0.0
  0
LINE
  5
B2
330
17
100
AcDbEntity
  8
0
  6
Continuous
 62
7
370
25
100
AcDbLine
 10
165.4812967806102
 20
446.00218199238276
 30
0.0
 11
165.4812967806102
 21
441.00218199238276
 31
0.0
  0
LINE
  5
B3
330
17
100
AcDbEntity
  8
0
  6
Continuous
 62
7
370
25
100
AcDbLine
 10
184.4812967806102
 20
357.0021819923827
 30
0.0
 11
185.48129678061017
 21
357.0021819923827
 31
0.0
  0
LINE
  5
B4
330
17
100
AcDbEntity
  8
0
  6
Continuous
 62
7
370
25
100
AcDbLine
 10
184.4812967806102
 20
356.00218199238276
 30
0.0
 11
185.48129678061017
 21
357.0021819923827
 31
0.0
  0
LINE
  5
B5
330
17
100
AcDbEntity
  8
0
  6
Continuous
 62
7
370
25
100
AcDbLine
 10
184.4812967806102
 20
357.0021819923827
 30
0.0
 11
184.4812967806102
 21
356.00218199238276
 31
0.0
  0
LINE
  5
B6
330
17
100
AcDbEntity
  8
0
  6
Continuous
 62
7
370
25
100
AcDbLine
 10
184.4812967806102
 20
357.0021819923827
 30
0.0
 11
184.4812967806102
 21
445.0021819923825
 31
0.0
  0
LINE
  5
B7
330
17
100
AcDbEntity
  8
0
  6
Continuous
 62
7
370
25
100
AcDbLine
 10
184.4812967806102
 20
445.0021819923825
 30
0.0
 11
185.48129678061017
 21
445.0021819923825
 31
0.0
  0
LINE
  5
B8
330
17
100
AcDbEntity
  8
0
  6
Continuous
 62
7
370
25
100
AcDbLine
 10
185.48129678061017
 20
445.0021819923825
 30
0.0
 11
185.48129678061017
 21
357.0021819923827
 31
0.0
  0
LINE
  5
B9
330
17
100
AcDbEntity
  8
0
  6
Continuous
 62
7
370
25
100
AcDbLine
 10
184.4812967806102
 20
445.0021819923825
 30
0.0
 11
184.4812967806102
 21
446.00218199238276
 31
0.0
  0
LINE
  5
BA
330
17
100
AcDbEntity
  8
0
  6
Continuous
 62
7
370
25
100
AcDbLine
 10
185.48129678061017
 20
445.0021819923825
 30
0.0
 11
184.4812967806102
 21
446.00218199238276
 31
0.0
  0
LINE
  5
BB
330
17
100
AcDbEntity
  8
0
  6
Continuous
 62
7
370
25
100
AcDbLine
 10
165.4812967806102
 20
357.0021819923827
 30
0.0
 11
184.4812967806102
 21
357.0021819923827
 31
0.0
  0
LINE
  5
BC
330
17
100
AcDbEntity
  8
0
  6
Continuous
 62
7
370
25
100
AcDbLine
 10
184.4812967806102
 20
445.0021819923825
 30
0.0
 11
165.4812967806102
 21
445.0021819923825
 31
0.0
  0
LINE
  5
BD
330
17
100
AcDbEntity
  8
0
  6
Continuous
 62
7
370
25
100
AcDbLine
 10
165.4812967806102
 20
446.00218199238276
 30
0.0
 11
184.4812967806102
 21
446.00218199238276
 31
0.0
  0
LINE
  5
BE
330
17
100
AcDbEntity
  8
0
  6
Continuous
 62
7
370
25
100
AcDbLine
 10
184.4812967806102
 20
356.00218199238276
 30
0.0
 11
165.4812967806102
 21
356.00218199238276
 31
0.0
  0
LINE
  5
BF
330
17
100
AcDbEntity
  8
0
  6
Continuous
 62
7
370
25
100
AcDbLine
 10
233.48129678060985
 20
242.31165701169368
 30
0.0
 11
233.48129678060985
 21
230.69270697307147
 31
0.0
  0
LINE
  5
C0
330
17
100
AcDbEntity
  8
0
  6
Continuous
 62
7
370
25
100
AcDbLine
 10
235.88129678060983
 20
248.5021819923826
 30
0.0
 11
235.88129678060983
 21
224.50218199238253
 31
0.0
  0
LINE
  5
C1
330
17
100
AcDbEntity
  8
0
  6
Continuous
 62
7
370
25
100
AcDbLine
 10
229.48129678060982
 20
252.5021819923825
 30
0.0
 11
229.48129678060982
 21
255.70218199238252
 31
0.0
  0
LINE
  5
C2
330
17
100
AcDbEntity
  8
0
  6
Continuous
 62
7
370
25
100
AcDbLine
 10
233.48129678060985
 20
242.31165701169368
 30
0.0
 11
233.48129678060985
 21
248.5021819923826
 31
0.0
  0
LINE
  5
C3
330
17
100
AcDbEntity
  8
0
  6
Continuous
 62
7
370
25
100
AcDbLine
 10
233.48129678060985
 20
224.50218199238253
 30
0.0
 11
233.48129678060985
 21
230.69270697307147
 31
0.0
  0
LINE
  5
C4
330
17
100
AcDbEntity
  8
0
  6
Continuous
 62
7
370
25
100
AcDbLine
 10
229.48129678060982
 20
217.3021819923826
 30
0.0
 11
229.48129678060982
 21
220.50218199238256
 31
0.0
  0
LINE
  5
C5
330
17
100
AcDbEntity
  8
0
  6
Continuous
 62
7
370
25
100
AcDbLine
 10
208.98129678060982
 20
217.3021819923826
 30
0.0
 11
229.48129678060982
 21
217.3021819923826
 31
0.0
  0
LINE
  5
C6
330
17
100
AcDbEntity
  8
0
  6
Continuous
 62
7
370
25
100
AcDbLine
 10
208.98129678060982
 20
255.70218199238252
 30
0.0
 11
208.98129678060982
 21
217.3021819923826
 31
0.0
  0
LINE
  5
C7
330
17
100
AcDbEntity
  8
0
  6
Continuous
 62
7
370
25
100
AcDbLine
 10
229.48129678060982
 20
255.70218199238252
 30
0.0
 11
208.98129678060982
 21
255.70218199238252
 31
0.0
  0
LINE
  5
C8
330
17
100
AcDbEntity
  8
0
  6
Continuous
 62
7
370
25
100
AcDbLine
 10
210.60629678060985
 20
253.3021819923825
 30
0.0
 11
226.79615246419033
 21
253.3021819923825
 31
0.0
  0
LINE
  5
C9
330
17
100
AcDbEntity
  8
0
  6
Continuous
 62
7
370
25
100
AcDbLine
 10
210.60629678060985
 20
219.70218199238258
 30
0.0
 11
210.60629678060985
 21
253.3021819923825
 31
0.0
  0
LINE
  5
CA
330
17
100
AcDbEntity
  8
0
  6
Continuous
 62
7
370
25
100
AcDbLine
 10
226.79615246419036
 20
219.70218199238258
 30
0.0
 11
210.60629678060985
 21
219.70218199238258
 31
0.0
  0
ARC
  5
CB
330
17
100
AcDbEntity
  8
0
  6
Continuous
 62
7
370
25
100
AcDbCircle
 10
229.48129678060982
 20
224.50218199238253
 30
0.0
 40
5.500000000000007
100
AcDbArc
 50
90.0
 51
-119.22287029430032
  0
LINE
  5
CC
330
17
100
AcDbEntity
  8
0
  6
Continuous
 62
7
370
25
100
AcDbLine
 10
229.48129678060982
 20
243.00218199238256
 30
0.0
 11
229.48129678060982
 21
230.00218199238253
 31
0.0
  0
ARC
  5
CD
330
17
100
AcDbEntity
  8
0
  6
Continuous
 62
7
370
25
100
AcDbCircle
 10
229.48129678060982
 20
248.5021819923826
 30
0.0
 40
5.500000000000043
100
AcDbArc
 50
119.22287029430129
 51
-89.9999999999993
  0
CIRCLE
  5
CE
330
17
100
AcDbEntity
  8
0
  6
Continuous
 62
7
370
25
100
AcDbCircle
 10
229.48129678060982
 20
248.5021819923826
 30
0.0
 40
2.100000000000044
  0
CIRCLE
  5
CF
330
17
100
AcDbEntity
  8
0
  6
Continuous
 62
7
370
25
100
AcDbCircle
 10
229.48129678060982
 20
224.50218199238253
 30
0.0
 40
2.099999999999973
  0
ARC
  5
D0
330
17
100
AcDbEntity
  8
0
  6
Continuous
 62
7
370
25
100
AcDbCircle
 10
229.48129678060982
 20
224.50218199238253
 30
0.0
 40
4.000000000000022
100
AcDbArc
 50
-89.9999999999993
 51
0.0
  0
ARC
  5
D1
330
17
100
AcDbEntity
  8
0
  6
Continuous
 62
7
370
25
100
AcDbCircle
 10
229.48129678060982
 20
248.5021819923826
 30
0.0
 40
4.000000000000022
100
AcDbArc
 50
0.0
 51
90.0
  0
LINE
  5
D2
330
17
100
AcDbEntity
  8
0
  6
Continuous
 62
7
370
25
100
AcDbLine
 10
248.98129678060985
 20
227.70317636674508
 30
0.0
 11
242.23129678060985
 21
227.70317636674508
 31
0.0
  0
LINE
  5
D3
330
17
100
AcDbEntity
  8
0
  6
Continuous
 62
7
370
25
100
AcDbLine
 10
248.98129678060985
 20
227.70317636674508
 30
0.0
 11
248.98129678060985
 21
226.75218199238256
 31
0.0
  0
LINE
  5
D4
330
17
100
AcDbEntity
  8
0
  6
Continuous
 62
7
370
25
100
AcDbLine
 10
248.98129678060985
 20
246.25218199238253
 30
0.0
 11
248.98129678060985
 21
245.3011876180201
 31
0.0
  0
LINE
  5
D5
330
17
100
AcDbEntity
  8
0
  6
Continuous
 62
7
370
25
100
AcDbLine
 10
242.23129678060985
 20
245.3011876180201
 30
0.0
 11
248.98129678060985
 21
245.3011876180201
 31
0.0
  0
SPLINE
  5
D6
330
17
100
AcDbEntity
  8
0
  6
Continuous
 62
7
370
25
100
AcDbSpline
210
0.0
220
0.0
230
2.5
 70
8
 71
3
 72
13
 73
9
 74
0
 42
1e-08
 43
1e-08
 40
0.0
 40
0.0
 40
0.0
 40
0.0
 40
0.2491134374835715
 40
0.4987610504198134
 40
0.6235349398463799
 40
0.7489491498773058
 40
0.8738563364000281
 40
0.9999999999999999
 40
0.9999999999999999
 40
0.9999999999999999
 40
0.9999999999999999
 10
239.23129678060985
 20
243.0765640926259
 30
0.0
 10
239.25676469355074
 20
243.3944464039808
 30
0.0
 10
239.30775513043247
 20
244.0308926636559
 30
0.0
 10
239.77606925551976
 20
244.63667407307923
 30
0.0
 10
240.3711615787665
 20
244.9831189063984
 30
0.0
 10
240.923646479147
 20
245.1665409648768
 30
0.0
 10
241.55588986459145
 20
245.2802455916036
 30
0.0
 10
242.0054231273415
 20
245.29418405927441
 30
0.0
 10
242.23129678060985
 20
245.3011876180201
 30
0.0
  0
LINE
  5
D7
330
17
100
AcDbEntity
  8
0
  6
Continuous
 62
7
370
25
100
AcDbLine
 10
239.23129678060985
 20
229.92779989213926
 30
0.0
 11
239.23129678060985
 21
243.0765640926259
 31
0.0
  0
SPLINE
  5
D8
330
17
100
AcDbEntity
  8
0
  6
Continuous
 62
7
370
25
100
AcDbSpline
210
0.0
220
0.0
230
2.5
 70
8
 71
3
 72
13
 73
9
 74
0
 42
1e-08
 43
1e-08
 40
0.0
 40
0.0
 40
0.0
 40
0.0
 40
0.125136360010117
 40
0.2506323174109515
 40
0.3760921940347199
 40
0.5012727269837884
 40
0.7512478305963538
 40
1.0
 40
1.0
 40
1.0
 40
1.0
 10
242.23129678060985
 20
227.70317636674508
 30
0.0
 10
242.00723971703042
 20
227.71007361197533
 30
0.0
 10
241.55848172956243
 20
227.7238879226653
 30
0.0
 10
240.9264385619481
 20
227.83705377076615
 30
0.0
 10
240.37213094633174
 20
228.02074451431014
 30
0.0
 10
239.7758787941713
 20
228.36760459544774
 30
0.0
 10
239.30761086255774
 20
228.9739499875016
 30
0.0
 10
239.2566931893447
 20
229.61037011467818
 30
0.0
 10
239.23129678060985
 20
229.92779989213926
 30
0.0
  0
LINE
  5
D9
330
17
100
AcDbEntity
  8
0
  6
Continuous
 62
7
370
25
100
AcDbLine
 10
209.73129678060982
 20
205.30218199238251
 30
0.0
 11
227.23129678060985
 21
205.30218199238251
 31
0.0
  0
LINE
  5
DA
330
17
100
AcDbEntity
  8
0
  6
Continuous
 62
7
370
25
100
AcDbLine
 10
209.73129678060982
 20
204.30218199238257
 30
0.0
 11
227.23129678060985
 21
204.30218199238257
 31
0.0
  0
LINE
  5
DB
330
17
100
AcDbEntity
  8
0
  6
Continuous
 62
7
370
25
100
AcDbLine
 10
209.73129678060982
 20
207.55618199238253
 30
0.0
 11
227.23129678060985
 21
207.55618199238253
 31
0.0
  0
LINE
  5
DC
330
17
100
AcDbEntity
  8
0
  6
Continuous
 62
7
370
25
100
AcDbLine
 10
212.15840883130684
 20
260.3021819923825
 30
0.0
 11
210.08175286557736
 21
260.3021819923825
 31
0.0
  0
LINE
  5
DD
330
17
100
AcDbEntity
  8
0
  6
Continuous
 62
7
370
25
100
AcDbLine
 10
220.55795274633937
 20
260.3021819923825
 30
0.0
 11
216.40464081488034
 21
260.3021819923825
 31
0.0
  0
LINE
  5
DE
330
17
100
AcDbEntity
  8
0
  6
Continuous
 62
7
370
25
100
AcDbLine
 10
226.88084069564235
 20
260.3021819923825
 30
0.0
 11
224.80418472991278
 21
260.3021819923825
 31
0.0
  0
LINE
  5
DF
330
17
100
AcDbEntity
  8
0
  6
Continuous
 62
7
370
25
100
AcDbLine
 10
223.3887740687217
 20
267.87759778916626
 30
0.0
 11
223.3887740687217
 21
260.426766195599
 31
0.0
  0
LINE
  5
E0
330
17
100
AcDbEntity
  8
0
  6
Continuous
 62
7
370
25
100
AcDbLine
 10
228.29625135683352
 20
267.87759778916626
 30
0.0
 11
228.29625135683352
 21
260.426766195599
 31
0.0
  0
SPLINE
  5
E1
330
17
100
AcDbEntity
  8
0
  6
Continuous
 62
7
370
25
100
AcDbSpline
210
0.0
220
0.0
230
2.5
 70
8
 71
3
 72
9
 73
5
 74
0
 42
1e-08
 43
1e-08
 40
0.0
 40
0.0
 40
0.0
 40
0.0
 40
0.5601176780985365
 40
1.0
 40
1.0
 40
1.0
 40
1.0
 10
227.79010738313383
 20
260.3021819923825
 30
0.0
 10
227.88469982684455
 20
260.32394946648225
 30
0.0
 10
228.05357941663328
 20
260.36281178943824
 30
0.0
 10
228.222115370238
 20
260.4072282012435
 30
0.0
 10
228.29625135683352
 20
260.42676619559876
 30
0.0
  0
LINE
  5
E2
330
17
100
AcDbEntity
  8
0
  6
Continuous
 62
7
370
25
100
AcDbLine
 10
227.79010738313383
 20
260.3021819923825
 30
0.0
 11
226.88084069564235
 21
260.3021819923825
 31
0.0
  0
LINE
  5
E3
330
17
100
AcDbEntity
  8
0
  6
Continuous
 62
7
370
25
100
AcDbLine
 10
224.80418472991278
 20
260.3021819923825
 30
0.0
 11
223.89491804242135
 21
260.3021819923825
 31
0.0
  0
SPLINE
  5
E4
330
17
100
AcDbEntity
  8
0
  6
Continuous
 62
7
370
25
100
AcDbSpline
210
0.0
220
0.0
230
2.5
 70
8
 71
3
 72
9
 73
5
 74
0
 42
1e-08
 43
1e-08
 40
0.0
 40
0.0
 40
0.0
 40
0.0
 40
0.5600631380499029
 40
1.0
 40
1.0
 40
1.0
 40
1.0
 10
223.3887740687217
 20
260.426766195599
 30
0.0
 10
223.48317298132656
 20
260.4020054195405
 30
0.0
 10
223.651723464641
 20
260.3577947326085
 30
0.0
 10
223.82061599333906
 20
260.3191730807185
 30
0.0
 10
223.89491804242135
 20
260.3021819923825
 30
0.0
  0
SPLINE
  5
E5
330
17
100
AcDbEntity
  8
0
  6
Continuous
 62
7
370
25
100
AcDbSpline
210
0.0
220
0.0
230
2.5
 70
8
 71
3
 72
9
 73
5
 74
0
 42
1e-08
 43
1e-08
 40
0.0
 40
0.0
 40
0.0
 40
0.0
 40
0.5601082065518299
 40
1.0
 40
1.0
 40
1.0
 40
1.0
 10
222.37648612132233
 20
260.3021819923825
 30
0.0
 10
222.5656678103316
 20
260.32394909153277
 30
0.0
 10
222.9034269911405
 20
260.36281140223525
 30
0.0
 10
223.2404989015365
 20
260.40722779078226
 30
0.0
 10
223.3887740687217
 20
260.42676619559876
 30
0.0
  0
LINE
  5
E6
330
17
100
AcDbEntity
  8
0
  6
Continuous
 62
7
370
25
100
AcDbLine
 10
222.37648612132233
 20
260.3021819923825
 30
0.0
 11
223.89491804242135
 21
260.3021819923825
 31
0.0
  0
LINE
  5
E7
330
17
100
AcDbEntity
  8
0
  6
Continuous
 62
7
370
25
100
AcDbLine
 10
213.57381949249802
 20
267.87759778916626
 30
0.0
 11
213.57381949249802
 21
260.426766195599
 31
0.0
  0
LINE
  5
E8
330
17
100
AcDbEntity
  8
0
  6
Continuous
 62
7
370
25
100
AcDbLine
 10
216.40464081488034
 20
260.3021819923825
 30
0.0
 11
214.58610743989738
 21
260.3021819923825
 31
0.0
  0
SPLINE
  5
E9
330
17
100
AcDbEntity
  8
0
  6
Continuous
 62
7
370
25
100
AcDbSpline
210
0.0
220
0.0
230
2.5
 70
8
 71
3
 72
9
 73
5
 74
0
 42
1e-08
 43
1e-08
 40
0.0
 40
0.0
 40
0.0
 40
0.0
 40
0.5600902825157387
 40
1.0
 40
1.0
 40
1.0
 40
1.0
 10
213.57381949249802
 20
260.426766195599
 30
0.0
 10
213.76262647304793
 20
260.4020042559268
 30
0.0
 10
214.09972744845112
 20
260.3577936340945
 30
0.0
 10
214.43751250923674
 20
260.319172017033
 30
0.0
 10
214.58610743989738
 20
260.3021819923825
 30
0.0
  0
LINE
  5
EA
330
17
100
AcDbEntity
  8
0
  6
Continuous
 62
7
370
25
100
AcDbLine
 10
222.37648612132233
 20
260.3021819923825
 30
0.0
 11
220.55795274633937
 21
260.3021819923825
 31
0.0
  0
SPLINE
  5
EB
330
17
100
AcDbEntity
  8
0
  6
Continuous
 62
7
370
25
100
AcDbSpline
210
0.0
220
0.0
230
2.5
 70
8
 71
3
 72
9
 73
5
 74
0
 42
1e-08
 43
1e-08
 40
0.0
 40
0.0
 40
0.0
 40
0.0
 40
0.5601176780985364
 40
1.0
 40
1.0
 40
1.0
 40
1.0
 10
213.06767551879832
 20
260.3021819923825
 30
0.0
 10
213.16226796250905
 20
260.323949466482
 30
0.0
 10
213.33114755229784
 20
260.362811789438
 30
0.0
 10
213.4996835059025
 20
260.4072282012435
 30
0.0
 10
213.57381949249802
 20
260.426766195599
 30
0.0
  0
LINE
  5
EC
330
17
100
AcDbEntity
  8
0
  6
Continuous
 62
7
370
25
100
AcDbLine
 10
213.06767551879832
 20
260.3021819923825
 30
0.0
 11
214.58610743989738
 21
260.3021819923825
 31
0.0
  0
LINE
  5
ED
330
17
100
AcDbEntity
  8
0
  6
Continuous
 62
7
370
25
100
AcDbLine
 10
208.66634220438618
 20
267.87759778916626
 30
0.0
 11
208.66634220438618
 21
260.426766195599
 31
0.0
  0
LINE
  5
EE
330
17
100
AcDbEntity
  8
0
  6
Continuous
 62
7
370
25
100
AcDbLine
 10
210.08175286557736
 20
260.3021819923825
 30
0.0
 11
209.17248617808588
 21
260.3021819923825
 31
0.0
  0
SPLINE
  5
EF
330
17
100
AcDbEntity
  8
0
  6
Continuous
 62
7
370
25
100
AcDbSpline
210
0.0
220
0.0
230
2.5
 70
8
 71
3
 72
9
 73
5
 74
0
 42
1e-08
 43
1e-08
 40
0.0
 40
0.0
 40
0.0
 40
0.0
 40
0.5600631380498972
 40
1.0
 40
1.0
 40
1.0
 40
1.0
 10
208.66634220438618
 20
260.426766195599
 30
0.0
 10
208.7607411169911
 20
260.4020054195405
 30
0.0
 10
208.92929160030553
 20
260.3577947326085
 30
0.0
 10
209.09818412900364
 20
260.3191730807185
 30
0.0
 10
209.17248617808588
 20
260.3021819923825
 30
0.0
  0
LINE
  5
F0
330
17
100
AcDbEntity
  8
0
  6
Continuous
 62
7
370
25
100
AcDbLine
 10
213.06767551879832
 20
260.3021819923825
 30
0.0
 11
212.15840883130684
 21
260.3021819923825
 31
0.0
  0
LINE
  5
F1
330
17
100
AcDbEntity
  8
0
  6
Continuous
 62
7
370
25
100
AcDbLine
 10
211.13129678060983
 20
206.26818199238255
 30
0.0
 11
225.83129678060982
 21
206.26818199238255
 31
0.0
  0
LINE
  5
F2
330
17
100
AcDbEntity
  8
0
  6
Continuous
 62
7
370
25
100
AcDbLine
 10
242.23129678060985
 20
227.70317636674508
 30
0.0
 11
242.23129678060985
 21
245.3011876180201
 31
0.0
  0
LINE
  5
F3
330
17
100
AcDbEntity
  8
0
  6
Continuous
 62
7
370
25
100
AcDbLine
 10
207.98129678060985
 20
243.70218199238255
 30
0.0
 11
207.98129678060985
 21
229.30218199238254
 31
0.0
  0
LINE
  5
F4
330
17
100
AcDbEntity
  8
0
  6
Continuous
 62
7
370
25
100
AcDbLine
 10
248.98129678060985
 20
245.3011876180201
 30
0.0
 11
248.98129678060985
 21
227.70317636674508
 31
0.0
  0
LINE
  5
F5
330
17
100
AcDbEntity
  8
0
  6
Continuous
 62
7
370
25
100
AcDbLine
 10
227.79010738313383
 20
260.3021819923825
 30
0.0
 11
227.83129678060985
 21
260.3021819923825
 31
0.0
  0
LINE
  5
F6
330
17
100
AcDbEntity
  8
0
  6
Continuous
 62
7
370
25
100
AcDbLine
 10
209.13129678060986
 20
260.3021819923825
 30
0.0
 11
209.17248617808588
 21
260.3021819923825
 31
0.0
  0
LINE
  5
F7
330
17
100
AcDbEntity
  8
0
  6
Continuous
 62
7
370
25
100
AcDbLine
 10
218.48129678060982
 20
328.20218199238246
 30
0.0
 11
268.48129678060974
 21
328.20218199238246
 31
0.0
  0
LINE
  5
F8
330
17
100
AcDbEntity
  8
0
  6
Continuous
 62
7
370
25
100
AcDbLine
 10
168.48129678060985
 20
328.20218199238246
 30
0.0
 11
218.48129678060982
 21
328.20218199238246
 31
0.0
  0
LINE
  5
F9
330
17
100
AcDbEntity
  8
0
  6
Continuous
 62
7
370
25
100
AcDbLine
 10
218.48129678060982
 20
333.00218199238253
 30
0.0
 11
168.48129678060985
 21
333.00218199238253
 31
0.0
  0
LINE
  5
FA
330
17
100
AcDbEntity
  8
0
  6
Continuous
 62
7
370
25
100
AcDbLine
 10
268.48129678060974
 20
333.00218199238253
 30
0.0
 11
218.48129678060982
 21
333.00218199238253
 31
0.0
  0
LINE
  5
FB
330
17
100
AcDbEntity
  8
0
  6
Continuous
 62
7
370
25
100
AcDbLine
 10
218.48129678060982
 20
328.00218199238253
 30
0.0
 11
168.68129678060984
 21
328.0021819923827
 31
0.0
  0
LINE
  5
FC
330
17
100
AcDbEntity
  8
0
  6
Continuous
 62
7
370
25
100
AcDbLine
 10
268.28129678060975
 20
328.00218199238253
 30
0.0
 11
218.48129678060982
 21
328.00218199238253
 31
0.0
  0
LINE
  5
FD
330
17
100
AcDbEntity
  8
0
  6
Continuous
 62
7
370
25
100
AcDbLine
 10
218.48129678060982
 20
269.0021819923825
 30
0.0
 11
258.48129678060974
 21
269.0021819923825
 31
0.0
  0
LINE
  5
FE
330
17
100
AcDbEntity
  8
0
  6
Continuous
 62
7
370
25
100
AcDbLine
 10
178.48129678060982
 20
269.0021819923825
 30
0.0
 11
218.48129678060982
 21
269.0021819923825
 31
0.0
  0
LINE
  5
FF
330
17
100
AcDbEntity
  8
0
  6
Continuous
 62
7
370
25
100
AcDbLine
 10
218.48129678060982
 20
268.00218199238253
 30
0.0
 11
179.4812967806098
 21
268.00218199238253
 31
0.0
  0
LINE
  5
100
330
17
100
AcDbEntity
  8
0
  6
Continuous
 62
7
370
25
100
AcDbLine
 10
257.48129678061
 20
268.00218199238253
 30
0.0
 11
218.48129678060982
 21
268.00218199238253
 31
0.0
  0
LINE
  5
101
330
17
100
AcDbEntity
  8
0
  6
Continuous
 62
7
370
25
100
AcDbLine
 10
168.48129678060985
 20
333.1021819923825
 30
0.0
 11
268.48129678061
 21
333.1021819923825
 31
0.0
  0
LINE
  5
102
330
17
100
AcDbEntity
  8
0
  6
Continuous
 62
7
370
25
100
AcDbLine
 10
218.48129678060985
 20
346.00218199238276
 30
0.0
 11
268.3812967806098
 21
346.00218199238276
 31
0.0
  0
LINE
  5
103
330
17
100
AcDbEntity
  8
0
  6
Continuous
 62
7
370
25
100
AcDbLine
 10
168.58129678060988
 20
346.00218199238276
 30
0.0
 11
218.48129678060985
 21
346.00218199238276
 31
0.0
  0
LINE
  5
104
330
17
100
AcDbEntity
  8
0
  6
Continuous
 62
7
370
25
100
AcDbLine
 10
218.48129678060985
 20
345.9021819923825
 30
0.0
 11
168.48129678060985
 21
345.9021819923825
 31
0.0
  0
LINE
  5
105
330
17
100
AcDbEntity
  8
0
  6
Continuous
 62
7
370
25
100
AcDbLine
 10
268.48129678061
 20
345.9021819923825
 30
0.0
 11
218.48129678060985
 21
345.9021819923825
 31
0.0
  0
LINE
  5
106
330
17
100
AcDbEntity
  8
0
  6
Continuous
 62
7
370
25
100
AcDbLine
 10
186.20457558249953
 20
446.2021819923825
 30
0.0
 11
186.20457558249953
 21
355.80218199238254
 31
0.0
  0
LINE
  5
107
330
17
100
AcDbEntity
  8
0
  6
Continuous
 62
7
370
25
100
AcDbLine
 10
168.48129678061014
 20
446.2021819923825
 30
0.0
 11
186.20457558249953
 21
446.2021819923825
 31
0.0
  0
LINE
  5
108
330
17
100
AcDbEntity
  8
0
  6
Continuous
 62
7
370
25
100
AcDbLine
 10
186.20457558249953
 20
355.80218199238254
 30
0.0
 11
168.48129678061014
 21
355.80218199238254
 31
0.0
  0
LINE
  5
109
330
17
100
AcDbEntity
  8
0
  6
Continuous
 62
7
370
25
100
AcDbLine
 10
268.48129678061025
 20
455.90218199238274
 30
0.0
 11
168.48129678061014
 21
455.90218199238274
 31
0.0
  0
LINE
  5
10A
330
17
100
AcDbEntity
  8
0
  6
Continuous
 62
7
370
25
100
AcDbLine
 10
168.48129678061014
 20
346.1021819923825
 30
0.0
 11
268.48129678061025
 21
346.1021819923825
 31
0.0
  0
LINE
  5
10B
330
17
100
AcDbEntity
  8
0
  6
Continuous
 62
7
370
25
100
AcDbLine
 10
268.3812967806103
 20
346.00218199238276
 30
0.0
 11
168.58129678061016
 21
346.00218199238276
 31
0.0
  0
LINE
  5
10C
330
17
100
AcDbEntity
  8
0
  6
Continuous
 62
7
370
25
100
AcDbLine
 10
168.58129678061007
 20
456.00218199238276
 30
0.0
 11
268.3812967806103
 21
456.00218199238276
 31
0.0
  0
LINE
  5
10D
330
17
100
AcDbEntity
  8
0
  6
Continuous
 62
7
370
25
100
AcDbLine
 10
185.48129678061014
 20
446.12709905802853
 30
0.0
 11
186.20457558249953
 21
446.2021819923825
 31
0.0
  0
LINE
  5
10E
330
17
100
AcDbEntity
  8
0
  6
Continuous
 62
7
370
25
100
AcDbLine
 10
185.48129678061014
 20
446.1021819923825
 30
0.0
 11
168.5812967806101
 21
446.1021819923825
 31
0.0
  0
LINE
  5
10F
330
17
100
AcDbEntity
  8
0
  6
Continuous
 62
7
370
25
100
AcDbLine
 10
185.48129678061014
 20
355.87726492673704
 30
0.0
 11
185.48129678061014
 21
357.0021819923827
 31
0.0
  0
LINE
  5
110
330
17
100
AcDbEntity
  8
0
  6
Continuous
 62
7
370
25
100
AcDbLine
 10
185.48129678061014
 20
445.0021819923825
 30
0.0
 11
185.48129678061014
 21
446.12709905802853
 31
0.0
  0
LINE
  5
111
330
17
100
AcDbEntity
  8
0
  6
Continuous
 62
7
370
25
100
AcDbLine
 10
185.48129678061014
 20
355.87726492673704
 30
0.0
 11
186.20457558249953
 21
355.80218199238254
 31
0.0
  0
LINE
  5
112
330
17
100
AcDbEntity
  8
0
  6
Continuous
 62
7
370
25
100
AcDbLine
 10
168.58129678061007
 20
355.9021819923825
 30
0.0
 11
185.48129678061014
 21
355.9021819923825
 31
0.0
  0
LINE
  5
113
330
17
100
AcDbEntity
  8
0
  6
Continuous
 62
7
370
25
100
AcDbLine
 10
210.25926559937403
 20
464.80218199238254
 30
0.0
 11
210.25926559937403
 21
462.0021819923825
 31
0.0
  0
LINE
  5
114
330
17
100
AcDbEntity
  8
0
  6
Continuous
 62
7
370
25
100
AcDbLine
 10
210.25926559937403
 20
464.80218199238254
 30
0.0
 11
215.06698398078862
 21
464.80218199238254
 31
0.0
  0
LINE
  5
115
330
17
100
AcDbEntity
  8
0
  6
Continuous
 62
7
370
25
100
AcDbLine
 10
215.06698398078862
 20
464.80218199238254
 30
0.0
 11
219.87470236220315
 21
464.80218199238254
 31
0.0
  0
LINE
  5
116
330
17
100
AcDbEntity
  8
0
  6
Continuous
 62
7
370
25
100
AcDbLine
 10
219.87470236220315
 20
464.80218199238254
 30
0.0
 11
219.87470236220315
 21
462.0021819923825
 31
0.0
  0
LINE
  5
117
330
17
100
AcDbEntity
  8
0
  6
Continuous
 62
7
370
25
100
AcDbLine
 10
222.15091089541755
 20
482.80218199238277
 30
0.0
 11
224.4812967806102
 21
482.80218199238277
 31
0.0
  0
LINE
  5
118
330
17
100
AcDbEntity
  8
0
  6
Continuous
 62
7
370
25
100
AcDbLine
 10
212.4812967806102
 20
482.80218199238277
 30
0.0
 11
222.15091089541755
 21
482.80218199238277
 31
0.0
  0
LINE
  5
119
330
17
100
AcDbEntity
  8
0
  6
Continuous
 62
7
370
25
100
AcDbLine
 10
223.98571795282123
 20
464.80218199238254
 30
0.0
 11
228.0967335434393
 21
464.80218199238254
 31
0.0
  0
LINE
  5
11A
330
17
100
AcDbEntity
  8
0
  6
Continuous
 62
7
370
25
100
AcDbLine
 10
228.0967335434393
 20
464.80218199238254
 30
0.0
 11
228.0967335434393
 21
462.0021819923825
 31
0.0
  0
LINE
  5
11B
330
17
100
AcDbEntity
  8
0
  6
Continuous
 62
7
370
25
100
AcDbLine
 10
219.87470236220315
 20
464.80218199238254
 30
0.0
 11
223.98571795282123
 21
464.80218199238254
 31
0.0
  0
LINE
  5
11C
330
17
100
AcDbEntity
  8
0
  6
Continuous
 62
7
370
25
100
AcDbLine
 10
208.86586001778102
 20
464.80218199238254
 30
0.0
 11
208.86586001778102
 21
462.0021819923825
 31
0.0
  0
LINE
  5
11D
330
17
100
AcDbEntity
  8
0
  6
Continuous
 62
7
370
25
100
AcDbLine
 10
208.86586001778102
 20
464.80218199238254
 30
0.0
 11
209.56256280857755
 21
464.80218199238254
 31
0.0
  0
LINE
  5
11E
330
17
100
AcDbEntity
  8
0
  6
Continuous
 62
7
370
25
100
AcDbLine
 10
209.56256280857755
 20
464.80218199238254
 30
0.0
 11
210.25926559937403
 21
464.80218199238254
 31
0.0
  0
LINE
  5
11F
330
17
100
AcDbEntity
  8
0
  6
Continuous
 62
7
370
25
100
AcDbLine
 10
268.48129678061025
 20
461.9021819923825
 30
0.0
 11
168.48129678061017
 21
461.9021819923825
 31
0.0
  0
LINE
  5
120
330
17
100
AcDbEntity
  8
0
  6
Continuous
 62
7
370
25
100
AcDbLine
 10
168.48129678061017
 20
456.1021819923825
 30
0.0
 11
268.48129678061025
 21
456.1021819923827
 31
0.0
  0
LINE
  5
121
330
17
100
AcDbEntity
  8
0
  6
Continuous
 62
7
370
25
100
AcDbLine
 10
168.58129678061016
 20
462.0021819923825
 30
0.0
 11
268.3812967806103
 21
462.0021819923827
 31
0.0
  0
LINE
  5
122
330
17
100
AcDbEntity
  8
0
  6
Continuous
 62
8
370
25
100
AcDbLine
 10
248.2596005362927
 20
327.90218199238245
 30
0.0
 11
248.25820871519124
 21
327.90218199238245
 31
0.0
  0
LINE
  5
123
330
17
100
AcDbEntity
  8
0
  6
Continuous
 62
8
370
25
100
AcDbLine
 10
253.75820871519124
 20
327.90218199238245
 30
0.0
 11
248.2596005362927
 21
327.90218199238245
 31
0.0
  0
LINE
  5
124
330
17
100
AcDbEntity
  8
0
  6
Continuous
 62
8
370
25
100
AcDbLine
 10
248.25820871519124
 20
325.1021819923825
 30
0.0
 11
253.75820871519124
 21
325.1021819923825
 31
0.0
  0
LINE
  5
125
330
17
100
AcDbEntity
  8
0
  6
Continuous
 62
8
370
25
100
AcDbLine
 10
188.70438484602897
 20
327.90218199238245
 30
0.0
 11
183.20438484602897
 21
327.90218199238245
 31
0.0
  0
LINE
  5
126
330
17
100
AcDbEntity
  8
0
  6
Continuous
 62
8
370
25
100
AcDbLine
 10
183.20438484602897
 20
325.1021819923825
 30
0.0
 11
188.70438484602897
 21
325.1021819923825
 31
0.0
  0
LINE
  5
127
330
17
100
AcDbEntity
  8
0
  6
Continuous
 62
8
370
25
100
AcDbLine
 10
223.98571795282123
 20
479.8021819923827
 30
0.0
 11
209.48129678061014
 21
479.8021819923827
 31
0.0
  0
LINE
  5
128
330
17
100
AcDbEntity
  8
0
  6
Continuous
 62
8
370
25
100
AcDbLine
 10
227.48129678061017
 20
479.8021819923827
 30
0.0
 11
223.98571795282123
 21
479.8021819923827
 31
0.0
  0
DIMENSION
  5
129
330
17
100
AcDbEntity
  8
0
  6
Continuous
 62
7
370
18
100
AcDbDimension
280
0
  2
_D
  3
SLDDIMSTYLE0
 10
268.48129678061025
 20
505.78140395024025
 30
0.0
 11
211.18425942077934
 21
505.78140395024025
 31
0.0
 70
160
 71
2
 42
-1.0
 73
0
 74
0
 75
0
  1
<>
100
AcDbAlignedDimension
 13
150.4812967806099
 23
446.00218199238276
 33
0.0
 14
268.48129678061025
 24
461.9021819923825
 34
0.0
 50
0.0
100
AcDbRotatedDimension
  0
DIMENSION
  5
133
330
17
100
AcDbEntity
  8
0
  6
Continuous
 62
7
370
18
100
AcDbDimension
280
0
  2
_D_1
  3
SLDDIMSTYLE0
 10
110.48129678060988
 20
204.30218199238251
 30
0.0
 11
110.48129678060988
 21
352.753900106998
 31
0.0
 70
160
 71
2
 42
-1.0
 73
0
 74
0
 75
0
  1
<>
100
AcDbAlignedDimension
 13
212.4812967806102
 23
482.8021819923825
 33
0.0
 14
209.7312967806098
 24
204.30218199238251
 34
0.0
 50
90.0000000000002
100
AcDbRotatedDimension
  0
DIMENSION
  5
13D
330
17
100
AcDbEntity
  8
0
  6
Continuous
 62
7
370
18
100
AcDbDimension
280
0
  2
_D_2
  3
SLDDIMSTYLE0
 10
303.00167698272423
 20
462.0021819923825
 30
0.0
 11
303.00167698272423
 21
370.19337451316824
 31
0.0
 70
160
 71
2
 42
-1.0
 73
0
 74
0
 75
0
  1
<>
100
AcDbAlignedDimension
 13
257.4812967806098
 23
268.00218199238253
 33
0.0
 14
268.3812967806103
 24
462.0021819923825
 34
0.0
 50
90.0000000000002
100
AcDbRotatedDimension
  0
ARC
  5
147
330
17
100
AcDbEntity
  8
0
  6
Continuous
 62
7
370
25
100
AcDbCircle
 10
497.72592223358373
 20
325.1021819923827
 30
0.0
 40
0.10000000000005124
100
AcDbArc
 50
180.0
 51
-89.9999999999993
  0
ARC
  5
148
330
17
100
AcDbEntity
  8
0
  6
Continuous
 62
7
370
25
100
AcDbCircle
 10
503.02592223358374
 20
325.1021819923827
 30
0.0
 40
0.10000000000005124
100
AcDbArc
 50
-89.9999999999993
 51
0.0
  0
ARC
  5
149
330
17
100
AcDbEntity
  8
0
  6
Continuous
 62
7
370
25
100
AcDbCircle
 10
497.72592223358373
 20
327.90218199238274
 30
0.0
 40
0.10000000000005124
100
AcDbArc
 50
90.0
 51
180.0
  0
ARC
  5
14A
330
17
100
AcDbEntity
  8
0
  6
Continuous
 62
7
370
25
100
AcDbCircle
 10
503.02592223358374
 20
327.90218199238274
 30
0.0
 40
0.10000000000005124
100
AcDbArc
 50
0.0
 51
90.0
  0
LINE
  5
14B
330
17
100
AcDbEntity
  8
0
  6
Continuous
 62
7
370
25
100
AcDbLine
 10
503.1259222335837
 20
325.1021819923827
 30
0.0
 11
503.1259222335837
 21
327.90218199238274
 31
0.0
  0
LINE
  5
14C
330
17
100
AcDbEntity
  8
0
  6
Continuous
 62
7
370
25
100
AcDbLine
 10
497.62592223358376
 20
327.90218199238274
 30
0.0
 11
497.62592223358376
 21
325.1021819923827
 31
0.0
  0
ARC
  5
14D
330
17
100
AcDbEntity
  8
0
  6
Continuous
 62
7
370
25
100
AcDbCircle
 10
432.67209836442197
 20
327.90218199238274
 30
0.0
 40
0.10000000000005124
100
AcDbArc
 50
90.0
 51
180.0
  0
ARC
  5
14E
330
17
100
AcDbEntity
  8
0
  6
Continuous
 62
7
370
25
100
AcDbCircle
 10
437.972098364422
 20
327.90218199238274
 30
0.0
 40
0.10000000000005124
100
AcDbArc
 50
0.0
 51
90.0
  0
LINE
  5
14F
330
17
100
AcDbEntity
  8
0
  6
Continuous
 62
7
370
25
100
AcDbLine
 10
438.072098364422
 20
325.1021819923827
 30
0.0
 11
438.072098364422
 21
327.90218199238274
 31
0.0
  0
LINE
  5
150
330
17
100
AcDbEntity
  8
0
  6
Continuous
 62
7
370
25
100
AcDbLine
 10
432.572098364422
 20
327.90218199238274
 30
0.0
 11
432.572098364422
 21
325.1021819923827
 31
0.0
  0
ARC
  5
151
330
17
100
AcDbEntity
  8
0
  6
Continuous
 62
7
370
25
100
AcDbCircle
 10
432.67209836442197
 20
325.1021819923827
 30
0.0
 40
0.09999999999998
100
AcDbArc
 50
180.0
 51
-89.9999999999993
  0
ARC
  5
152
330
17
100
AcDbEntity
  8
0
  6
Continuous
 62
7
370
25
100
AcDbCircle
 10
437.972098364422
 20
325.1021819923827
 30
0.0
 40
0.09999999999998
100
AcDbArc
 50
-89.9999999999993
 51
0.0
  0
LINE
  5
153
330
17
100
AcDbEntity
  8
0
  6
Continuous
 62
7
370
25
100
AcDbLine
 10
475.89901029900295
 20
251.10218199238275
 30
0.0
 11
475.89901029900295
 21
252.60218199238273
 31
0.0
  0
LINE
  5
154
330
17
100
AcDbEntity
  8
0
  6
Continuous
 62
7
370
25
100
AcDbLine
 10
475.89901029900295
 20
246.60218199238267
 30
0.0
 11
475.89901029900295
 21
249.6021819923826
 31
0.0
  0
LINE
  5
155
330
17
100
AcDbEntity
  8
0
  6
Continuous
 62
7
370
25
100
AcDbLine
 10
475.399010299003
 20
249.6021819923826
 30
0.0
 11
475.399010299003
 21
251.10218199238275
 31
0.0
  0
LINE
  5
156
330
17
100
AcDbEntity
  8
0
  6
Continuous
 62
7
370
25
100
AcDbLine
 10
459.799010299003
 20
249.6021819923826
 30
0.0
 11
459.799010299003
 21
246.60218199238267
 31
0.0
  0
LINE
  5
157
330
17
100
AcDbEntity
  8
0
  6
Continuous
 62
7
370
25
100
AcDbLine
 10
459.799010299003
 20
252.60218199238273
 30
0.0
 11
459.799010299003
 21
251.10218199238275
 31
0.0
  0
LINE
  5
158
330
17
100
AcDbEntity
  8
0
  6
Continuous
 62
7
370
25
100
AcDbLine
 10
460.2990102990027
 20
251.10218199238275
 30
0.0
 11
460.2990102990027
 21
249.6021819923826
 31
0.0
  0
LINE
  5
159
330
17
100
AcDbEntity
  8
0
  6
Continuous
 62
7
370
25
100
AcDbLine
 10
458.88658725130824
 20
252.80195815021773
 30
0.0
 11
459.34901029900277
 21
252.60218199238273
 31
0.0
  0
LINE
  5
15A
330
17
100
AcDbEntity
  8
0
  6
Continuous
 62
7
370
25
100
AcDbLine
 10
459.34901029900254
 20
268.00218199238276
 30
0.0
 11
458.883003044389
 21
267.73313257848724
 31
0.0
  0
LINE
  5
15B
330
17
100
AcDbEntity
  8
0
  6
Continuous
 62
7
370
25
100
AcDbLine
 10
476.8150175536167
 20
267.73313257848724
 30
0.0
 11
476.34901029900345
 21
268.00218199238276
 31
0.0
  0
LINE
  5
15C
330
17
100
AcDbEntity
  8
0
  6
Continuous
 62
7
370
25
100
AcDbLine
 10
476.349010299003
 20
252.60218199238273
 30
0.0
 11
476.81143334669696
 21
252.8019581502175
 31
0.0
  0
LINE
  5
15D
330
17
100
AcDbEntity
  8
0
  6
Continuous
 62
7
370
25
100
AcDbLine
 10
496.599010299003
 20
255.70218199238275
 30
0.0
 11
496.599010299003
 21
260.3021819923827
 31
0.0
  0
LINE
  5
15E
330
17
100
AcDbEntity
  8
0
  6
Continuous
 62
7
370
25
100
AcDbLine
 10
479.099010299003
 20
260.3021819923827
 30
0.0
 11
479.099010299003
 21
255.70218199238275
 31
0.0
  0
LINE
  5
15F
330
17
100
AcDbEntity
  8
0
  6
Continuous
 62
7
370
25
100
AcDbLine
 10
496.599010299003
 20
207.55618199238268
 30
0.0
 11
496.599010299003
 21
217.30218199238266
 31
0.0
  0
LINE
  5
160
330
17
100
AcDbEntity
  8
0
  6
Continuous
 62
7
370
25
100
AcDbLine
 10
479.099010299003
 20
217.30218199238266
 30
0.0
 11
479.099010299003
 21
207.55618199238268
 31
0.0
  0
LINE
  5
161
330
17
100
AcDbEntity
  8
0
  6
Continuous
 62
7
370
25
100
AcDbLine
 10
496.599010299003
 20
204.30218199238269
 30
0.0
 11
496.599010299003
 21
205.30218199238266
 31
0.0
  0
LINE
  5
162
330
17
100
AcDbEntity
  8
0
  6
Continuous
 62
7
370
25
100
AcDbLine
 10
479.099010299003
 20
205.30218199238266
 30
0.0
 11
479.099010299003
 21
204.30218199238269
 31
0.0
  0
LINE
  5
163
330
17
100
AcDbEntity
  8
0
  6
Continuous
 62
7
370
25
100
AcDbLine
 10
495.199010299003
 20
206.2681819923827
 30
0.0
 11
495.199010299003
 21
207.55618199238268
 31
0.0
  0
LINE
  5
164
330
17
100
AcDbEntity
  8
0
  6
Continuous
 62
7
370
25
100
AcDbLine
 10
480.499010299003
 20
207.55618199238268
 30
0.0
 11
480.499010299003
 21
206.2681819923827
 31
0.0
  0
LINE
  5
165
330
17
100
AcDbEntity
  8
0
  6
Continuous
 62
7
370
25
100
AcDbLine
 10
493.974010299003
 20
205.30218199238266
 30
0.0
 11
493.974010299003
 21
206.2681819923827
 31
0.0
  0
LINE
  5
166
330
17
100
AcDbEntity
  8
0
  6
Continuous
 62
7
370
25
100
AcDbLine
 10
481.724010299003
 20
206.2681819923827
 30
0.0
 11
481.724010299003
 21
205.30218199238266
 31
0.0
  0
LINE
  5
167
330
17
100
AcDbEntity
  8
0
  6
Continuous
 62
7
370
25
100
AcDbLine
 10
456.599010299003
 20
255.70218199238252
 30
0.0
 11
456.599010299003
 21
260.3021819923827
 31
0.0
  0
LINE
  5
168
330
17
100
AcDbEntity
  8
0
  6
Continuous
 62
7
370
25
100
AcDbLine
 10
439.099010299003
 20
260.3021819923827
 30
0.0
 11
439.099010299003
 21
255.70218199238252
 31
0.0
  0
LINE
  5
169
330
17
100
AcDbEntity
  8
0
  6
Continuous
 62
7
370
25
100
AcDbLine
 10
456.599010299003
 20
207.5561819923826
 30
0.0
 11
456.599010299003
 21
217.30218199238263
 31
0.0
  0
LINE
  5
16A
330
17
100
AcDbEntity
  8
0
  6
Continuous
 62
7
370
25
100
AcDbLine
 10
439.099010299003
 20
217.30218199238263
 30
0.0
 11
439.099010299003
 21
207.5561819923826
 31
0.0
  0
LINE
  5
16B
330
17
100
AcDbEntity
  8
0
  6
Continuous
 62
7
370
25
100
AcDbLine
 10
456.599010299003
 20
204.30218199238266
 30
0.0
 11
456.599010299003
 21
205.3021819923826
 31
0.0
  0
LINE
  5
16C
330
17
100
AcDbEntity
  8
0
  6
Continuous
 62
7
370
25
100
AcDbLine
 10
439.099010299003
 20
205.3021819923826
 30
0.0
 11
439.099010299003
 21
204.30218199238266
 31
0.0
  0
LINE
  5
16D
330
17
100
AcDbEntity
  8
0
  6
Continuous
 62
7
370
25
100
AcDbLine
 10
455.199010299003
 20
206.2681819923826
 30
0.0
 11
455.199010299003
 21
207.5561819923826
 31
0.0
  0
LINE
  5
16E
330
17
100
AcDbEntity
  8
0
  6
Continuous
 62
7
370
25
100
AcDbLine
 10
440.499010299003
 20
207.5561819923826
 30
0.0
 11
440.499010299003
 21
206.2681819923826
 31
0.0
  0
LINE
  5
16F
330
17
100
AcDbEntity
  8
0
  6
Continuous
 62
7
370
25
100
AcDbLine
 10
453.974010299003
 20
205.3021819923826
 30
0.0
 11
453.974010299003
 21
206.2681819923826
 31
0.0
  0
LINE
  5
170
330
17
100
AcDbEntity
  8
0
  6
Continuous
 62
7
370
25
100
AcDbLine
 10
441.724010299003
 20
206.2681819923826
 30
0.0
 11
441.724010299003
 21
205.3021819923826
 31
0.0
  0
LINE
  5
171
330
17
100
AcDbEntity
  8
0
  6
Continuous
 62
7
370
25
100
AcDbLine
 10
417.849010299003
 20
328.20218199238246
 30
0.0
 11
418.049010299003
 21
328.0021819923827
 31
0.0
  0
LINE
  5
172
330
17
100
AcDbEntity
  8
0
  6
Continuous
 62
7
370
25
100
AcDbLine
 10
517.6490102990031
 20
328.0021819923827
 30
0.0
 11
517.849010299003
 21
328.20218199238246
 31
0.0
  0
LINE
  5
173
330
17
100
AcDbEntity
  8
0
  6
Continuous
 62
7
370
25
100
AcDbLine
 10
417.849010299003
 20
333.0021819923827
 30
0.0
 11
417.849010299003
 21
328.20218199238246
 31
0.0
  0
LINE
  5
174
330
17
100
AcDbEntity
  8
0
  6
Continuous
 62
7
370
25
100
AcDbLine
 10
517.849010299003
 20
328.20218199238246
 30
0.0
 11
517.849010299003
 21
333.0021819923827
 31
0.0
  0
LINE
  5
175
330
17
100
AcDbEntity
  8
0
  6
Continuous
 62
7
370
25
100
AcDbLine
 10
427.849010299003
 20
328.0021819923827
 30
0.0
 11
427.849010299003
 21
269.00218199238276
 31
0.0
  0
LINE
  5
176
330
17
100
AcDbEntity
  8
0
  6
Continuous
 62
7
370
25
100
AcDbLine
 10
507.849010299003
 20
269.00218199238276
 30
0.0
 11
507.849010299003
 21
328.0021819923827
 31
0.0
  0
LINE
  5
177
330
17
100
AcDbEntity
  8
0
  6
Continuous
 62
7
370
25
100
AcDbLine
 10
427.849010299003
 20
269.00218199238276
 30
0.0
 11
428.849010299003
 21
268.00218199238276
 31
0.0
  0
LINE
  5
178
330
17
100
AcDbEntity
  8
0
  6
Continuous
 62
7
370
25
100
AcDbLine
 10
506.849010299003
 20
268.00218199238276
 30
0.0
 11
507.849010299003
 21
269.00218199238276
 31
0.0
  0
LINE
  5
179
330
17
100
AcDbEntity
  8
0
  6
Continuous
 62
7
370
25
100
AcDbLine
 10
517.849010299003
 20
333.1021819923828
 30
0.0
 11
517.849010299003
 21
345.90218199238274
 31
0.0
  0
LINE
  5
17A
330
17
100
AcDbEntity
  8
0
  6
Continuous
 62
7
370
25
100
AcDbLine
 10
417.849010299003
 20
345.90218199238274
 30
0.0
 11
417.849010299003
 21
333.1021819923828
 31
0.0
  0
LINE
  5
17B
330
17
100
AcDbEntity
  8
0
  6
Continuous
 62
7
370
25
100
AcDbLine
 10
417.849010299003
 20
333.1021819923828
 30
0.0
 11
417.949010299003
 21
333.0021819923827
 31
0.0
  0
LINE
  5
17C
330
17
100
AcDbEntity
  8
0
  6
Continuous
 62
7
370
25
100
AcDbLine
 10
517.749010299003
 20
333.0021819923827
 30
0.0
 11
517.849010299003
 21
333.1021819923828
 31
0.0
  0
LINE
  5
17D
330
17
100
AcDbEntity
  8
0
  6
Continuous
 62
7
370
25
100
AcDbLine
 10
517.849010299003
 20
345.90218199238274
 30
0.0
 11
517.749010299003
 21
346.00218199238276
 31
0.0
  0
LINE
  5
17E
330
17
100
AcDbEntity
  8
0
  6
Continuous
 62
7
370
25
100
AcDbLine
 10
417.949010299003
 20
346.00218199238276
 30
0.0
 11
417.849010299003
 21
345.90218199238274
 31
0.0
  0
LINE
  5
17F
330
17
100
AcDbEntity
  8
0
  6
Continuous
 62
7
370
25
100
AcDbLine
 10
517.849010299003
 20
346.1021819923827
 30
0.0
 11
517.849010299003
 21
455.90218199238274
 31
0.0
  0
LINE
  5
180
330
17
100
AcDbEntity
  8
0
  6
Continuous
 62
7
370
25
100
AcDbLine
 10
417.849010299003
 20
455.90218199238274
 30
0.0
 11
417.849010299003
 21
346.1021819923827
 31
0.0
  0
LINE
  5
181
330
17
100
AcDbEntity
  8
0
  6
Continuous
 62
7
370
25
100
AcDbLine
 10
417.849010299003
 20
346.1021819923827
 30
0.0
 11
417.949010299003
 21
346.00218199238276
 31
0.0
  0
LINE
  5
182
330
17
100
AcDbEntity
  8
0
  6
Continuous
 62
7
370
25
100
AcDbLine
 10
517.749010299003
 20
346.00218199238276
 30
0.0
 11
517.849010299003
 21
346.1021819923827
 31
0.0
  0
LINE
  5
183
330
17
100
AcDbEntity
  8
0
  6
Continuous
 62
7
370
25
100
AcDbLine
 10
517.849010299003
 20
455.90218199238274
 30
0.0
 11
517.749010299003
 21
456.00218199238276
 31
0.0
  0
LINE
  5
184
330
17
100
AcDbEntity
  8
0
  6
Continuous
 62
7
370
25
100
AcDbLine
 10
417.949010299003
 20
456.00218199238276
 30
0.0
 11
417.849010299003
 21
455.90218199238274
 31
0.0
  0
LINE
  5
185
330
17
100
AcDbEntity
  8
0
  6
Continuous
 62
7
370
25
100
AcDbLine
 10
476.849010299003
 20
464.8021819923827
 30
0.0
 11
476.849010299003
 21
479.8021819923827
 31
0.0
  0
LINE
  5
186
330
17
100
AcDbEntity
  8
0
  6
Continuous
 62
7
370
25
100
AcDbLine
 10
458.849010299003
 20
479.8021819923827
 30
0.0
 11
458.849010299003
 21
464.8021819923827
 31
0.0
  0
ARC
  5
187
330
17
100
AcDbEntity
  8
0
  6
Continuous
 62
7
370
25
100
AcDbCircle
 10
461.849010299003
 20
479.8021819923827
 30
0.0
 40
2.9999999999999725
100
AcDbArc
 50
90.0
 51
179.999999999999
  0
ARC
  5
188
330
17
100
AcDbEntity
  8
0
  6
Continuous
 62
7
370
25
100
AcDbCircle
 10
473.849010299003
 20
479.8021819923827
 30
0.0
 40
3.0000000000000426
100
AcDbArc
 50
9.754e-13
 51
90.0
  0
LINE
  5
189
330
17
100
AcDbEntity
  8
0
  6
Continuous
 62
7
370
25
100
AcDbLine
 10
517.849010299003
 20
461.90218199238274
 30
0.0
 11
517.749010299003
 21
462.0021819923827
 31
0.0
  0
LINE
  5
18A
330
17
100
AcDbEntity
  8
0
  6
Continuous
 62
7
370
25
100
AcDbLine
 10
417.949010299003
 20
462.0021819923827
 30
0.0
 11
417.849010299003
 21
461.90218199238274
 31
0.0
  0
LINE
  5
18B
330
17
100
AcDbEntity
  8
0
  6
Continuous
 62
7
370
25
100
AcDbLine
 10
417.849010299003
 20
461.90218199238274
 30
0.0
 11
417.849010299003
 21
456.1021819923827
 31
0.0
  0
LINE
  5
18C
330
17
100
AcDbEntity
  8
0
  6
Continuous
 62
7
370
25
100
AcDbLine
 10
517.849010299003
 20
456.1021819923827
 30
0.0
 11
517.849010299003
 21
461.90218199238274
 31
0.0
  0
LINE
  5
18D
330
17
100
AcDbEntity
  8
0
  6
Continuous
 62
7
370
25
100
AcDbLine
 10
417.849010299003
 20
456.1021819923827
 30
0.0
 11
417.949010299003
 21
456.00218199238276
 31
0.0
  0
LINE
  5
18E
330
17
100
AcDbEntity
  8
0
  6
Continuous
 62
7
370
25
100
AcDbLine
 10
517.749010299003
 20
456.00218199238276
 30
0.0
 11
517.849010299003
 21
456.1021819923827
 31
0.0
  0
LINE
  5
18F
330
17
100
AcDbEntity
  8
0
  6
Continuous
 62
7
370
25
100
AcDbLine
 10
497.727263443009
 20
325.00218199238276
 30
0.0
 11
497.72592223358373
 21
325.00218199238276
 31
0.0
  0
LINE
  5
190
330
17
100
AcDbEntity
  8
0
  6
Continuous
 62
7
370
25
100
AcDbLine
 10
503.02592223358374
 20
325.00218199238276
 30
0.0
 11
497.727263443009
 21
325.00218199238276
 31
0.0
  0
LINE
  5
191
330
17
100
AcDbEntity
  8
0
  6
Continuous
 62
7
370
25
100
AcDbLine
 10
437.972098364422
 20
325.00218199238276
 30
0.0
 11
432.67209836442197
 21
325.00218199238276
 31
0.0
  0
SPLINE
  5
192
330
17
100
AcDbEntity
  8
0
  6
Continuous
 62
7
370
25
100
AcDbSpline
210
0.0
220
0.0
230
2.5
 70
8
 71
3
 72
9
 73
5
 74
0
 42
1e-08
 43
1e-08
 40
0.0
 40
0.0
 40
0.0
 40
0.0
 40
0.5145394644271858
 40
1.0
 40
1.0
 40
1.0
 40
1.0
 10
464.75533483306896
 20
267.24299261382777
 30
0.0
 10
465.56640448369626
 20
267.4625779662832
 30
0.0
 10
467.1427066076358
 20
267.8893389197895
 30
0.0
 10
468.7714299499498
 20
267.96530396170374
 30
0.0
 10
469.5621108560095
 20
268.00218199163623
 30
0.0
  0
SPLINE
  5
193
330
17
100
AcDbEntity
  8
0
  6
Continuous
 62
7
370
25
100
AcDbSpline
210
0.0
220
0.0
230
2.5
 70
8
 71
3
 72
9
 73
5
 74
0
 42
1e-08
 43
1e-08
 40
0.0
 40
0.0
 40
0.0
 40
0.0
 40
0.485555025844068
 40
1.0
 40
1.0
 40
1.0
 40
1.0
 10
469.5621109242115
 20
268.00218199163623
 30
0.0
 10
470.35294717879754
 20
267.96528945803124
 30
0.0
 10
471.9816735074178
 20
267.8893093288152
 30
0.0
 10
473.5579693567112
 20
267.46254128770653
 30
0.0
 10
474.3688868341633
 20
267.24299261382777
 30
0.0
  0
LINE
  5
194
330
17
100
AcDbEntity
  8
0
  6
Continuous
 62
7
370
25
100
AcDbLine
 10
474.3688868341633
 20
267.24299261382777
 30
0.0
 11
474.3688868341633
 21
253.17026910282277
 31
0.0
  0
SPLINE
  5
195
330
17
100
AcDbEntity
  8
0
  6
Continuous
 62
7
370
25
100
AcDbSpline
210
0.0
220
0.0
230
2.5
 70
8
 71
3
 72
9
 73
5
 74
0
 42
1e-08
 43
1e-08
 40
0.0
 40
0.0
 40
0.0
 40
0.0
 40
0.5089470542269336
 40
1.0
 40
1.0
 40
1.0
 40
1.0
 10
474.3688868341633
 20
253.17026910282252
 30
0.0
 10
473.5609573487997
 20
253.0068720411705
 30
0.0
 10
471.973504432718
 20
252.6858228076695
 30
0.0
 10
470.35626257599824
 20
252.6297276747905
 30
0.0
 10
469.56211119822825
 20
252.60218199454673
 30
0.0
  0
SPLINE
  5
196
330
17
100
AcDbEntity
  8
0
  6
Continuous
 62
7
370
25
100
AcDbSpline
210
0.0
220
0.0
230
2.5
 70
8
 71
3
 72
9
 73
5
 74
0
 42
1e-08
 43
1e-08
 40
0.0
 40
0.0
 40
0.0
 40
0.0
 40
0.4911452336772802
 40
1.0
 40
1.0
 40
1.0
 40
1.0
 10
469.5621110181535
 20
252.60218199454673
 30
0.0
 10
468.7678109609433
 20
252.62973805226426
 30
0.0
 10
467.1505702697058
 20
252.68584377380677
 30
0.0
 10
465.56311765988676
 20
253.0068987486315
 30
0.0
 10
464.75533483306896
 20
253.17026910282277
 30
0.0
  0
LINE
  5
197
330
17
100
AcDbEntity
  8
0
  6
Continuous
 62
7
370
25
100
AcDbLine
 10
464.75533483306896
 20
267.24299261382777
 30
0.0
 11
464.75533483306896
 21
253.17026910282277
 31
0.0
  0
SPLINE
  5
198
330
17
100
AcDbEntity
  8
0
  6
Continuous
 62
7
370
25
100
AcDbSpline
210
0.0
220
0.0
230
2.5
 70
8
 71
3
 72
9
 73
5
 74
0
 42
1e-08
 43
1e-08
 40
0.0
 40
0.0
 40
0.0
 40
0.0
 40
0.5130183486698119
 40
1.0
 40
1.0
 40
1.0
 40
1.0
 10
474.3688868341633
 20
267.24299261382777
 30
0.0
 10
474.62911351513856
 20
267.4619913612275
 30
0.0
 10
475.13635985759373
 20
267.88887423582173
 30
0.0
 10
475.6604851612255
 20
267.96507407087825
 30
0.0
 10
475.915724567092
 20
268.002181992385
 30
0.0
  0
SPLINE
  5
199
330
17
100
AcDbEntity
  8
0
  6
Continuous
 62
7
370
25
100
AcDbSpline
210
0.0
220
0.0
230
2.5
 70
8
 71
3
 72
9
 73
5
 74
0
 42
1e-08
 43
1e-08
 40
0.0
 40
0.0
 40
0.0
 40
0.0
 40
0.4944302156468042
 40
1.0
 40
1.0
 40
1.0
 40
1.0
 10
475.9157245776208
 20
252.60218199715825
 30
0.0
 10
475.65840658794104
 20
252.63010563371526
 30
0.0
 10
475.1379732051565
 20
252.68658202952125
 30
0.0
 10
474.62714575697976
 20
253.00784716005725
 30
0.0
 10
474.3688868341633
 20
253.17026910282252
 30
0.0
  0
LINE
  5
19A
330
17
100
AcDbEntity
  8
0
  6
Continuous
 62
7
370
25
100
AcDbLine
 10
475.91572456713027
 20
252.60218199238273
 30
0.0
 11
469.56211119721877
 21
252.60218199238273
 31
0.0
  0
SPLINE
  5
19B
330
17
100
AcDbEntity
  8
0
  6
Continuous
 62
7
370
25
100
AcDbSpline
210
0.0
220
0.0
230
2.5
 70
8
 71
3
 72
9
 73
5
 74
0
 42
1e-08
 43
1e-08
 40
0.0
 40
0.0
 40
0.0
 40
0.0
 40
0.508947053892238
 40
0.9999999999999999
 40
0.9999999999999999
 40
0.9999999999999999
 40
0.9999999999999999
 10
464.75533483306896
 20
253.17026910282277
 30
0.0
 10
464.20739842396847
 20
253.00687204128275
 30
0.0
 10
463.13079054322725
 20
252.685822807791
 30
0.0
 10
462.03398594026504
 20
252.629727674844
 30
0.0
 10
461.495396808676
 20
252.60218199454826
 30
0.0
  0
LINE
  5
19C
330
17
100
AcDbEntity
  8
0
  6
Continuous
 62
7
370
25
100
AcDbLine
 10
469.56211119721877
 20
252.60218199238273
 30
0.0
 11
461.49539681242277
 21
252.60218199238273
 31
0.0
  0
SPLINE
  5
19D
330
17
100
AcDbEntity
  8
0
  6
Continuous
 62
7
370
25
100
AcDbSpline
210
0.0
220
0.0
230
2.5
 70
8
 71
3
 72
9
 73
5
 74
0
 42
1e-08
 43
1e-08
 40
0.0
 40
0.0
 40
0.0
 40
0.0
 40
0.4855550352609923
 40
1.0
 40
1.0
 40
1.0
 40
1.0
 10
461.49539656537274
 20
268.002181992384
 30
0.0
 10
462.03173566158523
 20
267.96528946067224
 30
0.0
 10
463.1363253728713
 20
267.8893093368292
 30
0.0
 10
464.2053701370545
 20
267.462541287775
 30
0.0
 10
464.75533483306896
 20
267.24299261382777
 30
0.0
  0
LINE
  5
19E
330
17
100
AcDbEntity
  8
0
  6
Continuous
 62
7
370
25
100
AcDbLine
 10
475.89901029900295
 20
251.10218199238275
 30
0.0
 11
465.3116488362105
 21
251.10218199238275
 31
0.0
  0
LINE
  5
19F
330
17
100
AcDbEntity
  8
0
  6
Continuous
 62
7
370
25
100
AcDbLine
 10
465.3116488362105
 20
252.60218199238273
 30
0.0
 11
465.3116488362105
 21
251.10218199238275
 31
0.0
  0
LINE
  5
1A0
330
17
100
AcDbEntity
  8
0
  6
Continuous
 62
7
370
25
100
AcDbLine
 10
475.89901029900295
 20
249.6021819923826
 30
0.0
 11
465.3116488362105
 21
249.6021819923826
 31
0.0
  0
LINE
  5
1A1
330
17
100
AcDbEntity
  8
0
  6
Continuous
 62
7
370
25
100
AcDbLine
 10
475.89901029900295
 20
246.60218199238267
 30
0.0
 11
465.3116488362105
 21
246.60218199238267
 31
0.0
  0
LINE
  5
1A2
330
17
100
AcDbEntity
  8
0
  6
Continuous
 62
7
370
25
100
AcDbLine
 10
465.3116488362105
 20
249.6021819923826
 30
0.0
 11
465.3116488362105
 21
246.60218199238267
 31
0.0
  0
LINE
  5
1A3
330
17
100
AcDbEntity
  8
0
  6
Continuous
 62
7
370
25
100
AcDbLine
 10
465.46924892706727
 20
251.10218199238275
 30
0.0
 11
465.46924892706727
 21
249.6021819923826
 31
0.0
  0
SPLINE
  5
1A4
330
17
100
AcDbEntity
  8
0
  6
Continuous
 62
7
370
25
100
AcDbSpline
210
0.0
220
0.0
230
2.5
 70
8
 71
3
 72
9
 73
5
 74
0
 42
1e-08
 43
1e-08
 40
0.0
 40
0.0
 40
0.0
 40
0.0
 40
0.514539466700941
 40
1.0
 40
1.0
 40
1.0
 40
1.0
 10
458.2354582979085
 20
267.24299261382777
 30
0.0
 10
458.78551983467224
 20
267.4625779661927
 30
0.0
 10
459.8545564632725
 20
267.88933891763725
 30
0.0
 10
460.95915673054174
 20
267.9653039616203
 30
0.0
 10
461.49539656537274
 20
268.002181992384
 30
0.0
  0
SPLINE
  5
1A5
330
17
100
AcDbEntity
  8
0
  6
Continuous
 62
7
370
25
100
AcDbSpline
210
0.0
220
0.0
230
2.5
 70
8
 71
3
 72
9
 73
5
 74
0
 42
1e-08
 43
1e-08
 40
0.0
 40
0.0
 40
0.0
 40
0.0
 40
0.4911452337712924
 40
1.0
 40
1.0
 40
1.0
 40
1.0
 10
461.49539668739123
 20
252.60218199454826
 30
0.0
 10
460.95670354287927
 20
252.629738052223
 30
0.0
 10
459.8598932564887
 20
252.68584377366776
 30
0.0
 10
458.7832919858175
 20
253.0068987486045
 30
0.0
 10
458.2354582979085
 20
253.17026910282252
 30
0.0
  0
LINE
  5
1A6
330
17
100
AcDbEntity
  8
0
  6
Continuous
 62
7
370
25
100
AcDbLine
 10
458.2354582979085
 20
267.24299261382777
 30
0.0
 11
458.2354582979085
 21
255.70218199238252
 31
0.0
  0
SPLINE
  5
1A7
330
17
100
AcDbEntity
  8
0
  6
Continuous
 62
7
370
25
100
AcDbSpline
210
0.0
220
0.0
230
2.5
 70
8
 71
3
 72
9
 73
5
 74
0
 42
1e-08
 43
1e-08
 40
0.0
 40
0.0
 40
0.0
 40
0.0
 40
0.4890458700042943
 40
1.0
 40
1.0
 40
1.0
 40
1.0
 10
475.915724567092
 20
268.002181992385
 30
0.0
 10
476.172051487367
 20
267.9647607471733
 30
0.0
 10
476.69618825243725
 20
267.888241861099
 30
0.0
 10
477.20340024017776
 20
267.46119431911103
 30
0.0
 10
477.46256230009726
 20
267.24299261382777
 30
0.0
  0
LINE
  5
1A8
330
17
100
AcDbEntity
  8
0
  6
Continuous
 62
7
370
25
100
AcDbLine
 10
477.46256230009726
 20
267.24299261382777
 30
0.0
 11
477.46256230009726
 21
255.70218199238275
 31
0.0
  0
SPLINE
  5
1A9
330
17
100
AcDbEntity
  8
0
  6
Continuous
 62
7
370
25
100
AcDbSpline
210
0.0
220
0.0
230
2.5
 70
8
 71
3
 72
9
 73
5
 74
0
 42
1e-08
 43
1e-08
 40
0.0
 40
0.0
 40
0.0
 40
0.0
 40
0.4682010650174239
 40
0.9999999999999999
 40
0.9999999999999999
 40
0.9999999999999999
 40
0.9999999999999999
 10
477.34901029900277
 20
253.10903803198022
 30
0.0
 10
477.1274475716965
 20
252.971287965992
 30
0.0
 10
476.6542262489345
 20
252.677076619029
 30
0.0
 10
476.172112275326
 20
252.62818337321175
 30
0.0
 10
475.9157245776208
 20
252.60218199715825
 30
0.0
  0
LINE
  5
1AA
330
17
100
AcDbEntity
  8
0
  6
Continuous
 62
7
370
25
100
AcDbLine
 10
465.3116488362105
 20
246.60218199238267
 30
0.0
 11
459.799010299003
 21
246.60218199238267
 31
0.0
  0
LINE
  5
1AB
330
17
100
AcDbEntity
  8
0
  6
Continuous
 62
7
370
25
100
AcDbLine
 10
465.3116488362105
 20
249.6021819923826
 30
0.0
 11
459.799010299003
 21
249.6021819923826
 31
0.0
  0
LINE
  5
1AC
330
17
100
AcDbEntity
  8
0
  6
Continuous
 62
7
370
25
100
AcDbLine
 10
465.3116488362105
 20
251.10218199238275
 30
0.0
 11
459.799010299003
 21
251.10218199238275
 31
0.0
  0
LINE
  5
1AD
330
17
100
AcDbEntity
  8
0
  6
Continuous
 62
7
370
25
100
AcDbLine
 10
458.3490102990027
 20
253.1090380319805
 30
0.0
 11
458.8926140951102
 21
252.81590852101826
 31
0.0
  0
LINE
  5
1AE
330
17
100
AcDbEntity
  8
0
  6
Continuous
 62
7
370
25
100
AcDbLine
 10
461.49539681242277
 20
252.60218199238273
 30
0.0
 11
459.34901029900277
 21
252.60218199238273
 31
0.0
  0
LINE
  5
1AF
330
17
100
AcDbEntity
  8
0
  6
Continuous
 62
7
370
25
100
AcDbLine
 10
458.892712113902
 20
267.7163159767965
 30
0.0
 11
458.2354582979085
 21
267.24299261382777
 31
0.0
  0
LINE
  5
1B0
330
17
100
AcDbEntity
  8
0
  6
Continuous
 62
7
370
25
100
AcDbLine
 10
476.349010299003
 20
252.60218199238273
 30
0.0
 11
475.91572456713027
 21
252.60218199238273
 31
0.0
  0
LINE
  5
1B1
330
17
100
AcDbEntity
  8
0
  6
Continuous
 62
7
370
25
100
AcDbLine
 10
533.849010299003
 20
357.0021819923827
 30
0.0
 11
533.849010299003
 21
445.00218199238276
 31
0.0
  0
LINE
  5
1B2
330
17
100
AcDbEntity
  8
0
  6
Continuous
 62
7
370
25
100
AcDbLine
 10
533.849010299003
 20
445.00218199238276
 30
0.0
 11
534.849010299003
 21
445.00218199238276
 31
0.0
  0
LINE
  5
1B3
330
17
100
AcDbEntity
  8
0
  6
Continuous
 62
7
370
25
100
AcDbLine
 10
534.849010299003
 20
445.00218199238276
 30
0.0
 11
534.849010299003
 21
357.0021819923827
 31
0.0
  0
LINE
  5
1B4
330
17
100
AcDbEntity
  8
0
  6
Continuous
 62
7
370
25
100
AcDbLine
 10
533.849010299003
 20
357.0021819923827
 30
0.0
 11
534.849010299003
 21
357.0021819923827
 31
0.0
  0
LINE
  5
1B5
330
17
100
AcDbEntity
  8
0
  6
Continuous
 62
7
370
25
100
AcDbLine
 10
533.849010299003
 20
445.00218199238276
 30
0.0
 11
533.849010299003
 21
446.00218199238276
 31
0.0
  0
LINE
  5
1B6
330
17
100
AcDbEntity
  8
0
  6
Continuous
 62
7
370
25
100
AcDbLine
 10
534.849010299003
 20
445.00218199238276
 30
0.0
 11
533.849010299003
 21
446.00218199238276
 31
0.0
  0
LINE
  5
1B7
330
17
100
AcDbEntity
  8
0
  6
Continuous
 62
7
370
25
100
AcDbLine
 10
533.849010299003
 20
356.00218199238276
 30
0.0
 11
534.849010299003
 21
357.0021819923827
 31
0.0
  0
LINE
  5
1B8
330
17
100
AcDbEntity
  8
0
  6
Continuous
 62
7
370
25
100
AcDbLine
 10
533.849010299003
 20
356.00218199238276
 30
0.0
 11
533.849010299003
 21
357.0021819923827
 31
0.0
  0
LINE
  5
1B9
330
17
100
AcDbEntity
  8
0
  6
Continuous
 62
7
370
25
100
AcDbLine
 10
533.849010299003
 20
445.00218199238276
 30
0.0
 11
517.8490102990028
 21
445.00218199238276
 31
0.0
  0
LINE
  5
1BA
330
17
100
AcDbEntity
  8
0
  6
Continuous
 62
7
370
25
100
AcDbLine
 10
417.84901029900277
 20
445.00218199238276
 30
0.0
 11
401.849010299003
 21
445.00218199238276
 31
0.0
  0
LINE
  5
1BB
330
17
100
AcDbEntity
  8
0
  6
Continuous
 62
7
370
25
100
AcDbLine
 10
401.849010299003
 20
445.00218199238276
 30
0.0
 11
401.849010299003
 21
446.00218199238276
 31
0.0
  0
LINE
  5
1BC
330
17
100
AcDbEntity
  8
0
  6
Continuous
 62
7
370
25
100
AcDbLine
 10
401.849010299003
 20
446.00218199238276
 30
0.0
 11
417.8490102990025
 21
446.00218199238276
 31
0.0
  0
LINE
  5
1BD
330
17
100
AcDbEntity
  8
0
  6
Continuous
 62
7
370
25
100
AcDbLine
 10
517.8490102990028
 20
446.00218199238276
 30
0.0
 11
533.849010299003
 21
446.00218199238276
 31
0.0
  0
LINE
  5
1BE
330
17
100
AcDbEntity
  8
0
  6
Continuous
 62
7
370
25
100
AcDbLine
 10
401.849010299003
 20
357.0021819923827
 30
0.0
 11
417.8490102990025
 21
357.0021819923827
 31
0.0
  0
LINE
  5
1BF
330
17
100
AcDbEntity
  8
0
  6
Continuous
 62
7
370
25
100
AcDbLine
 10
517.8490102990028
 20
357.0021819923827
 30
0.0
 11
533.849010299003
 21
357.0021819923827
 31
0.0
  0
LINE
  5
1C0
330
17
100
AcDbEntity
  8
0
  6
Continuous
 62
7
370
25
100
AcDbLine
 10
401.849010299003
 20
445.00218199238276
 30
0.0
 11
401.849010299003
 21
357.0021819923827
 31
0.0
  0
LINE
  5
1C1
330
17
100
AcDbEntity
  8
0
  6
Continuous
 62
7
370
25
100
AcDbLine
 10
533.849010299003
 20
356.00218199238276
 30
0.0
 11
517.8490102990028
 21
356.00218199238276
 31
0.0
  0
LINE
  5
1C2
330
17
100
AcDbEntity
  8
0
  6
Continuous
 62
7
370
25
100
AcDbLine
 10
417.8490102990025
 20
356.00218199238276
 30
0.0
 11
401.849010299003
 21
356.00218199238276
 31
0.0
  0
LINE
  5
1C3
330
17
100
AcDbEntity
  8
0
  6
Continuous
 62
7
370
25
100
AcDbLine
 10
401.849010299003
 20
356.00218199238276
 30
0.0
 11
401.849010299003
 21
357.0021819923827
 31
0.0
  0
LINE
  5
1C4
330
17
100
AcDbEntity
  8
0
  6
Continuous
 62
7
370
25
100
AcDbLine
 10
400.8490102990027
 20
357.0021819923827
 30
0.0
 11
401.849010299003
 21
357.0021819923827
 31
0.0
  0
LINE
  5
1C5
330
17
100
AcDbEntity
  8
0
  6
Continuous
 62
7
370
25
100
AcDbLine
 10
400.8490102990027
 20
357.0021819923827
 30
0.0
 11
401.849010299003
 21
356.00218199238276
 31
0.0
  0
LINE
  5
1C6
330
17
100
AcDbEntity
  8
0
  6
Continuous
 62
7
370
25
100
AcDbLine
 10
400.8490102990027
 20
445.00218199238276
 30
0.0
 11
401.849010299003
 21
446.00218199238276
 31
0.0
  0
LINE
  5
1C7
330
17
100
AcDbEntity
  8
0
  6
Continuous
 62
7
370
25
100
AcDbLine
 10
400.8490102990027
 20
445.00218199238276
 30
0.0
 11
401.849010299003
 21
445.00218199238276
 31
0.0
  0
LINE
  5
1C8
330
17
100
AcDbEntity
  8
0
  6
Continuous
 62
7
370
25
100
AcDbLine
 10
400.8490102990027
 20
357.0021819923827
 30
0.0
 11
400.8490102990027
 21
445.00218199238276
 31
0.0
  0
ARC
  5
1C9
330
17
100
AcDbEntity
  8
0
  6
Continuous
 62
7
370
25
100
AcDbCircle
 10
547.849010299003
 20
441.00218199238276
 30
0.0
 40
5.0
100
AcDbArc
 50
0.0
 51
90.0
  0
LINE
  5
1CA
330
17
100
AcDbEntity
  8
0
  6
Continuous
 62
7
370
25
100
AcDbLine
 10
552.849010299003
 20
361.00218199238276
 30
0.0
 11
552.849010299003
 21
441.00218199238276
 31
0.0
  0
ARC
  5
1CB
330
17
100
AcDbEntity
  8
0
  6
Continuous
 62
7
370
25
100
AcDbCircle
 10
547.849010299003
 20
361.00218199238276
 30
0.0
 40
5.0
100
AcDbArc
 50
-89.9999999999993
 51
0.0
  0
CIRCLE
  5
1CC
330
17
100
AcDbEntity
  8
0
  6
Continuous
 62
7
370
25
100
AcDbCircle
 10
542.849010299003
 20
436.00218199238276
 30
0.0
 40
2.7499999999999147
  0
CIRCLE
  5
1CD
330
17
100
AcDbEntity
  8
0
  6
Continuous
 62
7
370
25
100
AcDbCircle
 10
542.849010299003
 20
366.00218199238276
 30
0.0
 40
2.7499999999999147
  0
LINE
  5
1CE
330
17
100
AcDbEntity
  8
0
  6
Continuous
 62
7
370
25
100
AcDbLine
 10
547.849010299003
 20
446.00218199238276
 30
0.0
 11
533.849010299003
 21
446.00218199238276
 31
0.0
  0
LINE
  5
1CF
330
17
100
AcDbEntity
  8
0
  6
Continuous
 62
7
370
25
100
AcDbLine
 10
533.849010299003
 20
356.00218199238276
 30
0.0
 11
547.849010299003
 21
356.00218199238276
 31
0.0
  0
ARC
  5
1D0
330
17
100
AcDbEntity
  8
0
  6
Continuous
 62
7
370
25
100
AcDbCircle
 10
387.849010299003
 20
361.00218199238276
 30
0.0
 40
5.0
100
AcDbArc
 50
180.0
 51
-89.9999999999993
  0
LINE
  5
1D1
330
17
100
AcDbEntity
  8
0
  6
Continuous
 62
7
370
25
100
AcDbLine
 10
382.849010299003
 20
441.00218199238276
 30
0.0
 11
382.849010299003
 21
361.00218199238276
 31
0.0
  0
ARC
  5
1D2
330
17
100
AcDbEntity
  8
0
  6
Continuous
 62
7
370
25
100
AcDbCircle
 10
387.849010299003
 20
441.00218199238276
 30
0.0
 40
5.0
100
AcDbArc
 50
90.0
 51
180.0
  0
CIRCLE
  5
1D3
330
17
100
AcDbEntity
  8
0
  6
Continuous
 62
7
370
25
100
AcDbCircle
 10
392.849010299003
 20
366.00218199238276
 30
0.0
 40
2.7499999999999853
  0
CIRCLE
  5
1D4
330
17
100
AcDbEntity
  8
0
  6
Continuous
 62
7
370
25
100
AcDbCircle
 10
392.849010299003
 20
436.00218199238276
 30
0.0
 40
2.7499999999999853
  0
LINE
  5
1D5
330
17
100
AcDbEntity
  8
0
  6
Continuous
 62
7
370
25
100
AcDbLine
 10
401.849010299003
 20
446.00218199238276
 30
0.0
 11
387.849010299003
 21
446.00218199238276
 31
0.0
  0
LINE
  5
1D6
330
17
100
AcDbEntity
  8
0
  6
Continuous
 62
7
370
25
100
AcDbLine
 10
387.849010299003
 20
356.00218199238276
 30
0.0
 11
401.849010299003
 21
356.00218199238276
 31
0.0
  0
LINE
  5
1D7
330
17
100
AcDbEntity
  8
0
  6
Continuous
 62
7
370
25
100
AcDbLine
 10
488.849010299003
 20
241.5021819923827
 30
0.0
 11
486.849010299003
 21
241.5021819923827
 31
0.0
  0
LINE
  5
1D8
330
17
100
AcDbEntity
  8
0
  6
Continuous
 62
7
370
25
100
AcDbLine
 10
486.849010299003
 20
241.5021819923827
 30
0.0
 11
486.849010299003
 21
231.50218199238267
 31
0.0
  0
LINE
  5
1D9
330
17
100
AcDbEntity
  8
0
  6
Continuous
 62
7
370
25
100
AcDbLine
 10
486.849010299003
 20
231.50218199238267
 30
0.0
 11
488.849010299003
 21
231.50218199238267
 31
0.0
  0
LINE
  5
1DA
330
17
100
AcDbEntity
  8
0
  6
Continuous
 62
7
370
25
100
AcDbLine
 10
488.849010299003
 20
231.50218199238267
 30
0.0
 11
488.849010299003
 21
241.5021819923827
 31
0.0
  0
LINE
  5
1DB
330
17
100
AcDbEntity
  8
0
  6
Continuous
 62
7
370
25
100
AcDbLine
 10
483.649010299003
 20
245.30118761802018
 30
0.0
 11
483.649010299003
 21
227.7031763667452
 31
0.0
  0
LINE
  5
1DC
330
17
100
AcDbEntity
  8
0
  6
Continuous
 62
7
370
25
100
AcDbLine
 10
492.049010299003
 20
227.7031763667452
 30
0.0
 11
492.049010299003
 21
245.30118761802018
 31
0.0
  0
ARC
  5
1DD
330
17
100
AcDbEntity
  8
0
  6
Continuous
 62
7
370
25
100
AcDbCircle
 10
487.849010299003
 20
236.50218199238267
 30
0.0
 40
9.750000000000007
100
AcDbArc
 50
-115.5163873662385
 51
-64.48361263376029
  0
ARC
  5
1DE
330
17
100
AcDbEntity
  8
0
  6
Continuous
 62
7
370
25
100
AcDbCircle
 10
487.849010299003
 20
236.50218199238267
 30
0.0
 40
9.750000000000037
100
AcDbArc
 50
64.48361263376121
 51
115.5163873662392
  0
LINE
  5
1DF
330
17
100
AcDbEntity
  8
0
  6
Continuous
 62
7
370
25
100
AcDbLine
 10
495.04901029900304
 20
229.92779989213938
 30
0.0
 11
495.04901029900304
 21
243.07656409262597
 31
0.0
  0
SPLINE
  5
1E0
330
17
100
AcDbEntity
  8
0
  6
Continuous
 62
7
370
25
100
AcDbSpline
210
0.0
220
0.0
230
2.5
 70
8
 71
3
 72
13
 73
9
 74
0
 42
1e-08
 43
1e-08
 40
0.0
 40
0.0
 40
0.0
 40
0.0
 40
0.2491134374835691
 40
0.4987610504198131
 40
0.6235349398463773
 40
0.7489491498773037
 40
0.873856336400028
 40
1.0
 40
1.0
 40
1.0
 40
1.0
 10
495.04901029900304
 20
229.92779989213932
 30
0.0
 10
494.73452397894675
 20
229.60991758078447
 30
0.0
 10
494.10487698391375
 20
228.9734713211093
 30
0.0
 10
493.2439412373475
 20
228.36768991168586
 30
0.0
 10
492.6662350894563
 20
228.02124507836692
 30
0.0
 10
492.3240293420265
 20
227.83782301988848
 30
0.0
 10
492.0933996244553
 20
227.7241183931617
 30
0.0
 10
492.0638552448693
 20
227.71017992549082
 30
0.0
 10
492.049010299003
 20
227.7031763667452
 30
0.0
  0
SPLINE
  5
1E1
330
17
100
AcDbEntity
  8
0
  6
Continuous
 62
7
370
25
100
AcDbSpline
210
0.0
220
0.0
230
2.5
 70
8
 71
3
 72
13
 73
9
 74
0
 42
1e-08
 43
1e-08
 40
0.0
 40
0.0
 40
0.0
 40
0.0
 40
0.1251363600101149
 40
0.2506323174109528
 40
0.3760921940347144
 40
0.50127272698379
 40
0.7512478305963624
 40
0.9999999999999999
 40
0.9999999999999999
 40
0.9999999999999999
 40
0.9999999999999999
 10
492.049010299003
 20
245.30118761802018
 30
0.0
 10
492.0636266097173
 20
245.29429037278993
 30
0.0
 10
492.09290123322427
 20
245.28047606209995
 30
0.0
 10
492.3225462989112
 20
245.1673102139991
 30
0.0
 10
492.6653673609115
 20
244.98361947045512
 30
0.0
 10
493.243893077979
 20
244.6367593893175
 30
0.0
 10
494.10546018158476
 20
244.03041399726362
 30
0.0
 10
494.73500816686555
 20
243.3939938700871
 30
0.0
 10
495.04901029900304
 20
243.07656409262597
 30
0.0
  0
LINE
  5
1E2
330
17
100
AcDbEntity
  8
0
  6
Continuous
 62
7
370
25
100
AcDbLine
 10
480.64901029900295
 20
229.92779989213938
 30
0.0
 11
480.64901029900295
 21
243.07656409262597
 31
0.0
  0
SPLINE
  5
1E3
330
17
100
AcDbEntity
  8
0
  6
Continuous
 62
7
370
25
100
AcDbSpline
210
0.0
220
0.0
230
2.5
 70
8
 71
3
 72
13
 73
9
 74
0
 42
1e-08
 43
1e-08
 40
0.0
 40
0.0
 40
0.0
 40
0.0
 40
0.2491134374835715
 40
0.4987610504198134
 40
0.6235349398463796
 40
0.7489491498773058
 40
0.8738563364000281
 40
0.9999999999999999
 40
0.9999999999999999
 40
0.9999999999999999
 40
0.9999999999999999
 10
480.64901029900295
 20
243.07656409262597
 30
0.0
 10
480.96349661905896
 20
243.3944464039809
 30
0.0
 10
481.593143614092
 20
244.03089266365598
 30
0.0
 10
482.4540793606585
 20
244.63667407307946
 30
0.0
 10
483.0317855085497
 20
244.9831189063985
 30
0.0
 10
483.3739912559795
 20
245.16654096487684
 30
0.0
 10
483.6046209735505
 20
245.28024559160372
 30
0.0
 10
483.6341653531365
 20
245.29418405927456
 30
0.0
 10
483.649010299003
 20
245.30118761802018
 30
0.0
  0
SPLINE
  5
1E4
330
17
100
AcDbEntity
  8
0
  6
Continuous
 62
7
370
25
100
AcDbSpline
210
0.0
220
0.0
230
2.5
 70
8
 71
3
 72
13
 73
9
 74
0
 42
1e-08
 43
1e-08
 40
0.0
 40
0.0
 40
0.0
 40
0.0
 40
0.125136360010117
 40
0.2506323174109515
 40
0.3760921940347198
 40
0.5012727269837884
 40
0.7512478305963538
 40
1.0
 40
1.0
 40
1.0
 40
1.0
 10
483.649010299003
 20
227.7031763667452
 30
0.0
 10
483.63439398828854
 20
227.71007361197542
 30
0.0
 10
483.60511936478144
 20
227.72388792266543
 30
0.0
 10
483.3754742990948
 20
227.8370537707663
 30
0.0
 10
483.0326532370942
 20
228.02074451431025
 30
0.0
 10
482.4541275200267
 20
228.3676045954479
 30
0.0
 10
481.592560416421
 20
228.9739499875017
 30
0.0
 10
480.9630124311405
 20
229.6103701146783
 30
0.0
 10
480.64901029900295
 20
229.92779989213938
 30
0.0
  0
ARC
  5
1E5
330
17
100
AcDbEntity
  8
0
  6
Continuous
 62
7
370
25
100
AcDbCircle
 10
487.849010299003
 20
236.50218199238267
 30
0.0
 40
9.749999999999975
100
AcDbArc
 50
-42.39947336444368
 51
42.3994733644445
  0
ARC
  5
1E6
330
17
100
AcDbEntity
  8
0
  6
Continuous
 62
7
370
25
100
AcDbCircle
 10
487.849010299003
 20
236.50218199238267
 30
0.0
 40
9.749999999999975
100
AcDbArc
 50
137.6005266355555
 51
-137.6005266355547
  0
CIRCLE
  5
1E7
330
17
100
AcDbEntity
  8
0
  6
Continuous
 62
7
370
25
100
AcDbCircle
 10
487.849010299003
 20
236.50218199238267
 30
0.0
 40
12.000000000000028
  0
LINE
  5
1E8
330
17
100
AcDbEntity
  8
0
  6
Continuous
 62
7
370
25
100
AcDbLine
 10
498.349010299003
 20
224.50218199238265
 30
0.0
 11
498.349010299003
 21
230.6927069730716
 31
0.0
  0
LINE
  5
1E9
330
17
100
AcDbEntity
  8
0
  6
Continuous
 62
7
370
25
100
AcDbLine
 10
487.849010299003
 20
224.50218199238265
 30
0.0
 11
498.349010299003
 21
224.50218199238265
 31
0.0
  0
LINE
  5
1EA
330
17
100
AcDbEntity
  8
0
  6
Continuous
 62
7
370
25
100
AcDbLine
 10
487.849010299003
 20
248.5021819923827
 30
0.0
 11
498.349010299003
 21
248.5021819923827
 31
0.0
  0
LINE
  5
1EB
330
17
100
AcDbEntity
  8
0
  6
Continuous
 62
7
370
25
100
AcDbLine
 10
477.349010299003
 20
248.5021819923827
 30
0.0
 11
487.849010299003
 21
248.5021819923827
 31
0.0
  0
LINE
  5
1EC
330
17
100
AcDbEntity
  8
0
  6
Continuous
 62
7
370
25
100
AcDbLine
 10
477.349010299003
 20
248.5021819923827
 30
0.0
 11
477.349010299003
 21
252.50218199238276
 31
0.0
  0
LINE
  5
1ED
330
17
100
AcDbEntity
  8
0
  6
Continuous
 62
7
370
25
100
AcDbLine
 10
477.349010299003
 20
252.50218199238276
 30
0.0
 11
498.349010299003
 21
252.50218199238276
 31
0.0
  0
LINE
  5
1EE
330
17
100
AcDbEntity
  8
0
  6
Continuous
 62
7
370
25
100
AcDbLine
 10
498.349010299003
 20
248.5021819923827
 30
0.0
 11
498.349010299003
 21
252.50218199238276
 31
0.0
  0
LINE
  5
1EF
330
17
100
AcDbEntity
  8
0
  6
Continuous
 62
7
370
25
100
AcDbLine
 10
498.349010299003
 20
242.31165701169377
 30
0.0
 11
498.349010299003
 21
248.5021819923827
 31
0.0
  0
LINE
  5
1F0
330
17
100
AcDbEntity
  8
0
  6
Continuous
 62
7
370
25
100
AcDbLine
 10
477.349010299003
 20
220.5021819923827
 30
0.0
 11
498.349010299003
 21
220.5021819923827
 31
0.0
  0
LINE
  5
1F1
330
17
100
AcDbEntity
  8
0
  6
Continuous
 62
7
370
25
100
AcDbLine
 10
477.349010299003
 20
220.5021819923827
 30
0.0
 11
477.349010299003
 21
224.50218199238265
 31
0.0
  0
LINE
  5
1F2
330
17
100
AcDbEntity
  8
0
  6
Continuous
 62
7
370
25
100
AcDbLine
 10
477.349010299003
 20
224.50218199238265
 30
0.0
 11
487.849010299003
 21
224.50218199238265
 31
0.0
  0
LINE
  5
1F3
330
17
100
AcDbEntity
  8
0
  6
Continuous
 62
7
370
25
100
AcDbLine
 10
498.349010299003
 20
220.5021819923827
 30
0.0
 11
498.349010299003
 21
224.50218199238265
 31
0.0
  0
LINE
  5
1F4
330
17
100
AcDbEntity
  8
0
  6
Continuous
 62
7
370
25
100
AcDbLine
 10
477.349010299003
 20
224.50218199238265
 30
0.0
 11
477.349010299003
 21
230.6927069730716
 31
0.0
  0
LINE
  5
1F5
330
17
100
AcDbEntity
  8
0
  6
Continuous
 62
7
370
25
100
AcDbLine
 10
477.349010299003
 20
242.31165701169377
 30
0.0
 11
477.349010299003
 21
248.5021819923827
 31
0.0
  0
LINE
  5
1F6
330
17
100
AcDbEntity
  8
0
  6
Continuous
 62
7
370
25
100
AcDbLine
 10
477.349010299003
 20
255.70218199238275
 30
0.0
 11
498.349010299003
 21
255.70218199238275
 31
0.0
  0
LINE
  5
1F7
330
17
100
AcDbEntity
  8
0
  6
Continuous
 62
7
370
25
100
AcDbLine
 10
477.349010299003
 20
252.50218199238276
 30
0.0
 11
477.349010299003
 21
255.70218199238275
 31
0.0
  0
LINE
  5
1F8
330
17
100
AcDbEntity
  8
0
  6
Continuous
 62
7
370
25
100
AcDbLine
 10
498.349010299003
 20
252.50218199238276
 30
0.0
 11
498.349010299003
 21
255.70218199238275
 31
0.0
  0
LINE
  5
1F9
330
17
100
AcDbEntity
  8
0
  6
Continuous
 62
7
370
25
100
AcDbLine
 10
477.349010299003
 20
217.30218199238266
 30
0.0
 11
498.349010299003
 21
217.30218199238266
 31
0.0
  0
LINE
  5
1FA
330
17
100
AcDbEntity
  8
0
  6
Continuous
 62
7
370
25
100
AcDbLine
 10
477.349010299003
 20
217.30218199238266
 30
0.0
 11
477.349010299003
 21
220.5021819923827
 31
0.0
  0
LINE
  5
1FB
330
17
100
AcDbEntity
  8
0
  6
Continuous
 62
7
370
25
100
AcDbLine
 10
498.349010299003
 20
217.30218199238266
 30
0.0
 11
498.349010299003
 21
220.5021819923827
 31
0.0
  0
LINE
  5
1FC
330
17
100
AcDbEntity
  8
0
  6
Continuous
 62
7
370
25
100
AcDbLine
 10
487.849010299003
 20
267.87759778916654
 30
0.0
 11
487.849010299003
 21
260.426766195599
 31
0.0
  0
LINE
  5
1FD
330
17
100
AcDbEntity
  8
0
  6
Continuous
 62
7
370
25
100
AcDbLine
 10
496.349010299003
 20
267.87759778916654
 30
0.0
 11
496.349010299003
 21
260.426766195599
 31
0.0
  0
SPLINE
  5
1FE
330
17
100
AcDbEntity
  8
0
  6
Continuous
 62
7
370
25
100
AcDbSpline
210
0.0
220
0.0
230
2.5
 70
8
 71
3
 72
9
 73
5
 74
0
 42
1e-08
 43
1e-08
 40
0.0
 40
0.0
 40
0.0
 40
0.0
 40
0.5601176780985331
 40
1.0
 40
1.0
 40
1.0
 40
1.0
 10
495.47234322061024
 20
260.3021819923827
 30
0.0
 10
495.6361821391295
 20
260.32394946648225
 30
0.0
 10
495.928690169005
 20
260.36281178943824
 30
0.0
 10
496.22060300355025
 20
260.4072282012435
 30
0.0
 10
496.349010299003
 20
260.426766195599
 30
0.0
  0
LINE
  5
1FF
330
17
100
AcDbEntity
  8
0
  6
Continuous
 62
7
370
25
100
AcDbLine
 10
495.47234322061024
 20
260.3021819923827
 30
0.0
 11
493.89744712024526
 21
260.3021819923827
 31
0.0
  0
LINE
  5
200
330
17
100
AcDbEntity
  8
0
  6
Continuous
 62
7
370
25
100
AcDbLine
 10
490.30057347776074
 20
260.3021819923827
 30
0.0
 11
488.7256773773955
 21
260.3021819923827
 31
0.0
  0
SPLINE
  5
201
330
17
100
AcDbEntity
  8
0
  6
Continuous
 62
7
370
25
100
AcDbSpline
210
0.0
220
0.0
230
2.5
 70
8
 71
3
 72
9
 73
5
 74
0
 42
1e-08
 43
1e-08
 40
0.0
 40
0.0
 40
0.0
 40
0.0
 40
0.5600631380498973
 40
1.0
 40
1.0
 40
1.0
 40
1.0
 10
487.849010299003
 20
260.426766195599
 30
0.0
 10
488.012514011814
 20
260.4020054195405
 30
0.0
 10
488.30445201255475
 20
260.35779473260874
 30
0.0
 10
488.59698245327877
 20
260.3191730807185
 30
0.0
 10
488.7256773773955
 20
260.3021819923827
 30
0.0
  0
LINE
  5
202
330
17
100
AcDbEntity
  8
0
  6
Continuous
 62
7
370
25
100
AcDbLine
 10
486.9723432206103
 20
260.3021819923827
 30
0.0
 11
488.7256773773955
 21
260.3021819923827
 31
0.0
  0
SPLINE
  5
203
330
17
100
AcDbEntity
  8
0
  6
Continuous
 62
7
370
25
100
AcDbSpline
210
0.0
220
0.0
230
2.5
 70
8
 71
3
 72
9
 73
5
 74
0
 42
1e-08
 43
1e-08
 40
0.0
 40
0.0
 40
0.0
 40
0.0
 40
0.5601176780985365
 40
1.0
 40
1.0
 40
1.0
 40
1.0
 10
486.9723432206103
 20
260.3021819923827
 30
0.0
 10
487.13618213912923
 20
260.32394946648225
 30
0.0
 10
487.428690169005
 20
260.36281178943824
 30
0.0
 10
487.7206030035502
 20
260.4072282012435
 30
0.0
 10
487.849010299003
 20
260.426766195599
 30
0.0
  0
LINE
  5
204
330
17
100
AcDbEntity
  8
0
  6
Continuous
 62
7
370
25
100
AcDbLine
 10
479.349010299003
 20
267.87759778916654
 30
0.0
 11
479.349010299003
 21
260.426766195599
 31
0.0
  0
LINE
  5
205
330
17
100
AcDbEntity
  8
0
  6
Continuous
 62
7
370
25
100
AcDbLine
 10
486.9723432206103
 20
260.3021819923827
 30
0.0
 11
485.3974471202452
 21
260.3021819923827
 31
0.0
  0
LINE
  5
206
330
17
100
AcDbEntity
  8
0
  6
Continuous
 62
7
370
25
100
AcDbLine
 10
481.8005734777608
 20
260.3021819923827
 30
0.0
 11
480.2256773773955
 21
260.3021819923827
 31
0.0
  0
SPLINE
  5
207
330
17
100
AcDbEntity
  8
0
  6
Continuous
 62
7
370
25
100
AcDbSpline
210
0.0
220
0.0
230
2.5
 70
8
 71
3
 72
9
 73
5
 74
0
 42
1e-08
 43
1e-08
 40
0.0
 40
0.0
 40
0.0
 40
0.0
 40
0.5600631380499023
 40
1.0
 40
1.0
 40
1.0
 40
1.0
 10
479.349010299003
 20
260.426766195599
 30
0.0
 10
479.512514011814
 20
260.4020054195405
 30
0.0
 10
479.80445201255475
 20
260.35779473260874
 30
0.0
 10
480.09698245327877
 20
260.3191730807185
 30
0.0
 10
480.2256773773955
 20
260.3021819923827
 30
0.0
  0
LINE
  5
208
330
17
100
AcDbEntity
  8
0
  6
Continuous
 62
7
370
25
100
AcDbLine
 10
479.349010299003
 20
260.3021819923827
 30
0.0
 11
479.099010299003
 21
260.3021819923827
 31
0.0
  0
LINE
  5
209
330
17
100
AcDbEntity
  8
0
  6
Continuous
 62
7
370
25
100
AcDbLine
 10
485.3974471202452
 20
260.3021819923827
 30
0.0
 11
481.8005734777608
 21
260.3021819923827
 31
0.0
  0
LINE
  5
20A
330
17
100
AcDbEntity
  8
0
  6
Continuous
 62
7
370
25
100
AcDbLine
 10
493.89744712024526
 20
260.3021819923827
 30
0.0
 11
490.30057347776074
 21
260.3021819923827
 31
0.0
  0
LINE
  5
20B
330
17
100
AcDbEntity
  8
0
  6
Continuous
 62
7
370
25
100
AcDbLine
 10
496.599010299003
 20
260.3021819923827
 30
0.0
 11
496.349010299003
 21
260.3021819923827
 31
0.0
  0
LINE
  5
20C
330
17
100
AcDbEntity
  8
0
  6
Continuous
 62
7
370
25
100
AcDbLine
 10
479.099010299003
 20
207.55618199238268
 30
0.0
 11
496.599010299003
 21
207.55618199238268
 31
0.0
  0
LINE
  5
20D
330
17
100
AcDbEntity
  8
0
  6
Continuous
 62
7
370
25
100
AcDbLine
 10
479.099010299003
 20
204.30218199238269
 30
0.0
 11
496.599010299003
 21
204.30218199238269
 31
0.0
  0
LINE
  5
20E
330
17
100
AcDbEntity
  8
0
  6
Continuous
 62
7
370
25
100
AcDbLine
 10
479.099010299003
 20
205.30218199238266
 30
0.0
 11
496.599010299003
 21
205.30218199238266
 31
0.0
  0
LINE
  5
20F
330
17
100
AcDbEntity
  8
0
  6
Continuous
 62
7
370
25
100
AcDbLine
 10
480.499010299003
 20
206.2681819923827
 30
0.0
 11
495.199010299003
 21
206.2681819923827
 31
0.0
  0
SPLINE
  5
210
330
17
100
AcDbEntity
  8
0
  6
Continuous
 62
7
370
25
100
AcDbSpline
210
0.0
220
0.0
230
2.5
 70
24
 71
3
 72
9
 73
5
 74
0
 42
1e-08
 43
1e-08
 40
0.0
 40
0.0
 40
0.0
 40
0.0
 40
0.5600902825157402
 40
1.0
 40
1.0
 40
1.0
 40
1.0
 10
496.349010299003
 20
260.426766195599
 30
0.0
 10
496.349010299003
 20
260.4020042559268
 30
0.0
 10
496.349010299003
 20
260.3577936340947
 30
0.0
 10
496.349010299003
 20
260.319172017033
 30
0.0
 10
496.349010299003
 20
260.3021819923827
 30
0.0
  0
LINE
  5
211
330
17
100
AcDbEntity
  8
0
  6
Continuous
 62
7
370
25
100
AcDbLine
 10
495.47234322061024
 20
260.3021819923827
 30
0.0
 11
496.349010299003
 21
260.3021819923827
 31
0.0
  0
SPLINE
  5
212
330
17
100
AcDbEntity
  8
0
  6
Continuous
 62
7
370
25
100
AcDbSpline
210
0.0
220
0.0
230
2.5
 70
24
 71
3
 72
9
 73
5
 74
0
 42
1e-08
 43
1e-08
 40
0.0
 40
0.0
 40
0.0
 40
0.0
 40
0.5601082065518299
 40
1.0
 40
1.0
 40
1.0
 40
1.0
 10
479.349010299003
 20
260.3021819923827
 30
0.0
 10
479.349010299003
 20
260.32394909153277
 30
0.0
 10
479.349010299003
 20
260.3628114022355
 30
0.0
 10
479.349010299003
 20
260.4072277907825
 30
0.0
 10
479.349010299003
 20
260.426766195599
 30
0.0
  0
LINE
  5
213
330
17
100
AcDbEntity
  8
0
  6
Continuous
 62
7
370
25
100
AcDbLine
 10
479.349010299003
 20
260.3021819923827
 30
0.0
 11
480.2256773773955
 21
260.3021819923827
 31
0.0
  0
LINE
  5
214
330
17
100
AcDbEntity
  8
0
  6
Continuous
 62
7
370
25
100
AcDbLine
 10
448.849010299003
 20
241.50218199238267
 30
0.0
 11
446.849010299003
 21
241.50218199238267
 31
0.0
  0
LINE
  5
215
330
17
100
AcDbEntity
  8
0
  6
Continuous
 62
7
370
25
100
AcDbLine
 10
446.849010299003
 20
241.50218199238267
 30
0.0
 11
446.849010299003
 21
231.50218199238265
 31
0.0
  0
LINE
  5
216
330
17
100
AcDbEntity
  8
0
  6
Continuous
 62
7
370
25
100
AcDbLine
 10
446.849010299003
 20
231.50218199238265
 30
0.0
 11
448.849010299003
 21
231.50218199238265
 31
0.0
  0
LINE
  5
217
330
17
100
AcDbEntity
  8
0
  6
Continuous
 62
7
370
25
100
AcDbLine
 10
448.849010299003
 20
231.50218199238265
 30
0.0
 11
448.849010299003
 21
241.50218199238267
 31
0.0
  0
LINE
  5
218
330
17
100
AcDbEntity
  8
0
  6
Continuous
 62
7
370
25
100
AcDbLine
 10
443.649010299003
 20
245.30118761802015
 30
0.0
 11
443.649010299003
 21
227.70317636674517
 31
0.0
  0
LINE
  5
219
330
17
100
AcDbEntity
  8
0
  6
Continuous
 62
7
370
25
100
AcDbLine
 10
452.049010299003
 20
227.70317636674517
 30
0.0
 11
452.049010299003
 21
245.30118761802015
 31
0.0
  0
ARC
  5
21A
330
17
100
AcDbEntity
  8
0
  6
Continuous
 62
7
370
25
100
AcDbCircle
 10
447.849010299003
 20
236.50218199238265
 30
0.0
 40
9.750000000000037
100
AcDbArc
 50
-115.51638736623812
 51
-64.48361263375952
  0
ARC
  5
21B
330
17
100
AcDbEntity
  8
0
  6
Continuous
 62
7
370
25
100
AcDbCircle
 10
447.849010299003
 20
236.50218199238265
 30
0.0
 40
9.750000000000068
100
AcDbArc
 50
64.48361263376046
 51
115.51638736623882
  0
LINE
  5
21C
330
17
100
AcDbEntity
  8
0
  6
Continuous
 62
7
370
25
100
AcDbLine
 10
455.04901029900304
 20
229.92779989213932
 30
0.0
 11
455.04901029900304
 21
243.07656409262594
 31
0.0
  0
SPLINE
  5
21D
330
17
100
AcDbEntity
  8
0
  6
Continuous
 62
7
370
25
100
AcDbSpline
210
0.0
220
0.0
230
2.5
 70
8
 71
3
 72
13
 73
9
 74
0
 42
1e-08
 43
1e-08
 40
0.0
 40
0.0
 40
0.0
 40
0.0
 40
0.2491134374835691
 40
0.4987610504198128
 40
0.6235349398463773
 40
0.7489491498773039
 40
0.873856336400028
 40
1.0
 40
1.0
 40
1.0
 40
1.0
 10
455.04901029900304
 20
229.9277998921393
 30
0.0
 10
454.73452397894675
 20
229.60991758078438
 30
0.0
 10
454.10487698391375
 20
228.9734713211093
 30
0.0
 10
453.2439412373475
 20
228.36768991168586
 30
0.0
 10
452.6662350894563
 20
228.02124507836686
 30
0.0
 10
452.3240293420265
 20
227.83782301988848
 30
0.0
 10
452.0933996244553
 20
227.72411839316163
 30
0.0
 10
452.0638552448693
 20
227.71017992549076
 30
0.0
 10
452.049010299003
 20
227.70317636674517
 30
0.0
  0
SPLINE
  5
21E
330
17
100
AcDbEntity
  8
0
  6
Continuous
 62
7
370
25
100
AcDbSpline
210
0.0
220
0.0
230
2.5
 70
8
 71
3
 72
13
 73
9
 74
0
 42
1e-08
 43
1e-08
 40
0.0
 40
0.0
 40
0.0
 40
0.0
 40
0.1251363600101149
 40
0.2506323174109529
 40
0.3760921940347147
 40
0.5012727269837901
 40
0.7512478305963624
 40
1.0
 40
1.0
 40
1.0
 40
1.0
 10
452.049010299003
 20
245.30118761802015
 30
0.0
 10
452.0636266097173
 20
245.2942903727899
 30
0.0
 10
452.09290123322427
 20
245.28047606209986
 30
0.0
 10
452.322546298911
 20
245.16731021399903
 30
0.0
 10
452.6653673609115
 20
244.98361947045507
 30
0.0
 10
453.24389307797924
 20
244.63675938931743
 30
0.0
 10
454.10546018158476
 20
244.03041399726357
 30
0.0
 10
454.73500816686555
 20
243.393993870087
 30
0.0
 10
455.04901029900304
 20
243.07656409262592
 30
0.0
  0
LINE
  5
21F
330
17
100
AcDbEntity
  8
0
  6
Continuous
 62
7
370
25
100
AcDbLine
 10
440.64901029900295
 20
229.92779989213932
 30
0.0
 11
440.64901029900295
 21
243.07656409262594
 31
0.0
  0
SPLINE
  5
220
330
17
100
AcDbEntity
  8
0
  6
Continuous
 62
7
370
25
100
AcDbSpline
210
0.0
220
0.0
230
2.5
 70
8
 71
3
 72
13
 73
9
 74
0
 42
1e-08
 43
1e-08
 40
0.0
 40
0.0
 40
0.0
 40
0.0
 40
0.2491134374835715
 40
0.4987610504198134
 40
0.6235349398463799
 40
0.7489491498773058
 40
0.8738563364000281
 40
0.9999999999999999
 40
0.9999999999999999
 40
0.9999999999999999
 40
0.9999999999999999
 10
440.64901029900295
 20
243.07656409262594
 30
0.0
 10
440.96349661905896
 20
243.39444640398085
 30
0.0
 10
441.593143614092
 20
244.03089266365598
 30
0.0
 10
442.4540793606585
 20
244.6366740730793
 30
0.0
 10
443.0317855085497
 20
244.9831189063985
 30
0.0
 10
443.3739912559795
 20
245.16654096487684
 30
0.0
 10
443.6046209735505
 20
245.28024559160366
 30
0.0
 10
443.6341653531365
 20
245.29418405927447
 30
0.0
 10
443.649010299003
 20
245.30118761802015
 30
0.0
  0
SPLINE
  5
221
330
17
100
AcDbEntity
  8
0
  6
Continuous
 62
7
370
25
100
AcDbSpline
210
0.0
220
0.0
230
2.5
 70
8
 71
3
 72
13
 73
9
 74
0
 42
1e-08
 43
1e-08
 40
0.0
 40
0.0
 40
0.0
 40
0.0
 40
0.125136360010117
 40
0.2506323174109515
 40
0.3760921940347199
 40
0.5012727269837884
 40
0.7512478305963538
 40
1.0
 40
1.0
 40
1.0
 40
1.0
 10
443.649010299003
 20
227.70317636674517
 30
0.0
 10
443.63439398828854
 20
227.71007361197542
 30
0.0
 10
443.60511936478144
 20
227.7238879226654
 30
0.0
 10
443.3754742990948
 20
227.8370537707662
 30
0.0
 10
443.0326532370942
 20
228.02074451431022
 30
0.0
 10
442.4541275200267
 20
228.3676045954478
 30
0.0
 10
441.592560416421
 20
228.9739499875017
 30
0.0
 10
440.9630124311405
 20
229.61037011467823
 30
0.0
 10
440.64901029900295
 20
229.92779989213932
 30
0.0
  0
ARC
  5
222
330
17
100
AcDbEntity
  8
0
  6
Continuous
 62
7
370
25
100
AcDbCircle
 10
447.849010299003
 20
236.50218199238265
 30
0.0
 40
9.750000000000028
100
AcDbArc
 50
-42.39947336444352
 51
42.39947336444424
  0
ARC
  5
223
330
17
100
AcDbEntity
  8
0
  6
Continuous
 62
7
370
25
100
AcDbCircle
 10
447.849010299003
 20
236.50218199238265
 30
0.0
 40
9.749999999999975
100
AcDbArc
 50
137.6005266355555
 51
-137.6005266355547
  0
CIRCLE
  5
224
330
17
100
AcDbEntity
  8
0
  6
Continuous
 62
7
370
25
100
AcDbCircle
 10
447.849010299003
 20
236.50218199238265
 30
0.0
 40
12.000000000000028
  0
LINE
  5
225
330
17
100
AcDbEntity
  8
0
  6
Continuous
 62
7
370
25
100
AcDbLine
 10
447.849010299003
 20
248.50218199238267
 30
0.0
 11
458.349010299003
 21
248.50218199238267
 31
0.0
  0
LINE
  5
226
330
17
100
AcDbEntity
  8
0
  6
Continuous
 62
7
370
25
100
AcDbLine
 10
458.349010299003
 20
242.31165701169374
 30
0.0
 11
458.349010299003
 21
248.50218199238267
 31
0.0
  0
LINE
  5
227
330
17
100
AcDbEntity
  8
0
  6
Continuous
 62
7
370
25
100
AcDbLine
 10
437.349010299003
 20
220.50218199238262
 30
0.0
 11
458.349010299003
 21
220.50218199238262
 31
0.0
  0
LINE
  5
228
330
17
100
AcDbEntity
  8
0
  6
Continuous
 62
7
370
25
100
AcDbLine
 10
437.349010299003
 20
220.50218199238262
 30
0.0
 11
437.349010299003
 21
224.50218199238262
 31
0.0
  0
LINE
  5
229
330
17
100
AcDbEntity
  8
0
  6
Continuous
 62
7
370
25
100
AcDbLine
 10
437.349010299003
 20
224.50218199238262
 30
0.0
 11
447.849010299003
 21
224.50218199238262
 31
0.0
  0
LINE
  5
22A
330
17
100
AcDbEntity
  8
0
  6
Continuous
 62
7
370
25
100
AcDbLine
 10
447.849010299003
 20
224.50218199238262
 30
0.0
 11
458.349010299003
 21
224.50218199238262
 31
0.0
  0
LINE
  5
22B
330
17
100
AcDbEntity
  8
0
  6
Continuous
 62
7
370
25
100
AcDbLine
 10
458.349010299003
 20
220.50218199238262
 30
0.0
 11
458.349010299003
 21
224.50218199238262
 31
0.0
  0
LINE
  5
22C
330
17
100
AcDbEntity
  8
0
  6
Continuous
 62
7
370
25
100
AcDbLine
 10
458.349010299003
 20
224.50218199238262
 30
0.0
 11
458.349010299003
 21
230.69270697307155
 31
0.0
  0
LINE
  5
22D
330
17
100
AcDbEntity
  8
0
  6
Continuous
 62
7
370
25
100
AcDbLine
 10
437.349010299003
 20
248.50218199238267
 30
0.0
 11
447.849010299003
 21
248.50218199238267
 31
0.0
  0
LINE
  5
22E
330
17
100
AcDbEntity
  8
0
  6
Continuous
 62
7
370
25
100
AcDbLine
 10
437.349010299003
 20
248.50218199238267
 30
0.0
 11
437.349010299003
 21
252.5021819923825
 31
0.0
  0
LINE
  5
22F
330
17
100
AcDbEntity
  8
0
  6
Continuous
 62
7
370
25
100
AcDbLine
 10
437.349010299003
 20
252.5021819923825
 30
0.0
 11
458.349010299003
 21
252.5021819923825
 31
0.0
  0
LINE
  5
230
330
17
100
AcDbEntity
  8
0
  6
Continuous
 62
7
370
25
100
AcDbLine
 10
458.349010299003
 20
248.50218199238267
 30
0.0
 11
458.349010299003
 21
252.5021819923825
 31
0.0
  0
LINE
  5
231
330
17
100
AcDbEntity
  8
0
  6
Continuous
 62
7
370
25
100
AcDbLine
 10
437.349010299003
 20
242.31165701169374
 30
0.0
 11
437.349010299003
 21
248.50218199238267
 31
0.0
  0
LINE
  5
232
330
17
100
AcDbEntity
  8
0
  6
Continuous
 62
7
370
25
100
AcDbLine
 10
437.349010299003
 20
224.50218199238262
 30
0.0
 11
437.349010299003
 21
230.69270697307155
 31
0.0
  0
LINE
  5
233
330
17
100
AcDbEntity
  8
0
  6
Continuous
 62
7
370
25
100
AcDbLine
 10
437.349010299003
 20
255.70218199238252
 30
0.0
 11
458.349010299003
 21
255.70218199238252
 31
0.0
  0
LINE
  5
234
330
17
100
AcDbEntity
  8
0
  6
Continuous
 62
7
370
25
100
AcDbLine
 10
437.349010299003
 20
252.5021819923825
 30
0.0
 11
437.349010299003
 21
255.70218199238252
 31
0.0
  0
LINE
  5
235
330
17
100
AcDbEntity
  8
0
  6
Continuous
 62
7
370
25
100
AcDbLine
 10
458.349010299003
 20
252.5021819923825
 30
0.0
 11
458.349010299003
 21
255.70218199238252
 31
0.0
  0
LINE
  5
236
330
17
100
AcDbEntity
  8
0
  6
Continuous
 62
7
370
25
100
AcDbLine
 10
437.349010299003
 20
217.30218199238263
 30
0.0
 11
458.349010299003
 21
217.30218199238263
 31
0.0
  0
LINE
  5
237
330
17
100
AcDbEntity
  8
0
  6
Continuous
 62
7
370
25
100
AcDbLine
 10
437.349010299003
 20
217.30218199238263
 30
0.0
 11
437.349010299003
 21
220.50218199238262
 31
0.0
  0
LINE
  5
238
330
17
100
AcDbEntity
  8
0
  6
Continuous
 62
7
370
25
100
AcDbLine
 10
458.349010299003
 20
217.30218199238263
 30
0.0
 11
458.349010299003
 21
220.50218199238262
 31
0.0
  0
LINE
  5
239
330
17
100
AcDbEntity
  8
0
  6
Continuous
 62
7
370
25
100
AcDbLine
 10
447.849010299003
 20
267.87759778916626
 30
0.0
 11
447.849010299003
 21
260.426766195599
 31
0.0
  0
LINE
  5
23A
330
17
100
AcDbEntity
  8
0
  6
Continuous
 62
7
370
25
100
AcDbLine
 10
456.349010299003
 20
267.87759778916626
 30
0.0
 11
456.349010299003
 21
260.426766195599
 31
0.0
  0
SPLINE
  5
23B
330
17
100
AcDbEntity
  8
0
  6
Continuous
 62
7
370
25
100
AcDbSpline
210
0.0
220
0.0
230
2.5
 70
8
 71
3
 72
9
 73
5
 74
0
 42
1e-08
 43
1e-08
 40
0.0
 40
0.0
 40
0.0
 40
0.0
 40
0.5601176780985354
 40
1.0
 40
1.0
 40
1.0
 40
1.0
 10
455.47234322061024
 20
260.3021819923827
 30
0.0
 10
455.6361821391295
 20
260.32394946648225
 30
0.0
 10
455.9286901690047
 20
260.36281178943824
 30
0.0
 10
456.22060300355025
 20
260.4072282012435
 30
0.0
 10
456.349010299003
 20
260.426766195599
 30
0.0
  0
LINE
  5
23C
330
17
100
AcDbEntity
  8
0
  6
Continuous
 62
7
370
25
100
AcDbLine
 10
455.47234322061024
 20
260.3021819923827
 30
0.0
 11
453.89744712024526
 21
260.3021819923827
 31
0.0
  0
LINE
  5
23D
330
17
100
AcDbEntity
  8
0
  6
Continuous
 62
7
370
25
100
AcDbLine
 10
450.30057347776074
 20
260.3021819923827
 30
0.0
 11
448.7256773773955
 21
260.3021819923827
 31
0.0
  0
SPLINE
  5
23E
330
17
100
AcDbEntity
  8
0
  6
Continuous
 62
7
370
25
100
AcDbSpline
210
0.0
220
0.0
230
2.5
 70
8
 71
3
 72
9
 73
5
 74
0
 42
1e-08
 43
1e-08
 40
0.0
 40
0.0
 40
0.0
 40
0.0
 40
0.5600631380498973
 40
1.0
 40
1.0
 40
1.0
 40
1.0
 10
447.849010299003
 20
260.426766195599
 30
0.0
 10
448.012514011814
 20
260.4020054195405
 30
0.0
 10
448.30445201255475
 20
260.3577947326085
 30
0.0
 10
448.59698245327877
 20
260.3191730807185
 30
0.0
 10
448.7256773773955
 20
260.3021819923827
 30
0.0
  0
LINE
  5
23F
330
17
100
AcDbEntity
  8
0
  6
Continuous
 62
7
370
25
100
AcDbLine
 10
446.9723432206103
 20
260.3021819923827
 30
0.0
 11
448.7256773773955
 21
260.3021819923827
 31
0.0
  0
SPLINE
  5
240
330
17
100
AcDbEntity
  8
0
  6
Continuous
 62
7
370
25
100
AcDbSpline
210
0.0
220
0.0
230
2.5
 70
8
 71
3
 72
9
 73
5
 74
0
 42
1e-08
 43
1e-08
 40
0.0
 40
0.0
 40
0.0
 40
0.0
 40
0.5601176780985365
 40
1.0
 40
1.0
 40
1.0
 40
1.0
 10
446.9723432206103
 20
260.3021819923827
 30
0.0
 10
447.13618213912923
 20
260.32394946648225
 30
0.0
 10
447.428690169005
 20
260.36281178943824
 30
0.0
 10
447.7206030035502
 20
260.4072282012435
 30
0.0
 10
447.849010299003
 20
260.426766195599
 30
0.0
  0
LINE
  5
241
330
17
100
AcDbEntity
  8
0
  6
Continuous
 62
7
370
25
100
AcDbLine
 10
439.349010299003
 20
267.87759778916626
 30
0.0
 11
439.349010299003
 21
260.426766195599
 31
0.0
  0
LINE
  5
242
330
17
100
AcDbEntity
  8
0
  6
Continuous
 62
7
370
25
100
AcDbLine
 10
446.9723432206103
 20
260.3021819923827
 30
0.0
 11
445.3974471202452
 21
260.3021819923827
 31
0.0
  0
LINE
  5
243
330
17
100
AcDbEntity
  8
0
  6
Continuous
 62
7
370
25
100
AcDbLine
 10
441.8005734777608
 20
260.3021819923827
 30
0.0
 11
440.2256773773955
 21
260.3021819923827
 31
0.0
  0
SPLINE
  5
244
330
17
100
AcDbEntity
  8
0
  6
Continuous
 62
7
370
25
100
AcDbSpline
210
0.0
220
0.0
230
2.5
 70
8
 71
3
 72
9
 73
5
 74
0
 42
1e-08
 43
1e-08
 40
0.0
 40
0.0
 40
0.0
 40
0.0
 40
0.5600631380499029
 40
1.0
 40
1.0
 40
1.0
 40
1.0
 10
439.349010299003
 20
260.426766195599
 30
0.0
 10
439.512514011814
 20
260.4020054195405
 30
0.0
 10
439.80445201255475
 20
260.3577947326085
 30
0.0
 10
440.0969824532785
 20
260.3191730807185
 30
0.0
 10
440.2256773773955
 20
260.3021819923827
 30
0.0
  0
LINE
  5
245
330
17
100
AcDbEntity
  8
0
  6
Continuous
 62
7
370
25
100
AcDbLine
 10
439.349010299003
 20
260.3021819923827
 30
0.0
 11
439.099010299003
 21
260.3021819923827
 31
0.0
  0
LINE
  5
246
330
17
100
AcDbEntity
  8
0
  6
Continuous
 62
7
370
25
100
AcDbLine
 10
445.3974471202452
 20
260.3021819923827
 30
0.0
 11
441.8005734777608
 21
260.3021819923827
 31
0.0
  0
LINE
  5
247
330
17
100
AcDbEntity
  8
0
  6
Continuous
 62
7
370
25
100
AcDbLine
 10
453.89744712024526
 20
260.3021819923827
 30
0.0
 11
450.30057347776074
 21
260.3021819923827
 31
0.0
  0
LINE
  5
248
330
17
100
AcDbEntity
  8
0
  6
Continuous
 62
7
370
25
100
AcDbLine
 10
456.599010299003
 20
260.3021819923827
 30
0.0
 11
456.349010299003
 21
260.3021819923827
 31
0.0
  0
LINE
  5
249
330
17
100
AcDbEntity
  8
0
  6
Continuous
 62
7
370
25
100
AcDbLine
 10
439.099010299003
 20
207.5561819923826
 30
0.0
 11
456.599010299003
 21
207.5561819923826
 31
0.0
  0
LINE
  5
24A
330
17
100
AcDbEntity
  8
0
  6
Continuous
 62
7
370
25
100
AcDbLine
 10
439.099010299003
 20
204.30218199238266
 30
0.0
 11
456.599010299003
 21
204.30218199238266
 31
0.0
  0
LINE
  5
24B
330
17
100
AcDbEntity
  8
0
  6
Continuous
 62
7
370
25
100
AcDbLine
 10
439.099010299003
 20
205.3021819923826
 30
0.0
 11
456.599010299003
 21
205.3021819923826
 31
0.0
  0
LINE
  5
24C
330
17
100
AcDbEntity
  8
0
  6
Continuous
 62
7
370
25
100
AcDbLine
 10
440.499010299003
 20
206.2681819923826
 30
0.0
 11
455.199010299003
 21
206.2681819923826
 31
0.0
  0
SPLINE
  5
24D
330
17
100
AcDbEntity
  8
0
  6
Continuous
 62
7
370
25
100
AcDbSpline
210
0.0
220
0.0
230
2.5
 70
24
 71
3
 72
9
 73
5
 74
0
 42
1e-08
 43
1e-08
 40
0.0
 40
0.0
 40
0.0
 40
0.0
 40
0.5600902825157402
 40
1.0
 40
1.0
 40
1.0
 40
1.0
 10
456.349010299003
 20
260.426766195599
 30
0.0
 10
456.349010299003
 20
260.4020042559268
 30
0.0
 10
456.349010299003
 20
260.3577936340945
 30
0.0
 10
456.349010299003
 20
260.319172017033
 30
0.0
 10
456.349010299003
 20
260.3021819923827
 30
0.0
  0
LINE
  5
24E
330
17
100
AcDbEntity
  8
0
  6
Continuous
 62
7
370
25
100
AcDbLine
 10
455.47234322061024
 20
260.3021819923827
 30
0.0
 11
456.349010299003
 21
260.3021819923827
 31
0.0
  0
SPLINE
  5
24F
330
17
100
AcDbEntity
  8
0
  6
Continuous
 62
7
370
25
100
AcDbSpline
210
0.0
220
0.0
230
2.5
 70
24
 71
3
 72
9
 73
5
 74
0
 42
1e-08
 43
1e-08
 40
0.0
 40
0.0
 40
0.0
 40
0.0
 40
0.5601082065518299
 40
1.0
 40
1.0
 40
1.0
 40
1.0
 10
439.349010299003
 20
260.3021819923827
 30
0.0
 10
439.349010299003
 20
260.32394909153277
 30
0.0
 10
439.349010299003
 20
260.36281140223525
 30
0.0
 10
439.349010299003
 20
260.4072277907825
 30
0.0
 10
439.349010299003
 20
260.426766195599
 30
0.0
  0
LINE
  5
250
330
17
100
AcDbEntity
  8
0
  6
Continuous
 62
7
370
25
100
AcDbLine
 10
439.349010299003
 20
260.3021819923827
 30
0.0
 11
440.2256773773955
 21
260.3021819923827
 31
0.0
  0
LINE
  5
251
330
17
100
AcDbEntity
  8
0
  6
Continuous
 62
7
370
25
100
AcDbLine
 10
517.6490102990027
 20
328.0021819923827
 30
0.0
 11
418.049010299003
 21
328.0021819923827
 31
0.0
  0
LINE
  5
252
330
17
100
AcDbEntity
  8
0
  6
Continuous
 62
7
370
25
100
AcDbLine
 10
417.849010299003
 20
328.20218199238246
 30
0.0
 11
517.849010299003
 21
328.20218199238246
 31
0.0
  0
LINE
  5
253
330
17
100
AcDbEntity
  8
0
  6
Continuous
 62
7
370
25
100
AcDbLine
 10
517.849010299003
 20
333.0021819923827
 30
0.0
 11
417.849010299003
 21
333.0021819923827
 31
0.0
  0
LINE
  5
254
330
17
100
AcDbEntity
  8
0
  6
Continuous
 62
7
370
25
100
AcDbLine
 10
427.849010299003
 20
269.00218199238276
 30
0.0
 11
507.849010299003
 21
269.00218199238276
 31
0.0
  0
LINE
  5
255
330
17
100
AcDbEntity
  8
0
  6
Continuous
 62
7
370
25
100
AcDbLine
 10
506.849010299003
 20
268.00218199238276
 30
0.0
 11
428.849010299003
 21
268.00218199238276
 31
0.0
  0
LINE
  5
256
330
17
100
AcDbEntity
  8
0
  6
Continuous
 62
7
370
25
100
AcDbLine
 10
517.849010299003
 20
345.90218199238274
 30
0.0
 11
417.849010299003
 21
345.90218199238274
 31
0.0
  0
LINE
  5
257
330
17
100
AcDbEntity
  8
0
  6
Continuous
 62
7
370
25
100
AcDbLine
 10
417.849010299003
 20
333.1021819923828
 30
0.0
 11
517.849010299003
 21
333.1021819923828
 31
0.0
  0
LINE
  5
258
330
17
100
AcDbEntity
  8
0
  6
Continuous
 62
7
370
25
100
AcDbLine
 10
417.949010299003
 20
346.00218199238276
 30
0.0
 11
517.749010299003
 21
346.00218199238276
 31
0.0
  0
LINE
  5
259
330
17
100
AcDbEntity
  8
0
  6
Continuous
 62
7
370
25
100
AcDbLine
 10
517.849010299003
 20
455.90218199238274
 30
0.0
 11
417.849010299003
 21
455.90218199238274
 31
0.0
  0
LINE
  5
25A
330
17
100
AcDbEntity
  8
0
  6
Continuous
 62
7
370
25
100
AcDbLine
 10
417.849010299003
 20
346.1021819923827
 30
0.0
 11
517.849010299003
 21
346.1021819923827
 31
0.0
  0
LINE
  5
25B
330
17
100
AcDbEntity
  8
0
  6
Continuous
 62
7
370
25
100
AcDbLine
 10
417.949010299003
 20
456.00218199238276
 30
0.0
 11
517.749010299003
 21
456.00218199238276
 31
0.0
  0
LINE
  5
25C
330
17
100
AcDbEntity
  8
0
  6
Continuous
 62
7
370
25
100
AcDbLine
 10
463.90650147085375
 20
464.8021819923827
 30
0.0
 11
463.90650147085375
 21
462.0021819923827
 31
0.0
  0
LINE
  5
25D
330
17
100
AcDbEntity
  8
0
  6
Continuous
 62
7
370
25
100
AcDbLine
 10
463.90650147085375
 20
464.8021819923827
 30
0.0
 11
469.05573493043744
 21
464.8021819923827
 31
0.0
  0
LINE
  5
25E
330
17
100
AcDbEntity
  8
0
  6
Continuous
 62
7
370
25
100
AcDbLine
 10
469.05573493043744
 20
464.8021819923827
 30
0.0
 11
474.20496839002124
 21
464.8021819923827
 31
0.0
  0
LINE
  5
25F
330
17
100
AcDbEntity
  8
0
  6
Continuous
 62
7
370
25
100
AcDbLine
 10
474.20496839002124
 20
464.8021819923827
 30
0.0
 11
474.20496839002124
 21
462.0021819923827
 31
0.0
  0
LINE
  5
260
330
17
100
AcDbEntity
  8
0
  6
Continuous
 62
7
370
25
100
AcDbLine
 10
463.10201838323076
 20
482.80218199238277
 30
0.0
 11
473.849010299003
 21
482.80218199238277
 31
0.0
  0
LINE
  5
261
330
17
100
AcDbEntity
  8
0
  6
Continuous
 62
7
370
25
100
AcDbLine
 10
461.849010299003
 20
482.80218199238277
 30
0.0
 11
463.10201838323076
 21
482.80218199238277
 31
0.0
  0
LINE
  5
262
330
17
100
AcDbEntity
  8
0
  6
Continuous
 62
7
370
25
100
AcDbLine
 10
457.5505433798355
 20
464.8021819923827
 30
0.0
 11
457.5505433798355
 21
462.0021819923827
 31
0.0
  0
LINE
  5
263
330
17
100
AcDbEntity
  8
0
  6
Continuous
 62
7
370
25
100
AcDbLine
 10
457.5505433798355
 20
464.8021819923827
 30
0.0
 11
460.7285224253445
 21
464.8021819923827
 31
0.0
  0
LINE
  5
264
330
17
100
AcDbEntity
  8
0
  6
Continuous
 62
7
370
25
100
AcDbLine
 10
460.7285224253445
 20
464.8021819923827
 30
0.0
 11
463.90650147085375
 21
464.8021819923827
 31
0.0
  0
LINE
  5
265
330
17
100
AcDbEntity
  8
0
  6
Continuous
 62
7
370
25
100
AcDbLine
 10
476.1762228040958
 20
464.8021819923827
 30
0.0
 11
478.14747721817025
 21
464.8021819923827
 31
0.0
  0
LINE
  5
266
330
17
100
AcDbEntity
  8
0
  6
Continuous
 62
7
370
25
100
AcDbLine
 10
478.14747721817025
 20
464.8021819923827
 30
0.0
 11
478.14747721817025
 21
462.0021819923827
 31
0.0
  0
LINE
  5
267
330
17
100
AcDbEntity
  8
0
  6
Continuous
 62
7
370
25
100
AcDbLine
 10
474.20496839002124
 20
464.8021819923827
 30
0.0
 11
476.1762228040958
 21
464.8021819923827
 31
0.0
  0
LINE
  5
268
330
17
100
AcDbEntity
  8
0
  6
Continuous
 62
7
370
25
100
AcDbLine
 10
517.849010299003
 20
461.90218199238274
 30
0.0
 11
417.849010299003
 21
461.90218199238274
 31
0.0
  0
LINE
  5
269
330
17
100
AcDbEntity
  8
0
  6
Continuous
 62
7
370
25
100
AcDbLine
 10
417.949010299003
 20
462.0021819923827
 30
0.0
 11
517.749010299003
 21
462.0021819923827
 31
0.0
  0
LINE
  5
26A
330
17
100
AcDbEntity
  8
0
  6
Continuous
 62
7
370
25
100
AcDbLine
 10
417.849010299003
 20
456.1021819923827
 30
0.0
 11
517.849010299003
 21
456.1021819923827
 31
0.0
  0
LINE
  5
26B
330
17
100
AcDbEntity
  8
0
  6
Continuous
 62
8
370
25
100
AcDbLine
 10
497.62592223358376
 20
325.1021819923827
 30
0.0
 11
503.1259222335837
 21
325.1021819923827
 31
0.0
  0
LINE
  5
26C
330
17
100
AcDbEntity
  8
0
  6
Continuous
 62
8
370
25
100
AcDbLine
 10
497.6273140546852
 20
327.90218199238274
 30
0.0
 11
497.62592223358376
 21
327.90218199238274
 31
0.0
  0
LINE
  5
26D
330
17
100
AcDbEntity
  8
0
  6
Continuous
 62
8
370
25
100
AcDbLine
 10
503.1259222335837
 20
327.90218199238274
 30
0.0
 11
497.6273140546852
 21
327.90218199238274
 31
0.0
  0
LINE
  5
26E
330
17
100
AcDbEntity
  8
0
  6
Continuous
 62
8
370
25
100
AcDbLine
 10
438.072098364422
 20
327.90218199238274
 30
0.0
 11
432.572098364422
 21
327.90218199238274
 31
0.0
  0
LINE
  5
26F
330
17
100
AcDbEntity
  8
0
  6
Continuous
 62
8
370
25
100
AcDbLine
 10
432.572098364422
 20
325.1021819923827
 30
0.0
 11
438.072098364422
 21
325.1021819923827
 31
0.0
  0
LINE
  5
270
330
17
100
AcDbEntity
  8
0
  6
Continuous
 62
8
370
25
100
AcDbLine
 10
460.7285224253445
 20
479.8021819923827
 30
0.0
 11
458.849010299003
 21
479.8021819923827
 31
0.0
  0
LINE
  5
271
330
17
100
AcDbEntity
  8
0
  6
Continuous
 62
8
370
25
100
AcDbLine
 10
476.849010299003
 20
479.8021819923827
 30
0.0
 11
460.7285224253445
 21
479.8021819923827
 31
0.0
  0
DIMENSION
  5
272
330
17
100
AcDbEntity
  8
0
  6
Continuous
 62
7
370
18
100
AcDbDimension
280
0
  2
_D_3
  3
SLDDIMSTYLE0
 10
357.84901029900226
 20
356.00218199238276
 30
0.0
 11
357.84901029900226
 21
401.357280336284
 31
0.0
 70
160
 71
2
 42
-1.0
 73
0
 74
0
 75
0
  1
<>
100
AcDbAlignedDimension
 13
387.8490102990032
 23
446.00218199238276
 33
0.0
 14
387.8490102990032
 24
356.00218199238276
 34
0.0
 50
90.0000000000002
100
AcDbRotatedDimension
  0
DIMENSION
  5
27C
330
17
100
AcDbEntity
  8
0
  6
Continuous
 62
7
370
18
100
AcDbDimension
280
0
  2
_D_4
  3
SLDDIMSTYLE0
 10
542.8490102990032
 20
179.30218199238277
 30
0.0
 11
465.1232372417675
 21
179.30218199238277
 31
0.0
 70
160
 71
2
 42
-1.0
 73
0
 74
0
 75
0
  1
<>
100
AcDbAlignedDimension
 13
392.8490102990032
 23
366.00218199238276
 33
0.0
 14
542.8490102990032
 24
366.00218199238276
 34
0.0
 50
0.0
100
AcDbRotatedDimension
  0
DIMENSION
  5
286
330
17
100
AcDbEntity
  8
0
  6
Continuous
 62
7
370
18
100
AcDbDimension
280
0
  2
_D_5
  3
SLDDIMSTYLE1
 10
540.9044666507402
 20
367.94672564064575
 30
0.0
 11
574.5044368121845
 21
334.3468054792015
 31
0.0
 70
163
 71
1
 42
-1.0
 73
0
 74
0
 75
0
  1
<>
100
AcDbDiametricDimension
 15
544.7935539472662
 25
364.05763834411977
 35
0.0
 40
0.0
  0
DIMENSION
  5
28F
330
17
100
AcDbEntity
  8
0
  6
Continuous
 62
7
370
18
100
AcDbDimension
280
0
  2
_D_6
  3
SLDDIMSTYLE0
 10
580.8625912358683
 20
366.00218199238276
 30
0.0
 11
580.8625912358683
 21
401.357280336284
 31
0.0
 70
160
 71
2
 42
-1.0
 73
0
 74
0
 75
0
  1
<>
100
AcDbAlignedDimension
 13
542.8490102990032
 23
436.00218199238276
 33
0.0
 14
542.8490102990032
 24
366.00218199238276
 34
0.0
 50
90.0000000000002
100
AcDbRotatedDimension
  0
DIMENSION
  5
299
330
17
100
AcDbEntity
  8
0
  6
Continuous
 62
7
370
18
100
AcDbDimension
280
0
  2
_D_7
  3
SLDDIMSTYLE0
 10
517.8490102990028
 20
500.0009741061417
 30
0.0
 11
466.51274580198174
 21
500.0009741061417
 31
0.0
 70
160
 71
2
 42
-1.0
 73
0
 74
0
 75
0
  1
%%c<>
100
AcDbAlignedDimension
 13
417.84901029900277
 23
461.90218199238274
 33
0.0
 14
517.8490102990028
 24
461.90218199238274
 34
0.0
 50
0.0
100
AcDbRotatedDimension
  0
LINE
  5
2A4
330
17
100
AcDbEntity
  8
0
  6
Continuous
 62
7
370
25
100
AcDbLine
 10
788.45253570143
 20
427.994160388545
 30
0.0
 11
788.45253570143
 21
428.2123016174938
 31
0.0
  0
LINE
  5
2A5
330
17
100
AcDbEntity
  8
0
  6
Continuous
 62
7
370
25
100
AcDbLine
 10
782.9525357014302
 20
428.2123016174938
 30
0.0
 11
782.9525357014302
 21
427.994160388545
 31
0.0
  0
LINE
  5
2A6
330
17
100
AcDbEntity
  8
0
  6
Continuous
 62
7
370
25
100
AcDbLine
 10
750.4256237668496
 20
585.029564782373
 30
0.0
 11
750.4256237668496
 21
584.111327215644
 31
0.0
  0
LINE
  5
2A7
330
17
100
AcDbEntity
  8
0
  6
Continuous
 62
7
370
25
100
AcDbLine
 10
755.9256237668499
 20
584.111327215644
 30
0.0
 11
755.9256237668499
 21
585.029564782373
 31
0.0
  0
LINE
  5
2A8
330
17
100
AcDbEntity
  8
0
  6
Continuous
 62
7
370
25
100
AcDbLine
 10
750.4256237668495
 20
547.4747916385282
 30
0.0
 11
750.4256237668495
 21
546.5565540717998
 31
0.0
  0
LINE
  5
2A9
330
17
100
AcDbEntity
  8
0
  6
Continuous
 62
7
370
25
100
AcDbLine
 10
755.9256237668495
 20
546.5565540717993
 30
0.0
 11
755.9256237668495
 21
547.4747916385282
 31
0.0
  0
LINE
  5
2AA
330
17
100
AcDbEntity
  8
0
  6
Continuous
 62
7
370
25
100
AcDbLine
 10
815.479447636012
 20
585.0295647823727
 30
0.0
 11
815.479447636012
 21
584.111327215644
 31
0.0
  0
LINE
  5
2AB
330
17
100
AcDbEntity
  8
0
  6
Continuous
 62
7
370
25
100
AcDbLine
 10
820.9794476360121
 20
584.111327215644
 30
0.0
 11
820.9794476360121
 21
585.0295647823727
 31
0.0
  0
LINE
  5
2AC
330
17
100
AcDbEntity
  8
0
  6
Continuous
 62
7
370
25
100
AcDbLine
 10
815.479447636012
 20
547.4747916385282
 30
0.0
 11
815.479447636012
 21
546.556554071799
 31
0.0
  0
LINE
  5
2AD
330
17
100
AcDbEntity
  8
0
  6
Continuous
 62
7
370
25
100
AcDbLine
 10
820.9794476360121
 20
546.5565540717995
 30
0.0
 11
820.9794476360121
 21
547.474791638528
 31
0.0
  0
LINE
  5
2AE
330
17
100
AcDbEntity
  8
0
  6
Continuous
 62
7
370
25
100
AcDbLine
 10
882.2475344308317
 20
468.511456469668
 30
0.0
 11
892.85413614863
 21
474.63451730833805
 31
0.0
  0
LINE
  5
2AF
330
17
100
AcDbEntity
  8
0
  6
Continuous
 62
7
370
25
100
AcDbLine
 10
774.7174574956033
 20
613.9309198288222
 30
0.0
 11
764.1108557778047
 21
607.807858990152
 31
0.0
  0
LINE
  5
2B0
330
17
100
AcDbEntity
  8
0
  6
Continuous
 62
7
370
25
100
AcDbLine
 10
782.6664095109153
 20
375.38102392852977
 30
0.0
 11
780.2604791352848
 21
373.99210988654477
 31
0.0
  0
LINE
  5
2B1
330
17
100
AcDbEntity
  8
0
  6
Continuous
 62
7
370
25
100
AcDbLine
 10
790.0096867784862
 20
357.1041570701215
 30
0.0
 11
792.4156171541167
 21
358.4930711121063
 31
0.0
  0
LINE
  5
2B2
330
17
100
AcDbEntity
  8
0
  6
Continuous
 62
7
370
25
100
AcDbLine
 10
793.5405257283322
 20
356.5444611717498
 30
0.0
 11
795.23758200318
 21
357.524150905937
 31
0.0
  0
LINE
  5
2B3
330
17
100
AcDbEntity
  8
0
  6
Continuous
 62
7
370
25
100
AcDbLine
 10
783.2385572115472
 20
378.3093236030732
 30
0.0
 11
781.5415009366997
 21
377.3296338688863
 31
0.0
  0
LINE
  5
2B4
330
17
100
AcDbEntity
  8
0
  6
Continuous
 62
7
370
25
100
AcDbLine
 10
802.2408944493178
 20
379.825169376804
 30
0.0
 11
801.8873410587246
 21
380.02927140475975
 31
0.0
  0
LINE
  5
2B5
330
17
100
AcDbEntity
  8
0
  6
Continuous
 62
7
370
25
100
AcDbLine
 10
802.2408944493178
 20
360.228189891546
 30
0.0
 11
801.8873410587246
 21
360.4322919195017
 31
0.0
  0
LINE
  5
2B6
330
17
100
AcDbEntity
  8
0
  6
Continuous
 62
7
370
25
100
AcDbLine
 10
790.4795643299685
 20
356.04850326679554
 30
0.0
 11
797.4912804692965
 21
352.0007256989295
 31
0.0
  0
LINE
  5
2B7
330
17
100
AcDbEntity
  8
0
  6
Continuous
 62
7
370
25
100
AcDbLine
 10
808.594671325162
 20
350.40420775233054
 30
0.0
 11
808.594671325162
 21
354.841196811579
 31
0.0
  0
LINE
  5
2B8
330
17
100
AcDbEntity
  8
0
  6
Continuous
 62
7
370
25
100
AcDbLine
 10
791.094671325162
 20
354.4329927556677
 30
0.0
 11
791.094671325162
 21
350.40420775233054
 31
0.0
  0
LINE
  5
2B9
330
17
100
AcDbEntity
  8
0
  6
Continuous
 62
7
370
25
100
AcDbLine
 10
808.594671325162
 20
347.74718395045426
 30
0.0
 11
808.594671325162
 21
348.56372476234003
 31
0.0
  0
LINE
  5
2BA
330
17
100
AcDbEntity
  8
0
  6
Continuous
 62
7
370
25
100
AcDbLine
 10
791.094671325162
 20
348.56372476234003
 30
0.0
 11
791.094671325162
 21
347.74718395045426
 31
0.0
  0
LINE
  5
2BB
330
17
100
AcDbEntity
  8
0
  6
Continuous
 62
7
370
25
100
AcDbLine
 10
754.3821382634535
 20
391.70918616498375
 30
0.0
 11
751.9762078878233
 21
390.32027212299903
 31
0.0
  0
LINE
  5
2BC
330
17
100
AcDbEntity
  8
0
  6
Continuous
 62
7
370
25
100
AcDbLine
 10
761.7254155310245
 20
373.4323193065757
 30
0.0
 11
764.131345906655
 21
374.8212333485605
 31
0.0
  0
LINE
  5
2BD
330
17
100
AcDbEntity
  8
0
  6
Continuous
 62
7
370
25
100
AcDbLine
 10
765.2562544808706
 20
372.872623408204
 30
0.0
 11
766.9533107557183
 21
373.85231314239127
 31
0.0
  0
LINE
  5
2BE
330
17
100
AcDbEntity
  8
0
  6
Continuous
 62
7
370
25
100
AcDbLine
 10
754.4367564715172
 20
394.338722422826
 30
0.0
 11
753.257229689238
 21
393.6577961053405
 31
0.0
  0
LINE
  5
2BF
330
17
100
AcDbEntity
  8
0
  6
Continuous
 62
7
370
25
100
AcDbLine
 10
773.9566232018559
 20
376.5563521280003
 30
0.0
 11
773.6030698112627
 21
376.76045415595604
 31
0.0
  0
LINE
  5
2C0
330
17
100
AcDbEntity
  8
0
  6
Continuous
 62
7
370
25
100
AcDbLine
 10
762.1952930825067
 20
372.37666550324974
 30
0.0
 11
769.2070092218347
 21
368.32888793538405
 31
0.0
  0
LINE
  5
2C1
330
17
100
AcDbEntity
  8
0
  6
Continuous
 62
7
370
25
100
AcDbLine
 10
762.8104000777003
 20
370.761154992122
 30
0.0
 11
762.8104000777003
 21
366.73236998878474
 31
0.0
  0
LINE
  5
2C2
330
17
100
AcDbEntity
  8
0
  6
Continuous
 62
7
370
25
100
AcDbLine
 10
762.8104000777003
 20
364.8918869987943
 30
0.0
 11
762.8104000777003
 21
364.0753461869085
 31
0.0
  0
LINE
  5
2C3
330
17
100
AcDbEntity
  8
0
  6
Continuous
 62
7
370
25
100
AcDbLine
 10
735.702535701431
 20
461.00006755837745
 30
0.0
 11
735.702535701431
 21
457.0806716613257
 31
0.0
  0
LINE
  5
2C4
330
17
100
AcDbEntity
  8
0
  6
Continuous
 62
7
370
25
100
AcDbLine
 10
835.702535701431
 20
457.0806716613257
 30
0.0
 11
835.702535701431
 21
461.00006755837745
 31
0.0
  0
LINE
  5
2C5
330
17
100
AcDbEntity
  8
0
  6
Continuous
 62
7
370
25
100
AcDbLine
 10
750.3414518057031
 20
436.6737858281885
 30
0.0
 11
750.4828961412861
 21
436.592105209144
 31
0.0
  0
LINE
  5
2C6
330
17
100
AcDbEntity
  8
0
  6
Continuous
 62
7
370
25
100
AcDbLine
 10
820.9221752615765
 20
436.592105209144
 30
0.0
 11
821.0636195971596
 21
436.6737858281885
 31
0.0
  0
LINE
  5
2C7
330
17
100
AcDbEntity
  8
0
  6
Continuous
 62
7
370
25
100
AcDbLine
 10
745.7025357014312
 20
439.76204029875953
 30
0.0
 11
745.7025357014312
 21
408.7414555976895
 31
0.0
  0
LINE
  5
2C8
330
17
100
AcDbEntity
  8
0
  6
Continuous
 62
7
370
25
100
AcDbLine
 10
825.702535701431
 20
408.7414555976895
 30
0.0
 11
825.702535701431
 21
439.76204029875953
 31
0.0
  0
LINE
  5
2C9
330
17
100
AcDbEntity
  8
0
  6
Continuous
 62
7
370
25
100
AcDbLine
 10
757.413668584845
 20
392.41594693118174
 30
0.0
 11
758.1208902627598
 21
392.0075438359585
 31
0.0
  0
LINE
  5
2CA
330
17
100
AcDbEntity
  8
0
  6
Continuous
 62
7
370
25
100
AcDbLine
 10
813.2841811401024
 20
392.0075438359588
 30
0.0
 11
813.9914028180171
 21
392.41594693118174
 31
0.0
  0
LINE
  5
2CB
330
17
100
AcDbEntity
  8
0
  6
Continuous
 62
7
370
25
100
AcDbLine
 10
835.702535701431
 20
461.081721639566
 30
0.0
 11
835.702535701431
 21
471.53344403170354
 31
0.0
  0
LINE
  5
2CC
330
17
100
AcDbEntity
  8
0
  6
Continuous
 62
7
370
25
100
AcDbLine
 10
735.702535701431
 20
471.53344403170354
 30
0.0
 11
735.702535701431
 21
461.081721639566
 31
0.0
  0
LINE
  5
2CD
330
17
100
AcDbEntity
  8
0
  6
Continuous
 62
7
370
25
100
AcDbLine
 10
750.3414518057065
 20
440.67483580642653
 30
0.0
 11
750.4121739734979
 21
440.6339954969042
 31
0.0
  0
LINE
  5
2CE
330
17
100
AcDbEntity
  8
0
  6
Continuous
 62
7
370
25
100
AcDbLine
 10
820.9928974293641
 20
440.6339954969042
 30
0.0
 11
821.0636195971556
 21
440.67483580642653
 31
0.0
  0
LINE
  5
2CF
330
17
100
AcDbEntity
  8
0
  6
Continuous
 62
7
370
25
100
AcDbLine
 10
835.7025357014309
 20
553.4324874638443
 30
0.0
 11
835.7025357014309
 21
561.352933339136
 31
0.0
  0
LINE
  5
2D0
330
17
100
AcDbEntity
  8
0
  6
Continuous
 62
7
370
25
100
AcDbLine
 10
835.7025357014309
 20
471.6967521940808
 30
0.0
 11
835.7025357014309
 21
478.6739964294443
 31
0.0
  0
LINE
  5
2D1
330
17
100
AcDbEntity
  8
0
  6
Continuous
 62
7
370
25
100
AcDbLine
 10
735.702535701431
 20
561.352933339136
 30
0.0
 11
735.702535701431
 21
471.6967521940808
 31
0.0
  0
LINE
  5
2D2
330
17
100
AcDbEntity
  8
0
  6
Continuous
 62
7
370
25
100
AcDbLine
 10
750.3414518057041
 20
451.2898663609425
 30
0.0
 11
750.4121739734956
 21
451.2490260514203
 31
0.0
  0
LINE
  5
2D3
330
17
100
AcDbEntity
  8
0
  6
Continuous
 62
7
370
25
100
AcDbLine
 10
820.9928974293662
 20
451.2490260514203
 30
0.0
 11
821.0636195971576
 21
451.2898663609425
 31
0.0
  0
SPLINE
  5
2D4
330
17
100
AcDbEntity
  8
0
  6
Continuous
 62
7
370
25
100
AcDbSpline
210
0.0
220
0.0
230
2.5
 70
8
 71
3
 72
24
 73
20
 74
0
 42
1e-08
 43
1e-08
 40
0.0
 40
0.0
 40
0.0
 40
0.0
 40
0.0451856299455883
 40
0.1002856311361408
 40
0.1552819123231178
 40
0.2121258836770123
 40
0.2722305217002596
 40
0.3357915825592256
 40
0.4014548552809383
 40
0.4673048723055204
 40
0.5329849130489132
 40
0.5988421076412669
 40
0.6653480736953512
 40
0.7331069033622429
 40
0.8026456036901675
 40
0.8634612158130289
 40
0.9208857366441572
 40
0.9752304534640491
 40
0.9999999999999999
 40
0.9999999999999999
 40
0.9999999999999999
 40
0.9999999999999999
 10
794.676761565948
 20
580.8684987728913
 30
0.0
 10
794.6675224282923
 20
581.2037990523426
 30
0.0
 10
794.6470169544928
 20
581.9479692716218
 30
0.0
 10
794.2567281774436
 20
583.0439707699672
 30
0.0
 10
793.6199478956268
 20
584.1023388112612
 30
0.0
 10
792.7421368456612
 20
585.038411424759
 30
0.0
 10
791.6375028420845
 20
585.8482658705416
 30
0.0
 10
790.3106230968322
 20
586.5119582091149
 30
0.0
 10
788.8002431309615
 20
586.999161572453
 30
0.0
 10
787.1700750948515
 20
587.2867499490258
 30
0.0
 10
785.4877977063228
 20
587.3653863169412
 30
0.0
 10
783.807356441037
 20
587.2328771318284
 30
0.0
 10
782.1752886990538
 20
586.8864068682053
 30
0.0
 10
780.6354542897008
 20
586.31850774543
 30
0.0
 10
779.3056117918936
 20
585.5536371860445
 30
0.0
 10
778.2351441131129
 20
584.6321618234092
 30
0.0
 10
777.4536893341551
 20
583.6169547698755
 30
0.0
 10
777.0128699467763
 20
582.7010191987063
 30
0.0
 10
776.8676889540903
 20
582.1347708218107
 30
0.0
 10
776.8222348576742
 20
581.9574865379475
 30
0.0
  0
LINE
  5
2D5
330
17
100
AcDbEntity
  8
0
  6
Continuous
 62
7
370
25
100
AcDbLine
 10
776.8222348576742
 20
581.9574865379475
 30
0.0
 11
776.7074523912005
 21
580.9776872325738
 31
0.0
  0
LINE
  5
2D6
330
17
100
AcDbEntity
  8
0
  6
Continuous
 62
7
370
25
100
AcDbLine
 10
794.7025357014307
 20
568.6201465649192
 30
0.0
 11
794.7025357014307
 21
580.8682587432055
 31
0.0
  0
LINE
  5
2D7
330
17
100
AcDbEntity
  8
0
  6
Continuous
 62
7
370
25
100
AcDbLine
 10
776.7025357014307
 20
580.8682587432055
 30
0.0
 11
776.7025357014307
 21
568.6201465649192
 31
0.0
  0
LINE
  5
2D8
330
17
100
AcDbEntity
  8
0
  6
Continuous
 62
7
370
25
100
AcDbLine
 10
821.0636195971629
 20
586.6590640435858
 30
0.0
 11
820.9928974293713
 21
586.699904353108
 31
0.0
  0
LINE
  5
2D9
330
17
100
AcDbEntity
  8
0
  6
Continuous
 62
7
370
25
100
AcDbLine
 10
750.4121739734904
 20
586.699904353108
 30
0.0
 11
750.341451805699
 21
586.6590640435858
 31
0.0
  0
LINE
  5
2DA
330
17
100
AcDbEntity
  8
0
  6
Continuous
 62
7
370
25
100
AcDbLine
 10
735.702535701431
 20
566.2521782104504
 30
0.0
 11
735.702535701431
 21
561.5162415015133
 31
0.0
  0
LINE
  5
2DB
330
17
100
AcDbEntity
  8
0
  6
Continuous
 62
7
370
25
100
AcDbLine
 10
835.7025357014309
 20
561.5162415015133
 30
0.0
 11
835.7025357014309
 21
566.2521782104504
 31
0.0
  0
LINE
  5
2DC
330
17
100
AcDbEntity
  8
0
  6
Continuous
 62
7
370
25
100
AcDbLine
 10
750.3414518056966
 20
541.1093556683795
 30
0.0
 11
750.412173973488
 21
541.068515358857
 31
0.0
  0
LINE
  5
2DD
330
17
100
AcDbEntity
  8
0
  6
Continuous
 62
7
370
25
100
AcDbLine
 10
820.9928974293737
 20
541.068515358857
 30
0.0
 11
821.0636195971653
 21
541.1093556683795
 31
0.0
  0
LWPOLYLINE
  5
2DE
330
17
100
AcDbEntity
  8
0
  6
Continuous
 62
7
370
25
100
AcDbPolyline
 90
10
 70
128
 10
782.9525357014302
 20
427.994160388545
 10
783.1242145805925
 20
427.4420245428703
 10
783.6438255744798
 20
426.94162499222796
 10
784.4414767787187
 20
426.58337617915845
 10
785.4094409782383
 20
426.41566159099176
 10
786.4169892442187
 20
426.4611320121985
 10
787.3280466003217
 20
426.71364641043425
 10
788.019569702263
 20
427.13910131698674
 10
788.3981645232631
 20
427.680036689199
 10
788.45253570143
 20
427.994160388545
  0
LWPOLYLINE
  5
2DF
330
17
100
AcDbEntity
  8
0
  6
Continuous
 62
7
370
25
100
AcDbPolyline
 90
11
 70
128
 10
755.9256237668499
 20
585.029564782373
 10
755.9152942562018
 20
584.8920956075268
 10
755.6442681557037
 20
584.33004668325
 10
755.0398379512602
 20
583.8624715544235
 10
754.1836352912447
 20
583.5525188331183
 10
753.1912950892751
 20
583.442049351854
 10
752.196838388374
 20
583.545982626208
 10
751.3345720764733
 20
583.8502818915647
 10
750.7209499969775
 20
584.3138498459573
 10
750.4388452119196
 20
584.8740790684258
 10
750.4256237668496
 20
585.029564782373
  0
LWPOLYLINE
  5
2E0
330
17
100
AcDbEntity
  8
0
  6
Continuous
 62
7
370
25
100
AcDbPolyline
 90
18
 70
128
 10
755.7202876248298
 20
585.538250196862
 10
755.2812344203996
 20
586.0400788780989
 10
754.5578068296161
 20
586.4164598673817
 10
753.6477077572649
 20
586.6165608265082
 10
752.673851126101
 20
586.6133570121513
 10
751.7677616704883
 20
586.4072811171923
 10
751.0518117922222
 20
586.0261648331515
 10
750.6226944895781
 20
585.521480026027
 10
750.538364432099
 20
584.961387175576
 10
750.8102108613365
 20
584.4215299248335
 10
751.4015194106687
 20
583.9748189869645
 10
752.232430583955
 20
583.681585149439
 10
753.1907252230053
 20
583.5814312668798
 10
754.1469803267215
 20
583.6878836760981
 10
754.9720483445544
 20
583.9865653893555
 10
755.5544992688365
 20
584.437137786225
 10
755.8156698747705
 20
584.9787485678007
 10
755.7202876248298
 20
585.538250196862
  0
LINE
  5
2E1
330
17
100
AcDbEntity
  8
0
  6
Continuous
 62
7
370
25
100
AcDbLine
 10
754.1744852054966
 20
585.7127097658025
 30
0.0
 11
754.5773886093162
 21
584.9125877097173
 31
0.0
  0
LINE
  5
2E2
330
17
100
AcDbEntity
  8
0
  6
Continuous
 62
7
370
25
100
AcDbLine
 10
752.77272036303
 20
585.9113409196468
 30
0.0
 11
754.1744852054966
 21
585.7127097658025
 31
0.0
  0
LINE
  5
2E3
330
17
100
AcDbEntity
  8
0
  6
Continuous
 62
7
370
25
100
AcDbLine
 10
751.7738589243835
 20
585.3098500174058
 30
0.0
 11
752.77272036303
 21
585.9113409196468
 31
0.0
  0
LINE
  5
2E4
330
17
100
AcDbEntity
  8
0
  6
Continuous
 62
7
370
25
100
AcDbLine
 10
752.1767623282029
 20
584.5097279613206
 30
0.0
 11
751.7738589243835
 21
585.3098500174058
 31
0.0
  0
LINE
  5
2E5
330
17
100
AcDbEntity
  8
0
  6
Continuous
 62
7
370
25
100
AcDbLine
 10
753.5785271706695
 20
584.311096807476
 30
0.0
 11
752.1767623282029
 21
584.5097279613206
 31
0.0
  0
LINE
  5
2E6
330
17
100
AcDbEntity
  8
0
  6
Continuous
 62
7
370
25
100
AcDbLine
 10
754.5773886093162
 20
584.9125877097173
 30
0.0
 11
753.5785271706695
 21
584.311096807476
 31
0.0
  0
LINE
  5
2E7
330
17
100
AcDbEntity
  8
0
  6
Continuous
 62
7
370
25
100
AcDbLine
 10
752.2732896437067
 20
584.5490924130747
 30
0.0
 11
752.2065396578992
 21
584.5055084908525
 31
0.0
  0
ARC
  5
2E8
330
17
100
AcDbEntity
  8
0
  6
Continuous
 62
7
370
25
100
AcDbCircle
 10
753.1708500318362
 20
582.8775890432355
 30
0.0
 40
1.8972448881797765
100
AcDbArc
 50
80.81777450670623
 51
118.23481613711411
  0
ARC
  5
2E9
330
17
100
AcDbEntity
  8
0
  6
Continuous
 62
7
370
25
100
AcDbCircle
 10
753.2600437790439
 20
583.0905676294302
 30
0.0
 40
1.6736358369743434
100
AcDbArc
 50
62.82970446637146
 51
82.66896653730637
  0
LINE
  5
2EA
330
17
100
AcDbEntity
  8
0
  6
Continuous
 62
7
370
25
100
AcDbLine
 10
754.1744852054966
 20
584.6699687412565
 30
0.0
 11
754.1744852054966
 21
585.7127097658025
 31
0.0
  0
LINE
  5
2EB
330
17
100
AcDbEntity
  8
0
  6
Continuous
 62
7
370
25
100
AcDbLine
 10
752.77272036303
 20
584.8498378641953
 30
0.0
 11
752.77272036303
 21
585.9113409196468
 31
0.0
  0
LINE
  5
2EC
330
17
100
AcDbEntity
  8
0
  6
Continuous
 62
7
370
25
100
AcDbLine
 10
752.2732896437067
 20
584.5490924130747
 30
0.0
 11
752.77272036303
 21
584.8498378641953
 31
0.0
  0
LINE
  5
2ED
330
17
100
AcDbEntity
  8
0
  6
Continuous
 62
7
370
25
100
AcDbLine
 10
752.2019842717897
 20
584.5061539925597
 30
0.0
 11
752.2732896437067
 21
584.5490924130747
 31
0.0
  0
LINE
  5
2EE
330
17
100
AcDbEntity
  8
0
  6
Continuous
 62
7
370
25
100
AcDbLine
 10
753.4736027842632
 20
584.7505222872733
 30
0.0
 11
754.1492632619098
 21
584.6547806791118
 31
0.0
  0
LINE
  5
2EF
330
17
100
AcDbEntity
  8
0
  6
Continuous
 62
7
370
25
100
AcDbLine
 10
752.77272036303
 20
584.8498378641953
 30
0.0
 11
753.4736027842632
 21
584.7505222872733
 31
0.0
  0
LWPOLYLINE
  5
2F0
330
17
100
AcDbEntity
  8
0
  6
Continuous
 62
7
370
25
100
AcDbPolyline
 90
10
 70
128
 10
755.9256237668495
 20
547.4747916385282
 10
755.7455418945108
 20
546.9097508667652
 10
755.2184229917762
 20
546.4119751203598
 10
754.4154127341743
 20
546.0577386340022
 10
753.4449621066269
 20
545.8948830080678
 10
752.4381358438375
 20
545.9454027972532
 10
751.5309114116127
 20
546.2024750240887
 10
750.8458144966282
 20
546.6313806598542
 10
750.4753712335059
 20
547.174193621791
 10
750.4256237668495
 20
547.4747916385282
  0
LWPOLYLINE
  5
2F1
330
17
100
AcDbEntity
  8
0
  6
Continuous
 62
7
370
25
100
AcDbPolyline
 90
18
 70
128
 10
752.4359036509337
 20
549.025448896317
 10
751.5666166892833
 20
548.7719888764475
 10
750.9146350492742
 20
548.3543630177045
 10
750.5680124641448
 20
547.8289740064561
 10
750.5735622347186
 20
547.2667785399519
 10
750.9305348337273
 20
546.7437042311763
 10
751.5907191336213
 20
546.3303951639842
 10
752.4649535864926
 20
546.0826710181245
 10
753.4351679851806
 20
546.0339883121823
 10
754.3703294989987
 20
546.1909219153555
 10
755.1441393835969
 20
546.5322770749362
 10
755.6520903262323
 20
547.011951885109
 10
755.8255807374478
 20
547.56516360479
 10
755.6411797758652
 20
548.1171979257845
 10
755.123791813148
 20
548.5934995541143
 10
754.3432929606059
 20
548.929741315595
 10
753.4050939131693
 20
549.080511897159
 10
752.4359036509337
 20
549.025448896317
  0
LINE
  5
2F2
330
17
100
AcDbEntity
  8
0
  6
Continuous
 62
7
370
25
100
AcDbLine
 10
752.133698069058
 20
548.1330761543237
 30
0.0
 11
753.5197002986826
 21
548.3656673385062
 31
0.0
  0
LINE
  5
2F3
330
17
100
AcDbEntity
  8
0
  6
Continuous
 62
7
370
25
100
AcDbLine
 10
751.789621537225
 20
547.3238545355342
 30
0.0
 11
752.133698069058
 21
548.1330761543237
 31
0.0
  0
LINE
  5
2F4
330
17
100
AcDbEntity
  8
0
  6
Continuous
 62
7
370
25
100
AcDbLine
 10
752.8315472350165
 20
546.7472241009275
 30
0.0
 11
751.789621537225
 21
547.3238545355342
 31
0.0
  0
LINE
  5
2F5
330
17
100
AcDbEntity
  8
0
  6
Continuous
 62
7
370
25
100
AcDbLine
 10
754.2175494646408
 20
546.97981528511
 30
0.0
 11
752.8315472350165
 21
546.7472241009275
 31
0.0
  0
LINE
  5
2F6
330
17
100
AcDbEntity
  8
0
  6
Continuous
 62
7
370
25
100
AcDbLine
 10
754.5616259964737
 20
547.7890369038995
 30
0.0
 11
754.2175494646408
 21
546.97981528511
 31
0.0
  0
LINE
  5
2F7
330
17
100
AcDbEntity
  8
0
  6
Continuous
 62
7
370
25
100
AcDbLine
 10
753.5197002986826
 20
548.3656673385062
 30
0.0
 11
754.5616259964737
 21
547.7890369038995
 31
0.0
  0
ARC
  5
2F8
330
17
100
AcDbEntity
  8
0
  6
Continuous
 62
7
370
25
100
AcDbCircle
 10
753.1756051784612
 20
545.280584427555
 30
0.0
 40
1.9389349278683032
100
AcDbArc
 50
63.50299004143563
 51
100.3666868744468
  0
LINE
  5
2F9
330
17
100
AcDbEntity
  8
0
  6
Continuous
 62
7
370
25
100
AcDbLine
 10
754.1250831744085
 20
546.9642981066507
 30
0.0
 11
754.0406631475782
 21
547.0158490657515
 31
0.0
  0
ARC
  5
2FA
330
17
100
AcDbEntity
  8
0
  6
Continuous
 62
7
370
25
100
AcDbCircle
 10
753.0760905773982
 20
545.576516440339
 30
0.0
 40
1.6305373785224864
100
AcDbArc
 50
98.79794722283644
 51
117.2879756520107
  0
LINE
  5
2FB
330
17
100
AcDbEntity
  8
0
  6
Continuous
 62
7
370
25
100
AcDbLine
 10
752.133698069058
 20
547.1334330875275
 30
0.0
 11
752.133698069058
 21
548.1330761543237
 31
0.0
  0
LINE
  5
2FC
330
17
100
AcDbEntity
  8
0
  6
Continuous
 62
7
370
25
100
AcDbLine
 10
753.5197002986826
 20
547.304164283055
 30
0.0
 11
753.5197002986826
 21
548.3656673385062
 31
0.0
  0
LINE
  5
2FD
330
17
100
AcDbEntity
  8
0
  6
Continuous
 62
7
370
25
100
AcDbLine
 10
754.0406631475782
 20
547.0158490657515
 30
0.0
 11
754.1317807687444
 21
546.9654220596752
 31
0.0
  0
LINE
  5
2FE
330
17
100
AcDbEntity
  8
0
  6
Continuous
 62
7
370
25
100
AcDbLine
 10
753.5197002986826
 20
547.304164283055
 30
0.0
 11
754.0406631475782
 21
547.0158490657515
 31
0.0
  0
LINE
  5
2FF
330
17
100
AcDbEntity
  8
0
  6
Continuous
 62
7
370
25
100
AcDbLine
 10
752.8266991838702
 20
547.1878686909635
 30
0.0
 11
753.5197002986826
 21
547.304164283055
 31
0.0
  0
LINE
  5
300
330
17
100
AcDbEntity
  8
0
  6
Continuous
 62
7
370
25
100
AcDbLine
 10
752.2194667649542
 20
547.0859663243073
 30
0.0
 11
752.8266991838702
 21
547.1878686909635
 31
0.0
  0
LWPOLYLINE
  5
301
330
17
100
AcDbEntity
  8
0
  6
Continuous
 62
7
370
25
100
AcDbPolyline
 90
7
 70
128
 10
818.9970817185663
 20
583.5051275236369
 10
817.9913182388877
 20
583.4479866737065
 10
817.0177154538118
 20
583.6044467111785
 10
816.2077638143815
 20
583.953376841017
 10
815.6708517775992
 20
584.447652115699
 10
815.4794922891649
 20
585.0205179205045
 10
815.479447636012
 20
585.0295647823727
  0
LWPOLYLINE
  5
302
330
17
100
AcDbEntity
  8
0
  6
Continuous
 62
7
370
25
100
AcDbPolyline
 90
5
 70
128
 10
820.9794476360121
 20
585.0295647823727
 10
820.935459365234
 20
584.7467524093418
 10
820.5757566825525
 20
584.2015373976685
 10
819.8991719617882
 20
583.768152072558
 10
818.9970817185663
 20
583.5051275236369
  0
LWPOLYLINE
  5
303
330
17
100
AcDbEntity
  8
0
  6
Continuous
 62
7
370
25
100
AcDbPolyline
 90
18
 70
128
 10
818.9691677519278
 20
583.6422156869612
 10
819.8384547135779
 20
583.8956757068307
 10
820.4904363535873
 20
584.3133015655737
 10
820.8370589387168
 20
584.8386905768223
 10
820.8315091681432
 20
585.4008860433265
 10
820.4745365691342
 20
585.923960352102
 10
819.8143522692402
 20
586.337269419294
 10
818.9401178163688
 20
586.5849935651538
 10
817.9699034176808
 20
586.633676271096
 10
817.0347419038627
 20
586.4767426679227
 10
816.2609320192643
 20
586.135387508342
 10
815.7529810766295
 20
585.6557126981693
 10
815.5794906654137
 20
585.1025009784883
 10
815.7638916269963
 20
584.5504666574938
 10
816.2812795897134
 20
584.074165029164
 10
817.0617784422552
 20
583.7379232676833
 10
817.9999774896921
 20
583.5871526861196
 10
818.9691677519278
 20
583.6422156869612
  0
LINE
  5
304
330
17
100
AcDbEntity
  8
0
  6
Continuous
 62
7
370
25
100
AcDbLine
 10
819.2713733338032
 20
584.5345884289545
 30
0.0
 11
817.8853711041791
 21
584.301997244772
 31
0.0
  0
LINE
  5
305
330
17
100
AcDbEntity
  8
0
  6
Continuous
 62
7
370
25
100
AcDbLine
 10
819.6154498656365
 20
585.343810047744
 30
0.0
 11
819.2713733338032
 21
584.5345884289545
 31
0.0
  0
LINE
  5
306
330
17
100
AcDbEntity
  8
0
  6
Continuous
 62
7
370
25
100
AcDbLine
 10
818.5735241678452
 20
585.9204404823507
 30
0.0
 11
819.6154498656365
 21
585.343810047744
 31
0.0
  0
LINE
  5
307
330
17
100
AcDbEntity
  8
0
  6
Continuous
 62
7
370
25
100
AcDbLine
 10
817.1875219382207
 20
585.6878492981682
 30
0.0
 11
818.5735241678452
 21
585.9204404823507
 31
0.0
  0
LINE
  5
308
330
17
100
AcDbEntity
  8
0
  6
Continuous
 62
7
370
25
100
AcDbLine
 10
816.8434454063874
 20
584.8786276793787
 30
0.0
 11
817.1875219382207
 21
585.6878492981682
 31
0.0
  0
LINE
  5
309
330
17
100
AcDbEntity
  8
0
  6
Continuous
 62
7
370
25
100
AcDbLine
 10
817.8853711041791
 20
584.301997244772
 30
0.0
 11
816.8434454063874
 21
584.8786276793787
 31
0.0
  0
ARC
  5
30A
330
17
100
AcDbEntity
  8
0
  6
Continuous
 62
7
370
25
100
AcDbCircle
 10
818.1299144465612
 20
583.1312895841825
 30
0.0
 40
1.630537378523373
100
AcDbArc
 50
98.79794722284171
 51
117.28797565200588
  0
ARC
  5
30B
330
17
100
AcDbEntity
  8
0
  6
Continuous
 62
7
370
25
100
AcDbCircle
 10
818.2294290476243
 20
582.8353575714012
 30
0.0
 40
1.9389349278665229
100
AcDbArc
 50
63.502990041418784
 51
100.3666868744604
  0
LINE
  5
30C
330
17
100
AcDbEntity
  8
0
  6
Continuous
 62
7
370
25
100
AcDbLine
 10
819.178907043571
 20
584.5190712504952
 30
0.0
 11
819.0944870167408
 21
584.5706222095957
 31
0.0
  0
LINE
  5
30D
330
17
100
AcDbEntity
  8
0
  6
Continuous
 62
7
370
25
100
AcDbLine
 10
817.1875219382207
 20
584.688206231372
 30
0.0
 11
817.1875219382207
 21
585.6878492981682
 31
0.0
  0
LINE
  5
30E
330
17
100
AcDbEntity
  8
0
  6
Continuous
 62
7
370
25
100
AcDbLine
 10
818.5735241678452
 20
584.8589374268993
 30
0.0
 11
818.5735241678452
 21
585.9204404823507
 31
0.0
  0
LINE
  5
30F
330
17
100
AcDbEntity
  8
0
  6
Continuous
 62
7
370
25
100
AcDbLine
 10
819.0944870167408
 20
584.5706222095957
 30
0.0
 11
819.1856046379073
 21
584.5201952035195
 31
0.0
  0
LINE
  5
310
330
17
100
AcDbEntity
  8
0
  6
Continuous
 62
7
370
25
100
AcDbLine
 10
818.5735241678452
 20
584.8589374268993
 30
0.0
 11
819.0944870167408
 21
584.5706222095957
 31
0.0
  0
LINE
  5
311
330
17
100
AcDbEntity
  8
0
  6
Continuous
 62
7
370
25
100
AcDbLine
 10
817.8805230530329
 20
584.742641834808
 30
0.0
 11
818.5735241678452
 21
584.8589374268993
 31
0.0
  0
LINE
  5
312
330
17
100
AcDbEntity
  8
0
  6
Continuous
 62
7
370
25
100
AcDbLine
 10
817.2732906341167
 20
584.6407394681518
 30
0.0
 11
817.8805230530329
 21
584.742641834808
 31
0.0
  0
LINE
  5
313
330
17
100
AcDbEntity
  8
0
  6
Continuous
 62
7
370
25
100
AcDbLine
 10
815.5887587267875
 20
547.0316459152915
 30
0.0
 11
815.479447636012
 21
547.4747916385282
 31
0.0
  0
LWPOLYLINE
  5
314
330
17
100
AcDbEntity
  8
0
  6
Continuous
 62
7
370
25
100
AcDbPolyline
 90
9
 70
128
 10
820.9794476360121
 20
547.474791638528
 10
820.878713867143
 20
547.0490489227619
 10
820.4334034587387
 20
546.5253194059347
 10
819.6904366039346
 20
546.1298213753265
 10
818.7501550933928
 20
545.9159690315009
 10
817.7395491553922
 20
545.912644318489
 10
816.7951067218205
 20
546.1202962572053
 10
816.0443799766678
 20
546.5108803026873
 10
815.5887587267875
 20
547.0316459152915
  0
LWPOLYLINE
  5
315
330
17
100
AcDbEntity
  8
0
  6
Continuous
 62
7
370
25
100
AcDbPolyline
 90
18
 70
128
 10
815.684783778032
 20
547.129414386416
 10
816.1238369824622
 20
546.6275857051791
 10
816.8472645732458
 20
546.2512047158965
 10
817.7573636455968
 20
546.0511037567697
 10
818.7312202767607
 20
546.054307571127
 10
819.6373097323735
 20
546.2603834660861
 10
820.3532596106397
 20
546.6414997501267
 10
820.7823769132837
 20
547.146184557251
 10
820.8667069707627
 20
547.706277407702
 10
820.5948605415255
 20
548.2461346584447
 10
820.0035519921927
 20
548.6928455963138
 10
819.1726408189068
 20
548.9860794338392
 10
818.2143461798564
 20
549.0862333163985
 10
817.2580910761405
 20
548.9797809071803
 10
816.4330230583073
 20
548.6810991939226
 10
815.8505721340255
 20
548.2305267970532
 10
815.5894015280912
 20
547.6889160154775
 10
815.684783778032
 20
547.129414386416
  0
LINE
  5
316
330
17
100
AcDbEntity
  8
0
  6
Continuous
 62
7
370
25
100
AcDbLine
 10
817.2305861973653
 20
546.9549548174758
 30
0.0
 11
816.8276827935455
 21
547.7550768735609
 31
0.0
  0
LINE
  5
317
330
17
100
AcDbEntity
  8
0
  6
Continuous
 62
7
370
25
100
AcDbLine
 10
818.6323510398317
 20
546.7563236636315
 30
0.0
 11
817.2305861973653
 21
546.9549548174758
 31
0.0
  0
LINE
  5
318
330
17
100
AcDbEntity
  8
0
  6
Continuous
 62
7
370
25
100
AcDbLine
 10
819.6312124784782
 20
547.3578145658724
 30
0.0
 11
818.6323510398317
 21
546.7563236636315
 31
0.0
  0
LINE
  5
319
330
17
100
AcDbEntity
  8
0
  6
Continuous
 62
7
370
25
100
AcDbLine
 10
819.2283090746588
 20
548.1579366219578
 30
0.0
 11
819.6312124784782
 21
547.3578145658724
 31
0.0
  0
LINE
  5
31A
330
17
100
AcDbEntity
  8
0
  6
Continuous
 62
7
370
25
100
AcDbLine
 10
817.8265442321923
 20
548.356567775802
 30
0.0
 11
819.2283090746588
 21
548.1579366219578
 31
0.0
  0
LINE
  5
31B
330
17
100
AcDbEntity
  8
0
  6
Continuous
 62
7
370
25
100
AcDbLine
 10
816.8276827935455
 20
547.7550768735609
 30
0.0
 11
817.8265442321923
 21
548.356567775802
 31
0.0
  0
LINE
  5
31C
330
17
100
AcDbEntity
  8
0
  6
Continuous
 62
7
370
25
100
AcDbLine
 10
817.3271135128689
 20
546.99431926923
 30
0.0
 11
817.2603635270614
 21
546.9507353470075
 31
0.0
  0
ARC
  5
31D
330
17
100
AcDbEntity
  8
0
  6
Continuous
 62
7
370
25
100
AcDbCircle
 10
818.2246739009985
 20
545.3228158993918
 30
0.0
 40
1.8972448881785824
100
AcDbArc
 50
80.81777450669615
 51
118.2348161371286
  0
ARC
  5
31E
330
17
100
AcDbEntity
  8
0
  6
Continuous
 62
7
370
25
100
AcDbCircle
 10
818.3138676482052
 20
545.5357944855809
 30
0.0
 40
1.673635836978973
100
AcDbArc
 50
62.8297044664036
 51
82.66896653728702
  0
LINE
  5
31F
330
17
100
AcDbEntity
  8
0
  6
Continuous
 62
7
370
25
100
AcDbLine
 10
819.2283090746588
 20
547.1151955974118
 30
0.0
 11
819.2283090746588
 21
548.1579366219578
 31
0.0
  0
LINE
  5
320
330
17
100
AcDbEntity
  8
0
  6
Continuous
 62
7
370
25
100
AcDbLine
 10
817.8265442321923
 20
547.2950647203505
 30
0.0
 11
817.8265442321923
 21
548.356567775802
 31
0.0
  0
LINE
  5
321
330
17
100
AcDbEntity
  8
0
  6
Continuous
 62
7
370
25
100
AcDbLine
 10
817.3271135128689
 20
546.99431926923
 30
0.0
 11
817.8265442321923
 21
547.2950647203505
 31
0.0
  0
LINE
  5
322
330
17
100
AcDbEntity
  8
0
  6
Continuous
 62
7
370
25
100
AcDbLine
 10
817.255808140952
 20
546.951380848715
 30
0.0
 11
817.3271135128689
 21
546.99431926923
 31
0.0
  0
LINE
  5
323
330
17
100
AcDbEntity
  8
0
  6
Continuous
 62
7
370
25
100
AcDbLine
 10
818.5274266534254
 20
547.1957491434285
 30
0.0
 11
819.203087131072
 21
547.100007535267
 31
0.0
  0
LINE
  5
324
330
17
100
AcDbEntity
  8
0
  6
Continuous
 62
7
370
25
100
AcDbLine
 10
817.8265442321923
 20
547.2950647203505
 30
0.0
 11
818.5274266534254
 21
547.1957491434285
 31
0.0
  0
LINE
  5
325
330
17
100
AcDbEntity
  8
0
  6
Continuous
 62
7
370
25
100
AcDbLine
 10
777.2172543271929
 20
613.6833795763475
 30
0.0
 11
766.610652609395
 21
607.5603187376772
 31
0.0
  0
LINE
  5
326
330
17
100
AcDbEntity
  8
0
  6
Continuous
 62
7
370
25
100
AcDbLine
 10
890.3543393170401
 20
548.3707306305303
 30
0.0
 11
777.2172543271929
 21
613.6833795763475
 31
0.0
  0
LINE
  5
327
330
17
100
AcDbEntity
  8
0
  6
Continuous
 62
7
370
25
100
AcDbLine
 10
879.7477375992414
 20
542.2476697918601
 30
0.0
 11
890.3543393170401
 21
548.3707306305303
 31
0.0
  0
LINE
  5
328
330
17
100
AcDbEntity
  8
0
  6
Continuous
 62
7
370
25
100
AcDbLine
 10
879.7477375992414
 20
542.2476697918601
 30
0.0
 11
869.84824266263
 21
547.962526574619
 31
0.0
  0
LINE
  5
329
330
17
100
AcDbEntity
  8
0
  6
Continuous
 62
7
370
25
100
AcDbLine
 10
856.4132138200855
 20
540.2066495123032
 30
0.0
 11
869.84824266263
 21
547.962526574619
 31
0.0
  0
LINE
  5
32A
330
17
100
AcDbEntity
  8
0
  6
Continuous
 62
7
370
25
100
AcDbLine
 10
763.0751187034621
 20
594.0895848926027
 30
0.0
 11
765.5188663340698
 21
592.6788394140145
 31
0.0
  0
LINE
  5
32B
330
17
100
AcDbEntity
  8
0
  6
Continuous
 62
7
370
25
100
AcDbLine
 10
835.6561496927942
 20
552.1894475719605
 30
0.0
 11
856.4132138200855
 21
540.2066495123032
 31
0.0
  0
LINE
  5
32C
330
17
100
AcDbEntity
  8
0
  6
Continuous
 62
7
370
25
100
AcDbLine
 10
776.5101475460065
 20
601.8454619549183
 30
0.0
 11
763.0751187034621
 21
594.0895848926027
 31
0.0
  0
LINE
  5
32D
330
17
100
AcDbEntity
  8
0
  6
Continuous
 62
7
370
25
100
AcDbLine
 10
776.5101475460065
 20
601.8454619549183
 30
0.0
 11
766.610652609395
 21
607.5603187376772
 31
0.0
  0
LINE
  5
32E
330
17
100
AcDbEntity
  8
0
  6
Continuous
 62
7
370
25
100
AcDbLine
 10
855.7061070388987
 20
538.9819046445062
 30
0.0
 11
856.4132138200855
 21
540.2066495123032
 31
0.0
  0
LINE
  5
32F
330
17
100
AcDbEntity
  8
0
  6
Continuous
 62
7
370
25
100
AcDbLine
 10
857.1203206012719
 20
538.9819046445062
 30
0.0
 11
856.4132138200855
 21
540.2066495123032
 31
0.0
  0
LINE
  5
330
330
17
100
AcDbEntity
  8
0
  6
Continuous
 62
7
370
25
100
AcDbLine
 10
855.7061070388987
 20
538.9819046445062
 30
0.0
 11
857.1203206012719
 21
538.9819046445062
 31
0.0
  0
LINE
  5
331
330
17
100
AcDbEntity
  8
0
  6
Continuous
 62
7
370
25
100
AcDbLine
 10
855.7061070388987
 20
467.12631319856024
 30
0.0
 11
855.7061070388987
 21
538.9819046445062
 31
0.0
  0
LINE
  5
332
330
17
100
AcDbEntity
  8
0
  6
Continuous
 62
7
370
25
100
AcDbLine
 10
857.1203206012719
 20
538.9819046445062
 30
0.0
 11
857.1203206012719
 21
467.12631319856024
 31
0.0
  0
LINE
  5
333
330
17
100
AcDbEntity
  8
0
  6
Continuous
 62
7
370
25
100
AcDbLine
 10
855.7061070388987
 20
467.12631319856024
 30
0.0
 11
857.1203206012719
 21
467.12631319856024
 31
0.0
  0
LINE
  5
334
330
17
100
AcDbEntity
  8
0
  6
Continuous
 62
7
370
25
100
AcDbLine
 10
855.7061070388987
 20
538.9819046445062
 30
0.0
 11
835.527598773055
 21
550.6307095145947
 31
0.0
  0
LINE
  5
335
330
17
100
AcDbEntity
  8
0
  6
Continuous
 62
7
370
25
100
AcDbLine
 10
763.5920042319221
 20
592.1582443047593
 30
0.0
 11
762.3680119222753
 21
592.8648400248055
 31
0.0
  0
LINE
  5
336
330
17
100
AcDbEntity
  8
0
  6
Continuous
 62
7
370
25
100
AcDbLine
 10
762.3680119222753
 20
592.8648400248055
 30
0.0
 11
763.0751187034621
 21
594.0895848926027
 31
0.0
  0
LINE
  5
337
330
17
100
AcDbEntity
  8
0
  6
Continuous
 62
7
370
25
100
AcDbLine
 10
870.5553494438165
 20
546.737781706822
 30
0.0
 11
857.1203206012719
 21
538.9819046445062
 31
0.0
  0
LINE
  5
338
330
17
100
AcDbEntity
  8
0
  6
Continuous
 62
7
370
25
100
AcDbLine
 10
869.84824266263
 20
547.962526574619
 30
0.0
 11
870.5553494438165
 21
546.737781706822
 31
0.0
  0
LINE
  5
339
330
17
100
AcDbEntity
  8
0
  6
Continuous
 62
7
370
25
100
AcDbLine
 10
870.5553494438165
 20
546.737781706822
 30
0.0
 11
870.5553494438165
 21
474.882190260876
 31
0.0
  0
LINE
  5
33A
330
17
100
AcDbEntity
  8
0
  6
Continuous
 62
7
370
25
100
AcDbLine
 10
857.1203206012719
 20
467.12631319856024
 30
0.0
 11
870.5553494438165
 21
474.882190260876
 31
0.0
  0
LINE
  5
33B
330
17
100
AcDbEntity
  8
0
  6
Continuous
 62
7
370
25
100
AcDbLine
 10
835.527598773055
 20
478.77511806864874
 30
0.0
 11
855.7061070388987
 21
467.12631319856024
 31
0.0
  0
LINE
  5
33C
330
17
100
AcDbEntity
  8
0
  6
Continuous
 62
7
370
25
100
AcDbLine
 10
762.3680119222753
 20
592.8648400248055
 30
0.0
 11
762.3680119222753
 21
591.7968016309238
 31
0.0
  0
LINE
  5
33D
330
17
100
AcDbEntity
  8
0
  6
Continuous
 62
7
370
25
100
AcDbLine
 10
870.5553494438165
 20
474.882190260876
 30
0.0
 11
869.84824266263
 21
474.4738535049015
 31
0.0
  0
ARC
  5
33E
330
17
100
AcDbEntity
  8
0
  6
Continuous
 62
7
370
25
100
AcDbCircle
 10
875.607190998337
 20
535.7746411915723
 30
0.0
 40
7.684024037859841
100
AcDbArc
 50
2.605478485650931
 51
57.39452165997347
  0
LINE
  5
33F
330
17
100
AcDbEntity
  8
0
  6
Continuous
 62
7
370
25
100
AcDbLine
 10
883.2832715051743
 20
470.8006805020145
 30
0.0
 11
883.283271505174
 21
536.1239454528745
 31
0.0
  0
ARC
  5
340
330
17
100
AcDbEntity
  8
0
  6
Continuous
 62
7
370
25
100
AcDbCircle
 10
881.1278996680413
 20
470.4510445175112
 30
0.0
 40
2.18354598714235
100
AcDbArc
 50
-129.20328523570916
 51
9.214036990460174
  0
LINE
  5
341
330
17
100
AcDbEntity
  8
0
  6
Continuous
 62
7
370
25
100
AcDbLine
 10
869.84824266263
 20
474.4738535049015
 30
0.0
 11
879.7477375992414
 21
468.7589967221425
 31
0.0
  0
LWPOLYLINE
  5
342
330
17
100
AcDbEntity
  8
0
  6
Continuous
 62
7
370
25
100
AcDbPolyline
 90
18
 70
128
 10
878.1567473415716
 20
535.000720798803
 10
878.0254366441786
 20
535.887688400211
 10
877.6492387893001
 20
536.8064742163323
 10
877.0789613818213
 20
537.6329911315322
 10
876.3916235456388
 20
538.2556134565245
 10
875.6800540641996
 20
538.5902525962492
 10
875.0403543389143
 20
538.5917136805878
 10
874.5589193623814
 20
538.2597993820035
 10
874.300769595905
 20
537.639336565721
 10
874.300769595905
 20
536.8141221731825
 10
874.5589193623814
 20
535.895605980771
 10
875.0403543389143
 20
535.0078386899455
 10
875.6800540641996
 20
534.2707181926205
 10
876.3916235456388
 20
533.7837966964855
 10
877.0789613818213
 20
533.6128356477187
 10
877.6492387893001
 20
533.7809242832835
 10
878.0254366441786
 20
534.2653613015362
 10
878.1567473415716
 20
535.000720798803
  0
LWPOLYLINE
  5
343
330
17
100
AcDbEntity
  8
0
  6
Continuous
 62
7
370
25
100
AcDbPolyline
 90
18
 70
128
 10
878.1567473415716
 20
477.8428639668005
 10
878.0254366441786
 20
478.7298315682085
 10
877.6492387893001
 20
479.6486173843297
 10
877.0789613818213
 20
480.47513429952977
 10
876.3916235456388
 20
481.097756624522
 10
875.6800540641996
 20
481.43239576424696
 10
875.0403543389143
 20
481.4338568485852
 10
874.5589193623814
 20
481.101942550001
 10
874.300769595905
 20
480.48147973371846
 10
874.300769595905
 20
479.65626534118
 10
874.5589193623814
 20
478.73774914876844
 10
875.0403543389143
 20
477.849981857943
 10
875.6800540641996
 20
477.11286136061824
 10
876.3916235456388
 20
476.62593986448303
 10
877.0789613818213
 20
476.454978815716
 10
877.6492387893001
 20
476.623067451281
 10
878.0254366441786
 20
477.10750446953375
 10
878.1567473415716
 20
477.8428639668005
  0
ARC
  5
344
330
17
100
AcDbEntity
  8
0
  6
Continuous
 62
7
370
25
100
AcDbCircle
 10
886.2137927161348
 20
541.897702030242
 30
0.0
 40
7.684024037860845
100
AcDbArc
 50
2.605478485652711
 51
57.39452165997102
  0
LINE
  5
345
330
17
100
AcDbEntity
  8
0
  6
Continuous
 62
7
370
25
100
AcDbLine
 10
893.8898732229725
 20
542.2470062915447
 30
0.0
 11
883.283271505174
 21
536.1239454528745
 31
0.0
  0
LINE
  5
346
330
17
100
AcDbEntity
  8
0
  6
Continuous
 62
7
370
25
100
AcDbLine
 10
893.8898732229725
 20
476.9237413406847
 30
0.0
 11
893.8898732229725
 21
542.2470062915447
 31
0.0
  0
LINE
  5
347
330
17
100
AcDbEntity
  8
0
  6
Continuous
 62
7
370
25
100
AcDbLine
 10
883.2832715051743
 20
470.8006805020145
 30
0.0
 11
893.8898732229725
 21
476.9237413406847
 31
0.0
  0
ARC
  5
348
330
17
100
AcDbEntity
  8
0
  6
Continuous
 62
7
370
25
100
AcDbCircle
 10
891.511445443341
 20
476.620921197739
 30
0.0
 40
2.3976277321339734
100
AcDbArc
 50
-55.943649167573604
 51
7.255829560951678
  0
LINE
  5
349
330
17
100
AcDbEntity
  8
0
  6
Continuous
 62
7
370
25
100
AcDbLine
 10
856.4132138200855
 20
466.71797644258595
 30
0.0
 11
857.1203206012719
 21
467.12631319856024
 31
0.0
  0
LINE
  5
34A
330
17
100
AcDbEntity
  8
0
  6
Continuous
 62
7
370
25
100
AcDbLine
 10
856.4132138200855
 20
466.71797644258595
 30
0.0
 11
855.7061070388987
 21
467.12631319856024
 31
0.0
  0
LINE
  5
34B
330
17
100
AcDbEntity
  8
0
  6
Continuous
 62
7
370
25
100
AcDbLine
 10
869.84824266263
 20
474.4738535049015
 30
0.0
 11
856.4132138200855
 21
466.71797644258595
 31
0.0
  0
LINE
  5
34C
330
17
100
AcDbEntity
  8
0
  6
Continuous
 62
7
370
25
100
AcDbLine
 10
856.4132138200855
 20
466.71797644258595
 30
0.0
 11
835.527598773055
 21
478.77498536858553
 31
0.0
  0
LINE
  5
34D
330
17
100
AcDbEntity
  8
0
  6
Continuous
 62
7
370
25
100
AcDbLine
 10
762.3680119222753
 20
593.6812481366283
 30
0.0
 11
763.0751187034621
 21
594.0895848926027
 31
0.0
  0
LINE
  5
34E
330
17
100
AcDbEntity
  8
0
  6
Continuous
 62
7
370
25
100
AcDbLine
 10
762.3680119222753
 20
593.6812481366283
 30
0.0
 11
762.3680119222753
 21
592.8648400248055
 31
0.0
  0
LINE
  5
34F
330
17
100
AcDbEntity
  8
0
  6
Continuous
 62
7
370
25
100
AcDbLine
 10
763.0751187034622
 20
605.5186349578053
 30
0.0
 11
763.0751187034622
 21
594.0895848926027
 31
0.0
  0
ARC
  5
350
330
17
100
AcDbEntity
  8
0
  6
Continuous
 62
7
370
25
100
AcDbCircle
 10
765.2304905405953
 20
605.8682709423088
 30
0.0
 40
2.183545987142502
100
AcDbArc
 50
50.79671476428999
 51
-170.78596300953782
  0
LWPOLYLINE
  5
351
330
17
100
AcDbEntity
  8
0
  6
Continuous
 62
7
370
25
100
AcDbPolyline
 90
9
 70
128
 10
771.1208468329113
 20
598.7342848765147
 10
771.0129442038399
 20
598.863599518236
 10
770.3256063676575
 20
599.4862218432282
 10
769.6140368862183
 20
599.820860982953
 10
768.974337160933
 20
599.8223220672915
 10
768.4929021844002
 20
599.4904077687072
 10
768.2347524179238
 20
598.8699449524247
 10
768.2347524179239
 20
598.0447305598863
 10
768.4633851873054
 20
597.2001649231677
  0
ARC
  5
352
330
17
100
AcDbEntity
  8
0
  6
Continuous
 62
7
370
25
100
AcDbCircle
 10
775.7526540529404
 20
611.6389729307546
 30
0.0
 40
2.514886179509123
100
AcDbArc
 50
54.382422524805776
 51
114.3071190460932
  0
ARC
  5
353
330
17
100
AcDbEntity
  8
0
  6
Continuous
 62
7
370
25
100
AcDbCircle
 10
782.4248764909167
 20
361.58835440777403
 30
0.0
 40
8.975506669137555
100
AcDbArc
 50
-142.45872776178862
 51
-97.53589570551154
  0
LINE
  5
354
330
17
100
AcDbEntity
  8
0
  6
Continuous
 62
7
370
25
100
AcDbLine
 10
786.0207337529647
 20
355.44574753310775
 30
0.0
 11
781.2477629799555
 21
352.69037015570626
 31
0.0
  0
LINE
  5
355
330
17
100
AcDbEntity
  8
0
  6
Continuous
 62
7
370
25
100
AcDbLine
 10
790.263374440084
 20
357.26224343267324
 30
0.0
 11
789.9998821833767
 21
357.12166362483424
 31
0.0
  0
SPLINE
  5
356
330
17
100
AcDbEntity
  8
0
  6
Continuous
 62
7
370
25
100
AcDbSpline
210
0.0
220
0.0
230
2.5
 70
8
 71
3
 72
13
 73
9
 74
0
 42
1e-08
 43
1e-08
 40
0.0
 40
0.0
 40
0.0
 40
0.0
 40
0.0850067589031294
 40
0.3892149973980519
 40
0.5412582902065796
 40
0.694081846046001
 40
0.8462875681056736
 40
1.0
 40
1.0
 40
1.0
 40
1.0
 10
789.6955776494541
 20
356.9593094310608
 30
0.0
 10
789.6248728324612
 20
356.919861058054
 30
0.0
 10
789.3011412196232
 20
356.73924132151524
 30
0.0
 10
788.5963205381387
 20
356.50313153099825
 30
0.0
 10
787.7735266788362
 20
356.212763449856
 30
0.0
 10
787.1395747544193
 20
355.97723257482596
 30
0.0
 10
786.5297760402815
 20
355.7204273805007
 30
0.0
 10
786.1909707439954
 20
355.53760762387446
 30
0.0
 10
786.0207337529647
 20
355.44574753310775
 30
0.0
  0
LWPOLYLINE
  5
357
330
17
100
AcDbEntity
  8
0
  6
Continuous
 62
7
370
25
100
AcDbPolyline
 90
9
 70
128
 10
790.263374440084
 20
367.99874602823303
 10
791.0316383032119
 20
366.38217770112703
 10
791.5999287738605
 20
364.73787612053974
 10
791.9488509755317
 20
363.1219587611238
 10
792.0664967321097
 20
361.5895743878792
 10
791.9488509755317
 20
360.19302091393774
 10
791.5999287738605
 20
358.9799605535185
 10
791.0316383032119
 20
357.99179318413275
 10
790.263374440084
 20
357.26224343267324
  0
SPLINE
  5
358
330
17
100
AcDbEntity
  8
0
  6
Continuous
 62
7
370
25
100
AcDbSpline
210
0.0
220
0.0
230
2.5
 70
8
 71
3
 72
13
 73
9
 74
0
 42
1e-08
 43
1e-08
 40
0.0
 40
0.0
 40
0.0
 40
0.0
 40
0.1251363600101149
 40
0.2506323174109528
 40
0.3760921940347144
 40
0.50127272698379
 40
0.7512478305963624
 40
0.9999999999999999
 40
0.9999999999999999
 40
0.9999999999999999
 40
0.9999999999999999
 10
786.0207337529647
 20
369.8152419277985
 30
0.0
 10
786.1895013144165
 20
369.895104610371
 30
0.0
 10
786.5275214152653
 20
370.0550594724608
 30
0.0
 10
787.1368270083012
 20
370.12691547627276
 30
0.0
 10
787.7711927798407
 20
370.06325415636024
 30
0.0
 10
788.6018861775599
 20
369.787264746799
 30
0.0
 10
789.542221548823
 20
369.1316126708943
 30
0.0
 10
790.0233834303083
 20
368.37575042329
 30
0.0
 10
790.263374440084
 20
367.99874602823303
 30
0.0
  0
LINE
  5
359
330
17
100
AcDbEntity
  8
0
  6
Continuous
 62
7
370
25
100
AcDbLine
 10
781.2477629799555
 20
367.0598645503968
 30
0.0
 11
786.0207337529647
 21
369.8152419277985
 31
0.0
  0
ARC
  5
35A
330
17
100
AcDbEntity
  8
0
  6
Continuous
 62
7
370
25
100
AcDbCircle
 10
774.1309525070272
 20
361.5907943679848
 30
0.0
 40
8.975506669137513
100
AcDbArc
 50
37.54127223821021
 51
82.46410429448754
  0
LINE
  5
35B
330
17
100
AcDbEntity
  8
0
  6
Continuous
 62
7
370
25
100
AcDbLine
 10
780.081036790998
 20
373.24415599745373
 30
0.0
 11
775.3080660179885
 21
370.48877862005224
 31
0.0
  0
SPLINE
  5
35C
330
17
100
AcDbEntity
  8
0
  6
Continuous
 62
7
370
25
100
AcDbSpline
210
0.0
220
0.0
230
2.5
 70
8
 71
3
 72
13
 73
9
 74
0
 42
1e-08
 43
1e-08
 40
0.0
 40
0.0
 40
0.0
 40
0.0
 40
0.1809427708127827
 40
0.4532551177530538
 40
0.589356842367948
 40
0.7261570203127846
 40
0.8624041436545792
 40
1.0
 40
1.0
 40
1.0
 40
1.0
 10
780.2702837303943
 20
373.97460333183176
 30
0.0
 10
780.4044523034545
 20
374.05216645040724
 30
0.0
 10
780.7405397420855
 20
374.24645926622577
 30
0.0
 10
780.9709004181367
 20
374.189615190136
 30
0.0
 10
780.960153464501
 20
373.9960771656332
 30
0.0
 10
780.8111518548264
 20
373.78016545876875
 30
0.0
 10
780.5272501450161
 20
373.52090448918227
 30
0.0
 10
780.2302621513231
 20
373.33670789673226
 30
0.0
 10
780.081036790998
 20
373.24415599745373
 30
0.0
  0
LWPOLYLINE
  5
35D
330
17
100
AcDbEntity
  8
0
  6
Continuous
 62
7
370
25
100
AcDbPolyline
 90
3
 70
128
 10
778.950851836031
 20
372.59171411056747
 10
779.31277292787
 20
373.1473346818967
 10
780.081036790998
 20
373.8768844333565
  0
LWPOLYLINE
  5
35E
330
17
100
AcDbEntity
  8
0
  6
Continuous
 62
7
370
25
100
AcDbPolyline
 90
18
 70
128
 10
792.4156171541167
 20
358.4930711121063
 10
792.9602922007525
 20
358.8872320266105
 10
793.668903670269
 20
359.75142533055623
 10
794.1560372169165
 20
360.87532574239606
 10
794.4040865651052
 20
362.218312572952
 10
794.4040865651052
 20
363.73184677904976
 10
794.1560372169165
 20
365.361225291006
 10
793.668903670269
 20
367.0475581240945
 10
792.9602922007525
 20
368.72989681602974
 10
792.0558138731445
 20
370.34743726319476
 10
790.9881588908003
 20
371.84171733936853
 10
789.7959150865295
 20
373.158729869289
 10
788.5221732577793
 20
374.25087458868245
 10
787.2129697529429
 20
375.07867854183473
 10
785.9156225977814
 20
375.61222273705675
 10
784.6770212986877
 20
375.832223496997
 10
783.5419321337548
 20
375.7307294209855
 10
782.6664095109153
 20
375.38102392852977
  0
LINE
  5
35F
330
17
100
AcDbEntity
  8
0
  6
Continuous
 62
7
370
25
100
AcDbLine
 10
813.9868069488928
 20
389.30917762547045
 30
0.0
 11
813.9868069488928
 21
357.9540104490577
 31
0.0
  0
LINE
  5
360
330
17
100
AcDbEntity
  8
0
  6
Continuous
 62
7
370
25
100
AcDbLine
 10
813.9868069488928
 20
357.9540104490577
 30
0.0
 11
799.4911179345688
 21
349.58582730287503
 31
0.0
  0
LINE
  5
361
330
17
100
AcDbEntity
  8
0
  6
Continuous
 62
7
370
25
100
AcDbLine
 10
799.4911179345688
 20
349.58582730287503
 30
0.0
 11
799.4911179345688
 21
352.19875790090924
 31
0.0
  0
ARC
  5
362
330
17
100
AcDbEntity
  8
0
  6
Continuous
 62
7
370
25
100
AcDbCircle
 10
798.3869882795286
 20
353.5523961372045
 30
0.0
 40
1.7468367897141455
100
AcDbArc
 50
170.7859630095479
 51
-50.79671476428794
  0
LINE
  5
363
330
17
100
AcDbEntity
  8
0
  6
Continuous
 62
7
370
25
100
AcDbLine
 10
796.6626908098222
 20
353.8321049248068
 30
0.0
 11
796.6626908098222
 21
358.88692121853774
 31
0.0
  0
LINE
  5
364
330
17
100
AcDbEntity
  8
0
  6
Continuous
 62
7
370
25
100
AcDbLine
 10
796.6626908098222
 20
368.3742681163343
 30
0.0
 11
796.6626908098222
 21
373.4290844100647
 31
0.0
  0
ARC
  5
365
330
17
100
AcDbEntity
  8
0
  6
Continuous
 62
7
370
25
100
AcDbCircle
 10
802.803555215292
 20
373.1496410010227
 30
0.0
 40
6.1472192302879405
100
AcDbArc
 50
122.6054783400213
 51
177.39452151434682
  0
LINE
  5
366
330
17
100
AcDbEntity
  8
0
  6
Continuous
 62
7
370
25
100
AcDbLine
 10
799.4911179345688
 20
378.3280638812533
 30
0.0
 11
799.4911179345688
 21
380.9409944792878
 31
0.0
  0
LINE
  5
367
330
17
100
AcDbEntity
  8
0
  6
Continuous
 62
7
370
25
100
AcDbLine
 10
799.4911179345688
 20
380.9409944792878
 30
0.0
 11
813.9868069488928
 21
389.30917762547045
 31
0.0
  0
LWPOLYLINE
  5
368
330
17
100
AcDbEntity
  8
0
  6
Continuous
 62
7
370
25
100
AcDbPolyline
 90
11
 70
128
 10
801.3898016891735
 20
352.6416120520705
 10
802.2073442833232
 20
353.81883938077897
 10
802.8378686601422
 20
355.10940309543054
 10
803.2379618157801
 20
356.4244450177012
 10
803.3800764477928
 20
357.6734215903018
 10
803.2544276481053
 20
358.77033800201076
 10
802.869666615664
 20
359.63966912143644
 10
802.2522850021746
 20
360.2215595700682
 10
801.4447909030403
 20
360.47594489803623
 10
800.5027820805732
 20
360.385310110475
 10
799.4911179345688
 20
359.95589561382405
  0
LINE
  5
369
330
17
100
AcDbEntity
  8
0
  6
Continuous
 62
7
370
25
100
AcDbLine
 10
801.3898016891735
 20
352.6416120520705
 30
0.0
 11
813.4918322020623
 21
359.62796555844545
 31
0.0
  0
LINE
  5
36A
330
17
100
AcDbEntity
  8
0
  6
Continuous
 62
7
370
25
100
AcDbLine
 10
813.4918322020623
 20
359.62796555844545
 30
0.0
 11
813.4918322020623
 21
387.06373683780674
 31
0.0
  0
LINE
  5
36B
330
17
100
AcDbEntity
  8
0
  6
Continuous
 62
7
370
25
100
AcDbLine
 10
813.4918322020623
 20
387.06373683780674
 30
0.0
 11
801.3898016891735
 21
380.07738333143175
 31
0.0
  0
LWPOLYLINE
  5
36C
330
17
100
AcDbEntity
  8
0
  6
Continuous
 62
7
370
25
100
AcDbPolyline
 90
11
 70
128
 10
799.4911179345688
 20
370.57092616833876
 10
800.5027820805732
 20
371.3095542321795
 10
801.4447909030403
 20
372.30653968039127
 10
802.2522850021746
 20
373.493237850383
 10
802.869666615664
 20
374.7879419372845
 10
803.2544276481053
 20
376.1015086889458
 10
803.3800764477928
 20
377.3434961168505
 10
803.2379618157801
 20
378.42839062791376
 10
802.8378686601422
 20
379.28149482530625
 10
802.2073442833232
 20
379.844070590142
 10
801.3898016891735
 20
380.07738333143175
  0
LINE
  5
36D
330
17
100
AcDbEntity
  8
0
  6
Continuous
 62
7
370
25
100
AcDbLine
 10
799.4911179345688
 20
370.57092616833876
 30
0.0
 11
799.4911179345688
 21
359.95589561382405
 31
0.0
  0
LWPOLYLINE
  5
36E
330
17
100
AcDbEntity
  8
0
  6
Continuous
 62
7
370
25
100
AcDbPolyline
 90
17
 70
128
 10
799.4911179345688
 20
373.34716492875026
 10
798.922862029415
 20
373.14964426086624
 10
798.4411179345684
 20
373.24324729110054
 10
798.1192268214486
 20
373.6137238066135
 10
798.0061936940767
 20
374.2046721162965
 10
798.1192268214486
 20
374.92612569695973
 10
798.4411179345684
 20
375.66824978094047
 10
798.922862029415
 20
376.318062703824
 10
799.4911179345688
 20
376.77663633867047
 10
800.059373839722
 20
376.9741570065545
 10
800.5411179345685
 20
376.88055397632
 10
800.8630090476888
 20
376.510077460807
 10
800.9760421750603
 20
375.91912915112425
 10
800.8630090476888
 20
375.1976755704607
 10
800.5411179345685
 20
374.45555148648026
 10
800.059373839722
 20
373.80573856359655
 10
799.4911179345688
 20
373.34716492875026
  0
LWPOLYLINE
  5
36F
330
17
100
AcDbEntity
  8
0
  6
Continuous
 62
7
370
25
100
AcDbPolyline
 90
17
 70
128
 10
799.4911179345688
 20
353.7501854434922
 10
798.922862029415
 20
353.55266477560826
 10
798.4411179345684
 20
353.6462678058425
 10
798.1192268214486
 20
354.01674432135553
 10
798.0061936940767
 20
354.6076926310385
 10
798.1192268214486
 20
355.32914621170175
 10
798.4411179345684
 20
356.07127029568244
 10
798.922862029415
 20
356.721083218566
 10
799.4911179345688
 20
357.17965685341227
 10
800.059373839722
 20
357.37717752129646
 10
800.5411179345685
 20
357.283574491062
 10
800.8630090476888
 20
356.913097975549
 10
800.9760421750603
 20
356.32214966586605
 10
800.8630090476888
 20
355.60069608520274
 10
800.5411179345685
 20
354.858572001222
 10
800.059373839722
 20
354.2087590783385
 10
799.4911179345688
 20
353.7501854434922
  0
LINE
  5
370
330
17
100
AcDbEntity
  8
0
  6
Continuous
 62
7
370
25
100
AcDbLine
 10
781.2477629799555
 20
352.69037015570626
 30
0.0
 11
781.2477629799555
 21
367.0598645503968
 31
0.0
  0
LINE
  5
371
330
17
100
AcDbEntity
  8
0
  6
Continuous
 62
7
370
25
100
AcDbLine
 10
775.3080660179885
 20
370.48877862005224
 30
0.0
 11
775.3080660179885
 21
356.1192842253615
 31
0.0
  0
LINE
  5
372
330
17
100
AcDbEntity
  8
0
  6
Continuous
 62
7
370
25
100
AcDbLine
 10
778.9850212801584
 20
365.2640743913968
 30
0.0
 11
777.5708077177854
 21
366.08048250321923
 31
0.0
  0
LINE
  5
373
330
17
100
AcDbEntity
  8
0
  6
Continuous
 62
7
370
25
100
AcDbLine
 10
777.5708077177854
 20
366.08048250321923
 30
0.0
 11
777.5708077177854
 21
357.9150743843618
 31
0.0
  0
LINE
  5
374
330
17
100
AcDbEntity
  8
0
  6
Continuous
 62
7
370
25
100
AcDbLine
 10
777.5708077177854
 20
357.9150743843618
 30
0.0
 11
778.9850212801584
 21
357.09866627253905
 31
0.0
  0
LINE
  5
375
330
17
100
AcDbEntity
  8
0
  6
Continuous
 62
7
370
25
100
AcDbLine
 10
778.9850212801584
 20
357.09866627253905
 30
0.0
 11
778.9850212801584
 21
365.2640743913968
 31
0.0
  0
LINE
  5
376
330
17
100
AcDbEntity
  8
0
  6
Continuous
 62
7
370
25
100
AcDbLine
 10
786.0207337529647
 20
355.44574753310775
 30
0.0
 11
786.0207337529647
 21
369.8152419277985
 31
0.0
  0
LINE
  5
377
330
17
100
AcDbEntity
  8
0
  6
Continuous
 62
7
370
25
100
AcDbLine
 10
789.2380696073637
 20
377.7152269971342
 30
0.0
 11
796.6626908098222
 21
373.4290844100647
 31
0.0
  0
LINE
  5
378
330
17
100
AcDbEntity
  8
0
  6
Continuous
 62
7
370
25
100
AcDbLine
 10
781.813448404905
 20
382.00136958420353
 30
0.0
 11
789.2380696073637
 21
377.7152269971342
 31
0.0
  0
ARC
  5
379
330
17
100
AcDbEntity
  8
0
  6
Continuous
 62
7
370
25
100
AcDbCircle
 10
787.9267030345825
 20
381.719329238752
 30
0.0
 40
6.1197572601972645
100
AcDbArc
 50
142.3028836643104
 51
177.3584822453223
  0
LINE
  5
37A
330
17
100
AcDbEntity
  8
0
  6
Continuous
 62
7
370
25
100
AcDbLine
 10
787.1937920725157
 20
385.42715899292824
 30
0.0
 11
799.4911179345688
 21
378.3280638812533
 31
0.0
  0
ARC
  5
37B
330
17
100
AcDbEntity
  8
0
  6
Continuous
 62
7
370
25
100
AcDbCircle
 10
785.721746758424
 20
372.7957027845435
 30
0.0
 40
6.047002964795235
100
AcDbArc
 50
54.443995237631434
 51
114.2455463332743
  0
ARC
  5
37C
330
17
100
AcDbEntity
  8
0
  6
Continuous
 62
7
370
25
100
AcDbCircle
 10
779.2677554499248
 20
362.16917180644305
 30
0.0
 40
18.468540721725745
100
AcDbArc
 50
19.63226082456573
 51
57.326304705716126
  0
LWPOLYLINE
  5
37D
330
17
100
AcDbEntity
  8
0
  6
Continuous
 62
7
370
25
100
AcDbPolyline
 90
9
 70
128
 10
796.6626908098222
 20
358.88692121853774
 10
797.121129773752
 20
359.74039885260873
 10
797.4539079699413
 20
360.72421228765074
 10
797.655720711791
 20
361.82267893987677
 10
797.7233509816019
 20
363.0182885835688
 10
797.6557207117908
 20
364.291982474715
 10
797.4539079699413
 20
365.6234571589655
 10
797.121129773752
 20
366.9914881210275
 10
796.6626908098222
 20
368.3742681163343
  0
ARC
  5
37E
330
17
100
AcDbEntity
  8
0
  6
Continuous
 62
7
370
25
100
AcDbCircle
 10
793.1129161627786
 20
361.172541960683
 30
0.0
 40
4.221961892499878
100
AcDbArc
 50
-59.78532071053309
 51
-32.77658197893942
  0
LWPOLYLINE
  5
37F
330
17
100
AcDbEntity
  8
0
  6
Continuous
 62
7
370
25
100
AcDbPolyline
 90
29
 70
128
 10
788.9202582746123
 20
356.472646375432
 10
788.9750328454239
 20
356.45165828891123
 10
790.3677982278584
 20
356.066404357621
 10
791.679242155568
 20
355.99387903799146
 10
792.8716367744927
 20
356.2361687514215
 10
793.9106790624335
 20
356.786303263992
 10
794.7664776645457
 20
357.6284562074035
 10
795.4144128131952
 20
358.73840037477777
 10
795.8358445938479
 20
360.08420469329
 10
796.0186491814736
 20
361.6271528229965
 10
795.957567620917
 20
363.32285695544397
 10
795.6543571174653
 20
365.12253477010245
 10
795.1177404852483
 20
366.9744128129098
 10
794.3631552077597
 20
368.82521592428
 10
793.4123093295627
 20
370.6216998684477
 10
792.2925569553722
 20
372.3121830731895
 10
791.0361113222662
 20
373.8480334145598
 10
789.6791180835038
 20
375.18506727455303
 10
788.2606154638929
 20
376.2848206233485
 10
786.8214112011387
 20
377.11565555941775
 10
785.402908581528
 20
377.653670474347
 10
784.0459153427655
 20
377.88338765859527
 10
782.7894697096592
 20
377.79819856701647
 10
781.669717335469
 20
377.400553934672
 10
780.718871457272
 20
376.70189327364494
 10
779.9642861797836
 20
375.72231577910424
 10
779.4276695475664
 20
374.49000211205623
 10
779.1244590441147
 20
373.04040369303374
 10
779.1029207685731
 20
372.8401980847138
  0
ARC
  5
380
330
17
100
AcDbEntity
  8
0
  6
Continuous
 62
7
370
25
100
AcDbCircle
 10
804.2377360918883
 20
390.13823114565446
 30
0.0
 40
4.377213599828302
100
AcDbArc
 50
-65.80288603450124
 51
-5.5172549231115795
  0
ARC
  5
381
330
17
100
AcDbEntity
  8
0
  6
Continuous
 62
7
370
25
100
AcDbCircle
 10
799.8251400155784
 20
398.17449781462324
 30
0.0
 40
13.535796738294515
100
AcDbArc
 50
-115.25489246674603
 51
-62.707009228747005
  0
LINE
  5
382
330
17
100
AcDbEntity
  8
0
  6
Continuous
 62
7
370
25
100
AcDbLine
 10
791.3390686733651
 20
385.6470723460965
 30
0.0
 11
799.4911179345688
 21
380.9409944792878
 31
0.0
  0
LINE
  5
383
330
17
100
AcDbEntity
  8
0
  6
Continuous
 62
7
370
25
100
AcDbLine
 10
811.2271205757885
 20
390.9023106578735
 30
0.0
 11
813.9868069488928
 21
389.30917762547045
 31
0.0
  0
LINE
  5
384
330
17
100
AcDbEntity
  8
0
  6
Continuous
 62
7
370
25
100
AcDbLine
 10
790.263374440084
 20
357.26224343267324
 30
0.0
 11
790.263374440084
 21
367.99874602823303
 31
0.0
  0
LWPOLYLINE
  5
385
330
17
100
AcDbEntity
  8
0
  6
Continuous
 62
7
370
25
100
AcDbPolyline
 90
3
 70
128
 10
801.5623636262966
 20
380.1770012173065
 10
801.8537908927303
 20
380.0481726180975
 10
801.8873410587246
 20
380.02927140475975
  0
LINE
  5
386
330
17
100
AcDbEntity
  8
0
  6
Continuous
 62
7
370
25
100
AcDbLine
 10
813.138278811469
 20
386.859634809851
 30
0.0
 11
813.138278811469
 21
359.8320675864012
 31
0.0
  0
LINE
  5
387
330
17
100
AcDbEntity
  8
0
  6
Continuous
 62
7
370
25
100
AcDbLine
 10
813.138278811469
 20
359.8320675864012
 30
0.0
 11
801.9159170168898
 21
353.3535360218122
 31
0.0
  0
ARC
  5
388
330
17
100
AcDbEntity
  8
0
  6
Continuous
 62
7
370
25
100
AcDbCircle
 10
800.7737054662449
 20
358.0565232398575
 30
0.0
 40
2.62382565198515
100
AcDbArc
 50
64.88528327496383
 51
119.2632802625066
  0
LINE
  5
389
330
17
100
AcDbEntity
  8
0
  6
Continuous
 62
7
370
25
100
AcDbLine
 10
778.9850212801584
 20
358.7314824961845
 30
0.0
 11
777.5708077177854
 21
357.9150743843618
 31
0.0
  0
LINE
  5
38A
330
17
100
AcDbEntity
  8
0
  6
Continuous
 62
7
370
25
100
AcDbLine
 10
781.813448404905
 20
377.486625800614
 30
0.0
 11
781.813448404905
 21
382.00136958420353
 31
0.0
  0
LINE
  5
38B
330
17
100
AcDbEntity
  8
0
  6
Continuous
 62
7
370
25
100
AcDbLine
 10
813.138278811469
 20
359.8320675864012
 30
0.0
 11
813.4918322020623
 21
359.62796555844545
 31
0.0
  0
LINE
  5
38C
330
17
100
AcDbEntity
  8
0
  6
Continuous
 62
7
370
25
100
AcDbLine
 10
787.9232302122215
 20
356.2638267397713
 30
0.0
 11
799.4911179345688
 21
349.58582730287503
 31
0.0
  0
LWPOLYLINE
  5
38D
330
17
100
AcDbEntity
  8
0
  6
Continuous
 62
7
370
25
100
AcDbPolyline
 90
18
 70
128
 10
791.094671325162
 20
350.40420775233054
 10
791.1199333324951
 20
350.02064928173246
 10
791.432274937555
 20
349.01462370389356
 10
792.0890210391383
 20
348.0654878602667
 10
793.0632843746819
 20
347.21209948380874
 10
794.3151784887567
 20
346.48939639492096
 10
795.793450689242
 20
345.9269661429762
 10
797.4375803385602
 20
345.54783468857227
 10
799.180256575691
 20
345.367523717998
 10
800.9501340307305
 20
345.3934151835745
 10
802.6747537127177
 20
345.6244490856592
 10
804.2835094892381
 20
346.051166869155
 10
805.7105387097795
 20
346.65609865786877
 10
806.8974186303844
 20
347.41447847329374
 10
807.7955582476512
 20
348.295258156681
 10
808.3681876201215
 20
349.26237848430503
 10
808.5918632340058
 20
350.27624543632123
 10
808.594671325162
 20
350.40420775233054
  0
LWPOLYLINE
  5
38E
330
17
100
AcDbEntity
  8
0
  6
Continuous
 62
7
370
25
100
AcDbPolyline
 90
20
 70
128
 10
791.2411013603713
 20
349.4839662573347
 10
791.164783525968
 20
349.2018947984337
 10
791.1199333324951
 20
348.180166291742
 10
791.432274937555
 20
347.174140713903
 10
792.0890210391383
 20
346.2250048702762
 10
793.0632843746819
 20
345.37161649381824
 10
794.3151784887567
 20
344.64891340493045
 10
795.793450689242
 20
344.086483152986
 10
797.4375803385602
 20
343.7073516985817
 10
799.180256575691
 20
343.5270407280075
 10
800.9501340307305
 20
343.552932193584
 10
802.6747537127177
 20
343.7839660956688
 10
804.2835094892381
 20
344.2106838791645
 10
805.7105387097795
 20
344.81561566787826
 10
806.8974186303844
 20
345.57399548330324
 10
807.7955582476512
 20
346.45477516669047
 10
808.3681876201215
 20
347.4218954943145
 10
808.5918632340058
 20
348.4357624463308
 10
808.4574277833904
 20
349.4548681905992
 10
808.4482412899525
 20
349.4839662573345
  0
ARC
  5
38F
330
17
100
AcDbEntity
  8
0
  6
Continuous
 62
7
370
25
100
AcDbCircle
 10
799.844671325162
 20
355.017910213082
 30
0.0
 40
9.997902469455596
100
AcDbArc
 50
-107.27509501560581
 51
-72.72490498440033
  0
LWPOLYLINE
  5
390
330
17
100
AcDbEntity
  8
0
  6
Continuous
 62
7
370
25
100
AcDbPolyline
 90
18
 70
128
 10
791.094671325162
 20
347.74718395045426
 10
791.1199333324951
 20
347.3636254798563
 10
791.432274937555
 20
346.3575999020173
 10
792.0890210391383
 20
345.4084640583903
 10
793.0632843746819
 20
344.55507568193246
 10
794.3151784887567
 20
343.83237259304474
 10
795.793450689242
 20
343.26994234110026
 10
797.4375803385602
 20
342.890810886696
 10
799.180256575691
 20
342.71049991612176
 10
800.9501340307305
 20
342.73639138169824
 10
802.6747537127177
 20
342.96742528378303
 10
804.2835094892381
 20
343.3941430672787
 10
805.7105387097795
 20
343.9990748559925
 10
806.8974186303844
 20
344.75745467141746
 10
807.7955582476512
 20
345.6382343548047
 10
808.3681876201215
 20
346.60535468242875
 10
808.5918632340058
 20
347.619221634445
 10
808.594671325162
 20
347.74718395045426
  0
ARC
  5
391
330
17
100
AcDbEntity
  8
0
  6
Continuous
 62
7
370
25
100
AcDbCircle
 10
799.844671325162
 20
356.3381425328937
 30
0.0
 40
11.261205622049426
100
AcDbArc
 50
-117.03153745973312
 51
-62.968462540265904
  0
ARC
  5
392
330
17
100
AcDbEntity
  8
0
  6
Continuous
 62
7
370
25
100
AcDbCircle
 10
754.1406052434553
 20
377.9165166442285
 30
0.0
 40
8.975506669137845
100
AcDbArc
 50
-142.4587277617877
 51
-97.53589570551219
  0
LINE
  5
393
330
17
100
AcDbEntity
  8
0
  6
Continuous
 62
7
370
25
100
AcDbLine
 10
757.7364625055033
 20
371.77390976956195
 30
0.0
 11
752.9634917324937
 21
369.0185323921605
 31
0.0
  0
LINE
  5
394
330
17
100
AcDbEntity
  8
0
  6
Continuous
 62
7
370
25
100
AcDbLine
 10
761.9791031926222
 20
373.59040566912756
 30
0.0
 11
761.715610935915
 21
373.44982586128873
 31
0.0
  0
SPLINE
  5
395
330
17
100
AcDbEntity
  8
0
  6
Continuous
 62
7
370
25
100
AcDbSpline
210
0.0
220
0.0
230
2.5
 70
8
 71
3
 72
13
 73
9
 74
0
 42
1e-08
 43
1e-08
 40
0.0
 40
0.0
 40
0.0
 40
0.0
 40
0.0850067589031292
 40
0.3892149973980514
 40
0.5412582902065795
 40
0.6940818460460012
 40
0.8462875681056736
 40
1.0
 40
1.0
 40
1.0
 40
1.0
 10
761.4113064019922
 20
373.287471667515
 30
0.0
 10
761.3406015849998
 20
373.24802329450847
 30
0.0
 10
761.0168699721618
 20
373.06740355796944
 30
0.0
 10
760.312049290677
 20
372.8312937674525
 30
0.0
 10
759.4892554313748
 20
372.54092568631023
 30
0.0
 10
758.8553035069574
 20
372.30539481128
 30
0.0
 10
758.2455047928198
 20
372.048589616955
 30
0.0
 10
757.9066994965337
 20
371.8657698603288
 30
0.0
 10
757.7364625055033
 20
371.77390976956195
 30
0.0
  0
LWPOLYLINE
  5
396
330
17
100
AcDbEntity
  8
0
  6
Continuous
 62
7
370
25
100
AcDbPolyline
 90
9
 70
128
 10
761.9791031926222
 20
384.32690826468723
 10
762.7473670557503
 20
382.7103399375815
 10
763.315657526399
 20
381.0660383569942
 10
763.66457972807
 20
379.450120997578
 10
763.782225484648
 20
377.9177366243335
 10
763.66457972807
 20
376.52118315039206
 10
763.315657526399
 20
375.30812278997274
 10
762.7473670557503
 20
374.31995542058723
 10
761.9791031926222
 20
373.59040566912756
  0
SPLINE
  5
397
330
17
100
AcDbEntity
  8
0
  6
Continuous
 62
7
370
25
100
AcDbSpline
210
0.0
220
0.0
230
2.5
 70
8
 71
3
 72
13
 73
9
 74
0
 42
1e-08
 43
1e-08
 40
0.0
 40
0.0
 40
0.0
 40
0.0
 40
0.1251363600101149
 40
0.2506323174109529
 40
0.3760921940347147
 40
0.5012727269837901
 40
0.7512478305963624
 40
1.0
 40
1.0
 40
1.0
 40
1.0
 10
757.7364625055033
 20
386.14340416425273
 30
0.0
 10
757.9052300669549
 20
386.22326684682525
 30
0.0
 10
758.2432501678038
 20
386.383221708915
 30
0.0
 10
758.8525557608398
 20
386.45507771272696
 30
0.0
 10
759.4869215323793
 20
386.39141639281445
 30
0.0
 10
760.3176149300982
 20
386.1154269832532
 30
0.0
 10
761.2579503013613
 20
385.4597749073485
 30
0.0
 10
761.7391121828464
 20
384.7039126597443
 30
0.0
 10
761.9791031926222
 20
384.32690826468723
 30
0.0
  0
LINE
  5
398
330
17
100
AcDbEntity
  8
0
  6
Continuous
 62
7
370
25
100
AcDbLine
 10
752.9634917324937
 20
383.38802678685124
 30
0.0
 11
757.7364625055033
 21
386.14340416425273
 31
0.0
  0
ARC
  5
399
330
17
100
AcDbEntity
  8
0
  6
Continuous
 62
7
370
25
100
AcDbCircle
 10
745.8466812595657
 20
377.91895660443924
 30
0.0
 40
8.975506669137028
100
AcDbArc
 50
37.54127223820916
 51
82.46410429448902
  0
LINE
  5
39A
330
17
100
AcDbEntity
  8
0
  6
Continuous
 62
7
370
25
100
AcDbLine
 10
751.7967655435361
 20
389.5723182339083
 30
0.0
 11
747.023794770527
 21
386.81694085650645
 31
0.0
  0
SPLINE
  5
39B
330
17
100
AcDbEntity
  8
0
  6
Continuous
 62
7
370
25
100
AcDbSpline
210
0.0
220
0.0
230
2.5
 70
8
 71
3
 72
13
 73
9
 74
0
 42
1e-08
 43
1e-08
 40
0.0
 40
0.0
 40
0.0
 40
0.0
 40
0.1809427708127825
 40
0.4532551177530536
 40
0.5893568423679482
 40
0.7261570203127845
 40
0.8624041436545792
 40
1.0
 40
1.0
 40
1.0
 40
1.0
 10
751.9860124829324
 20
390.302765568286
 30
0.0
 10
752.1201810559927
 20
390.3803286868615
 30
0.0
 10
752.4562684946237
 20
390.57462150268003
 30
0.0
 10
752.6866291706754
 20
390.51777742659027
 30
0.0
 10
752.6758822170393
 20
390.3242394020875
 30
0.0
 10
752.526880607365
 20
390.108327695223
 30
0.0
 10
752.2429788975542
 20
389.84906672563653
 30
0.0
 10
751.9459909038618
 20
389.66487013318647
 30
0.0
 10
751.7967655435361
 20
389.5723182339083
 30
0.0
  0
LWPOLYLINE
  5
39C
330
17
100
AcDbEntity
  8
0
  6
Continuous
 62
7
370
25
100
AcDbPolyline
 90
3
 70
128
 10
750.6665805885693
 20
388.9198763470217
 10
751.0285016804083
 20
389.47549691835127
 10
751.7967655435361
 20
390.20504666981077
  0
LWPOLYLINE
  5
39D
330
17
100
AcDbEntity
  8
0
  6
Continuous
 62
7
370
25
100
AcDbPolyline
 90
18
 70
128
 10
764.131345906655
 20
374.8212333485605
 10
764.6760209532907
 20
375.21539426306447
 10
765.3846324228075
 20
376.07958756701055
 10
765.8717659694547
 20
377.2034879788505
 10
766.1198153176435
 20
378.5464748094063
 10
766.1198153176435
 20
380.060009015504
 10
765.8717659694547
 20
381.6893875274602
 10
765.3846324228073
 20
383.3757203605487
 10
764.6760209532907
 20
385.058059052484
 10
763.7715426256827
 20
386.67559949964897
 10
762.7038876433385
 20
388.1698795758228
 10
761.5116438390678
 20
389.4868921057432
 10
760.2379020103174
 20
390.57903682513677
 10
758.9286985054812
 20
391.4068407782892
 10
757.6313513503197
 20
391.940384973511
 10
756.392750051226
 20
392.1603857334515
 10
755.2576608862933
 20
392.05889165743974
 10
754.3821382634535
 20
391.70918616498375
  0
LINE
  5
39E
330
17
100
AcDbEntity
  8
0
  6
Continuous
 62
7
370
25
100
AcDbLine
 10
775.3080660179885
 20
368.28157306361476
 30
0.0
 11
771.2068466871069
 21
365.91398953932924
 31
0.0
  0
LINE
  5
39F
330
17
100
AcDbEntity
  8
0
  6
Continuous
 62
7
370
25
100
AcDbLine
 10
771.2068466871069
 20
365.91398953932924
 30
0.0
 11
771.2068466871069
 21
368.5269201373635
 31
0.0
  0
ARC
  5
3A0
330
17
100
AcDbEntity
  8
0
  6
Continuous
 62
7
370
25
100
AcDbCircle
 10
770.102717032067
 20
369.88055837365846
 30
0.0
 40
1.7468367897140356
100
AcDbArc
 50
170.785963009538
 51
-50.79671476428489
  0
LINE
  5
3A1
330
17
100
AcDbEntity
  8
0
  6
Continuous
 62
7
370
25
100
AcDbLine
 10
768.3784195623605
 20
370.1602671612613
 30
0.0
 11
768.3784195623605
 21
375.21508345499177
 31
0.0
  0
LINE
  5
3A2
330
17
100
AcDbEntity
  8
0
  6
Continuous
 62
7
370
25
100
AcDbLine
 10
768.3784195623605
 20
384.7024303527885
 30
0.0
 11
768.3784195623605
 21
387.75389228953054
 31
0.0
  0
LWPOLYLINE
  5
3A3
330
17
100
AcDbEntity
  8
0
  6
Continuous
 62
7
370
25
100
AcDbPolyline
 90
11
 70
128
 10
773.1055304417117
 20
368.9697742885247
 10
773.9230730358618
 20
370.14700161723295
 10
774.5535974126807
 20
371.43756533188474
 10
774.9536905683182
 20
372.7526072541553
 10
775.0958052003313
 20
374.001583826756
 10
774.9701564006434
 20
375.09850023846496
 10
774.5853953682025
 20
375.96783135789076
 10
773.9680137547133
 20
376.5497218065225
 10
773.1605196555785
 20
376.8041071344908
 10
772.2185108331115
 20
376.7134723469292
 10
771.2068466871069
 20
376.28405785027826
  0
LINE
  5
3A4
330
17
100
AcDbEntity
  8
0
  6
Continuous
 62
7
370
25
100
AcDbLine
 10
773.1055304417117
 20
368.9697742885247
 30
0.0
 11
775.3080660179885
 21
370.24127101214077
 31
0.0
  0
LINE
  5
3A5
330
17
100
AcDbEntity
  8
0
  6
Continuous
 62
7
370
25
100
AcDbLine
 10
771.2068466871069
 20
386.89908840479296
 30
0.0
 11
771.3570195007119
 21
386.9891306692765
 31
0.0
  0
LINE
  5
3A6
330
17
100
AcDbEntity
  8
0
  6
Continuous
 62
7
370
25
100
AcDbLine
 10
771.2068466871069
 20
386.89908840479296
 30
0.0
 11
771.2068466871069
 21
376.28405785027826
 31
0.0
  0
LWPOLYLINE
  5
3A7
330
17
100
AcDbEntity
  8
0
  6
Continuous
 62
7
370
25
100
AcDbPolyline
 90
17
 70
128
 10
771.2068466871069
 20
370.07834767994655
 10
770.6385907819532
 20
369.8808270120625
 10
770.1568466871071
 20
369.9744300422967
 10
769.8349555739867
 20
370.3449065578098
 10
769.7219224466153
 20
370.93585486749276
 10
769.8349555739867
 20
371.65730844815596
 10
770.1568466871071
 20
372.39943253213676
 10
770.6385907819532
 20
373.04924545502024
 10
771.2068466871069
 20
373.5078190898665
 10
771.7751025922605
 20
373.7053397577507
 10
772.2568466871066
 20
373.61173672751625
 10
772.578737800227
 20
373.2412602120033
 10
772.6917709275984
 20
372.6503119023205
 10
772.578737800227
 20
371.928858321657
 10
772.2568466871066
 20
371.18673423767655
 10
771.7751025922605
 20
370.536921314793
 10
771.2068466871069
 20
370.07834767994655
  0
LINE
  5
3A8
330
17
100
AcDbEntity
  8
0
  6
Continuous
 62
7
370
25
100
AcDbLine
 10
752.9634917324937
 20
369.0185323921605
 30
0.0
 11
752.9634917324937
 21
383.38802678685124
 31
0.0
  0
LINE
  5
3A9
330
17
100
AcDbEntity
  8
0
  6
Continuous
 62
7
370
25
100
AcDbLine
 10
747.023794770527
 20
386.81694085650645
 30
0.0
 11
747.023794770527
 21
372.44744646181573
 31
0.0
  0
LINE
  5
3AA
330
17
100
AcDbEntity
  8
0
  6
Continuous
 62
7
370
25
100
AcDbLine
 10
750.700750032697
 20
381.59223662785104
 30
0.0
 11
749.2865364703238
 21
382.4086447396738
 31
0.0
  0
LINE
  5
3AB
330
17
100
AcDbEntity
  8
0
  6
Continuous
 62
7
370
25
100
AcDbLine
 10
749.2865364703238
 20
382.4086447396738
 30
0.0
 11
749.2865364703238
 21
374.243236620816
 31
0.0
  0
LINE
  5
3AC
330
17
100
AcDbEntity
  8
0
  6
Continuous
 62
7
370
25
100
AcDbLine
 10
749.2865364703238
 20
374.243236620816
 30
0.0
 11
750.700750032697
 21
373.42682850899325
 31
0.0
  0
LINE
  5
3AD
330
17
100
AcDbEntity
  8
0
  6
Continuous
 62
7
370
25
100
AcDbLine
 10
750.700750032697
 20
373.42682850899325
 30
0.0
 11
750.700750032697
 21
381.59223662785104
 31
0.0
  0
LINE
  5
3AE
330
17
100
AcDbEntity
  8
0
  6
Continuous
 62
7
370
25
100
AcDbLine
 10
757.7364625055033
 20
371.77390976956195
 30
0.0
 11
757.7364625055033
 21
386.14340416425273
 31
0.0
  0
LWPOLYLINE
  5
3AF
330
17
100
AcDbEntity
  8
0
  6
Continuous
 62
7
370
25
100
AcDbPolyline
 90
17
 70
128
 10
760.6359870271507
 20
372.8008086118862
 10
760.6907615979623
 20
372.7798205253655
 10
762.0835269803965
 20
372.39456659407523
 10
763.3949709081065
 20
372.3220412744457
 10
764.5873655270314
 20
372.564330987876
 10
765.6264078149719
 20
373.1144655004462
 10
766.4822064170841
 20
373.9566184438578
 10
767.1301415657338
 20
375.066562611232
 10
767.5515733463862
 20
376.4123669297445
 10
767.7343779340117
 20
377.95531505945075
 10
767.6732963734555
 20
379.6510191918983
 10
767.3700858700034
 20
381.45069700655677
 10
766.8334692377864
 20
383.302575049364
 10
766.078883960298
 20
385.15337816073395
 10
765.1280380821009
 20
386.94986210490197
 10
764.0082857079108
 20
388.64034530964375
 10
763.3620211113508
 20
389.470647261677
  0
ARC
  5
3B0
330
17
100
AcDbEntity
  8
0
  6
Continuous
 62
7
370
25
100
AcDbCircle
 10
756.0167569172221
 20
389.1351964304557
 30
0.0
 40
5.197200355067357
100
AcDbArc
 50
104.8231443605387
 51
179.5102757619793
  0
ARC
  5
3B1
330
17
100
AcDbEntity
  8
0
  6
Continuous
 62
7
370
25
100
AcDbCircle
 10
749.2372222442935
 20
377.4778140510217
 30
0.0
 40
20.459240344571356
100
AcDbArc
 50
20.67841516319227
 51
31.92050679221937
  0
LWPOLYLINE
  5
3B2
330
17
100
AcDbEntity
  8
0
  6
Continuous
 62
7
370
25
100
AcDbPolyline
 90
9
 70
128
 10
768.3784195623605
 20
375.21508345499177
 10
768.8368585262903
 20
376.068561089063
 10
769.1696367224795
 20
377.05237452410523
 10
769.3714494643292
 20
378.15084117633097
 10
769.4390797341406
 20
379.346450820023
 10
769.3714494643292
 20
380.62014471116953
 10
769.1696367224795
 20
381.95161939541947
 10
768.8368585262903
 20
383.31965035748175
 10
768.3784195623605
 20
384.7024303527885
  0
ARC
  5
3B3
330
17
100
AcDbEntity
  8
0
  6
Continuous
 62
7
370
25
100
AcDbCircle
 10
764.8286449153168
 20
377.5007041971375
 30
0.0
 40
4.221961892499995
100
AcDbArc
 50
-59.78532071053401
 51
-32.77658197894171
  0
LINE
  5
3B4
330
17
100
AcDbEntity
  8
0
  6
Continuous
 62
7
370
25
100
AcDbLine
 10
761.9791031926222
 20
373.59040566912756
 30
0.0
 11
761.9791031926222
 21
384.32690826468723
 31
0.0
  0
LINE
  5
3B5
330
17
100
AcDbEntity
  8
0
  6
Continuous
 62
7
370
25
100
AcDbLine
 10
779.093342044052
 20
372.8346684047505
 30
0.0
 11
773.6316457694279
 21
369.68169825826647
 31
0.0
  0
ARC
  5
3B6
330
17
100
AcDbEntity
  8
0
  6
Continuous
 62
7
370
25
100
AcDbCircle
 10
772.4894342187832
 20
374.38468547631203
 30
0.0
 40
2.62382565198506
100
AcDbArc
 50
64.88528327495622
 51
119.2632802625081
  0
LINE
  5
3B7
330
17
100
AcDbEntity
  8
0
  6
Continuous
 62
7
370
25
100
AcDbLine
 10
750.700750032697
 20
375.05964473263873
 30
0.0
 11
749.2865364703238
 21
374.243236620816
 31
0.0
  0
LINE
  5
3B8
330
17
100
AcDbEntity
  8
0
  6
Continuous
 62
7
370
25
100
AcDbLine
 10
753.5291771574432
 20
393.8147880370683
 30
0.0
 11
753.5291771574432
 21
395.021001330837
 31
0.0
  0
LINE
  5
3B9
330
17
100
AcDbEntity
  8
0
  6
Continuous
 62
7
370
25
100
AcDbLine
 10
759.6389589647597
 20
372.5919889762255
 30
0.0
 11
771.2068466871069
 21
365.91398953932924
 31
0.0
  0
LWPOLYLINE
  5
3BA
330
17
100
AcDbEntity
  8
0
  6
Continuous
 62
7
370
25
100
AcDbPolyline
 90
12
 70
128
 10
762.8104000777003
 20
366.73236998878474
 10
762.8356620850333
 20
366.34881151818706
 10
763.1480036900932
 20
365.34278594034777
 10
763.8047497916767
 20
364.393650096721
 10
764.77901312722
 20
363.540261720263
 10
766.0309072412953
 20
362.8175586313753
 10
767.5091794417806
 20
362.25512837943074
 10
769.1533090910985
 20
361.8759969250265
 10
770.8959853282292
 20
361.6956859544523
 10
772.6658627832687
 20
361.721577420029
 10
774.3904824652564
 20
361.9526113221135
 10
775.3080660179885
 20
362.16787100454724
  0
LWPOLYLINE
  5
3BB
330
17
100
AcDbEntity
  8
0
  6
Continuous
 62
7
370
25
100
AcDbPolyline
 90
12
 70
128
 10
762.8104000777003
 20
364.0753461869085
 10
762.8356620850333
 20
363.6917877163108
 10
763.1480036900932
 20
362.6857621384715
 10
763.8047497916767
 20
361.73662629484477
 10
764.77901312722
 20
360.8832379183867
 10
766.0309072412953
 20
360.160534829499
 10
767.5091794417806
 20
359.5981045775545
 10
769.1533090910985
 20
359.21897312315025
 10
770.8959853282292
 20
359.038662152576
 10
772.6658627832687
 20
359.06455361815244
 10
774.3904824652564
 20
359.29558752023723
 10
775.3080660179885
 20
359.51084720267096
  0
LWPOLYLINE
  5
3BC
330
17
100
AcDbEntity
  8
0
  6
Continuous
 62
7
370
25
100
AcDbPolyline
 90
13
 70
128
 10
762.95683011291
 20
365.81212849378903
 10
762.8805122785063
 20
365.530057034888
 10
762.8356620850333
 20
364.5083285281962
 10
763.1480036900932
 20
363.5023029503572
 10
763.8047497916767
 20
362.5531671067305
 10
764.77901312722
 20
361.6997787302725
 10
766.0309072412953
 20
360.9770756413848
 10
767.5091794417806
 20
360.41464538944024
 10
769.1533090910985
 20
360.03551393503597
 10
770.8959853282292
 20
359.85520296446174
 10
772.6658627832687
 20
359.8810944300382
 10
774.3904824652564
 20
360.112128332123
 10
775.3080660179885
 20
360.32738801455673
  0
ARC
  5
3BD
330
17
100
AcDbEntity
  8
0
  6
Continuous
 62
7
370
25
100
AcDbCircle
 10
771.5604000777003
 20
371.346072449536
 30
0.0
 40
9.997902469455163
100
AcDbArc
 50
-107.27509501562281
 51
-72.7249049843219
  0
ARC
  5
3BE
330
17
100
AcDbEntity
  8
0
  6
Continuous
 62
7
370
25
100
AcDbCircle
 10
771.5934499138008
 20
372.862801780463
 30
0.0
 40
11.451413609010535
100
AcDbArc
 50
-116.73200984128579
 51
-71.0719485977882
  0
LWPOLYLINE
  5
3BF
330
17
100
AcDbEntity
  8
0
  6
Continuous
 62
7
370
25
100
AcDbPolyline
 90
39
 70
128
 10
835.702535701431
 20
461.00006755837745
 10
835.568259562654
 20
458.886091995523
 10
835.086952731188
 20
456.48468283765703
 10
834.2592496969128
 20
454.11494585930745
 10
833.0909562019103
 20
451.79350306272346
 10
831.59026698563
 20
449.53663770116947
 10
829.7677083046806
 20
447.36018006360047
 10
827.636064098702
 20
445.27939643656197
 10
825.2102863202152
 20
443.30888202215624
 10
822.5073900574175
 20
441.4624585631878
 10
819.5463341855636
 20
439.7530773935677
 10
816.3478883840796
 20
438.19272859401275
 10
812.9344874521817
 20
436.7923568902422
 10
809.3300739448832
 20
435.56178488359274
 10
805.5599302331694
 20
434.50964415252577
 10
801.6505011663338
 20
433.64331470830797
 10
797.6292085803595
 20
432.96887322953353
 10
793.5242589534416
 20
432.4910504385907
 10
789.3644455578118
 20
432.2131979190425
 10
785.178946495618
 20
432.13726460667704
 10
780.9971200355045
 20
432.2637831191225
 10
776.8482986854509
 20
432.59186601991723
 10
772.7615834463043
 20
433.1192120432397
 10
768.7656396891657
 20
433.842122235634
 10
764.8884960884102
 20
434.75552590151045
 10
761.1573480206732
 20
435.8530161704328
 10
757.5983668088237
 20
437.12689493670973
 10
754.2365161489386
 20
438.56822685607705
 10
751.09537700791
 20
440.1669020207155
 10
748.1969822199072
 20
441.9117068729923
 10
745.5616619418747
 20
443.7904028605085
 10
743.2079010520873
 20
445.78981228075327
 10
741.1522094920123
 20
447.89591071321723
 10
739.4090064609306
 20
450.0939253906262
 10
737.9905192756167
 20
452.36843881928974
 10
736.9066976044935
 20
454.70349692174125
 10
736.1651436778586
 20
457.08272094312906
 10
735.7710589637022
 20
459.489422336413
 10
735.702535701431
 20
461.00006755837745
  0
LWPOLYLINE
  5
3C0
330
17
100
AcDbEntity
  8
0
  6
Continuous
 62
7
370
25
100
AcDbPolyline
 90
39
 70
128
 10
735.702535701431
 20
457.0806716613257
 10
735.7710589637022
 20
455.570026439361
 10
736.1651436778586
 20
453.16332504607703
 10
736.9066976044935
 20
450.7841010246892
 10
737.9905192756171
 20
448.4490429222377
 10
739.4090064609313
 20
446.17452949357425
 10
741.1522094920124
 20
443.97651481616526
 10
743.2079010520877
 20
441.87041638370124
 10
745.5616619418753
 20
439.87100696345647
 10
748.196982219908
 20
437.99231097594026
 10
751.0953770079105
 20
436.24750612366375
 10
754.236516148939
 20
434.6488309590252
 10
757.5983668088243
 20
433.207499039658
 10
761.1573480206739
 20
431.93362027338077
 10
764.8884960884109
 20
430.8361300044587
 10
768.7656396891666
 20
429.92272633858227
 10
772.761583446305
 20
429.19981614618825
 10
776.8482986854518
 20
428.6724701228655
 10
780.9971200355052
 20
428.34438722207074
 10
785.1789464956188
 20
428.21786870962546
 10
789.3644455578125
 20
428.293802021991
 10
793.5242589534425
 20
428.5716545415392
 10
797.62920858036
 20
429.049477332482
 10
801.6505011663345
 20
429.7239188112565
 10
805.55993023317
 20
430.59024825547425
 10
809.3300739448837
 20
431.6423889865413
 10
812.9344874521826
 20
432.872960993191
 10
816.34788838408
 20
434.27333269696146
 10
819.546334185564
 20
435.8336814965165
 10
822.5073900574181
 20
437.5430626661365
 10
825.2102863202157
 20
439.3894861251047
 10
827.6360640987023
 20
441.3600005395105
 10
829.7677083046807
 20
443.44078416654924
 10
831.5902669856303
 20
445.61724180411824
 10
833.0909562019104
 20
447.8741071656725
 10
834.259249696913
 20
450.1955499622562
 10
835.0869527311884
 20
452.5652869406058
 10
835.5682595626542
 20
454.96669609847174
 10
835.702535701431
 20
457.0806716613257
  0
LWPOLYLINE
  5
3C1
330
17
100
AcDbEntity
  8
0
  6
Continuous
 62
7
370
25
100
AcDbPolyline
 90
21
 70
128
 10
820.9221752615765
 20
436.592105209144
 10
819.410958991627
 20
435.7553612947985
 10
816.2253069733488
 20
434.20125389044154
 10
812.8255596451787
 20
432.80648367348596
 10
809.2355637919095
 20
431.580833954863
 10
805.4805006550425
 20
430.53290178672023
 10
801.5867093044743
 20
429.6700376602795
 10
797.5815018888437
 20
428.9982939474203
 10
793.4929720604338
 20
428.522382447641
 10
789.3497979183862
 20
428.24564133817125
 10
785.1810408524411
 20
428.170011759055
 10
781.0159416981683
 20
428.2960241974507
 10
776.883715633515
 20
428.62279476664247
 10
772.8133472553247
 20
429.1480314058715
 10
768.8333872732147
 20
429.8680499574962
 10
764.9717522468623
 20
430.77780000870905
 10
761.2555287713963
 20
431.8709003165557
 10
757.7107834843944
 20
433.13968356776775
 10
754.3623802271485
 20
434.5752501594575
 10
751.2338056426843
 20
436.1675306234375
 10
750.4828961412861
 20
436.592105209144
  0
LWPOLYLINE
  5
3C2
330
17
100
AcDbEntity
  8
0
  6
Continuous
 62
7
370
25
100
AcDbPolyline
 90
35
 70
128
 10
745.7025357014312
 20
408.7414555976895
 10
745.771222903953
 20
407.388795431871
 10
746.1660959951068
 20
405.23612889334976
 10
746.9084167399799
 20
403.1142672919447
 10
747.9916615971754
 20
401.04185762370275
 10
749.4063109719394
 20
399.0371122993045
 10
751.1399328747005
 20
397.1176490927437
 10
753.1772921738427
 20
395.3003363156967
 10
755.5004844825897
 20
393.6011445781912
 10
758.089093503399
 20
392.03500643831325
 10
760.9203704471192
 20
390.6156851743482
 10
763.9694339501671
 20
389.3556538325975
 10
767.2094887328445
 20
388.26598561379825
 10
770.6120610772217
 20
387.35625656143776
 10
774.1472490551929
 20
386.63446140713825
 10
777.7839853076953
 20
386.106943312669
 10
781.490310065779
 20
385.7783381260115
 10
785.2336520142042
 20
385.6515336413617
 10
788.9811145293322
 20
385.72764422109003
 10
792.6997647758355
 20
386.00600100268525
 10
796.3569231216387
 20
386.484157776742
 10
799.9204503277022
 20
387.15791248433726
 10
803.3590299888077
 20
388.021344144875
 10
806.6424437432552
 20
389.0668648898765
 10
809.7418368329114
 20
390.2852866454418
 10
812.6299716798626
 20
391.66590187737324
 10
815.2814672512266
 20
393.19657768937077
 10
817.673022108585
 20
394.8638624473615
 10
819.7836191818599
 20
396.653103992943
 10
821.5947104680822
 20
398.54857840707825
 10
823.0903800319093
 20
400.5336281924617
 10
824.2574838754351
 20
402.59080866020446
 10
825.0857654481177
 20
404.702041234388
 10
825.5679457817155
 20
406.8487723272383
 10
825.702535701431
 20
408.7414555976895
  0
LWPOLYLINE
  5
3C3
330
17
100
AcDbEntity
  8
0
  6
Continuous
 62
7
370
25
100
AcDbPolyline
 90
19
 70
128
 10
813.2841811401024
 20
392.0075438359588
 10
813.2797001677061
 20
392.00495660526053
 10
810.533452492075
 20
390.563755174325
 10
807.5623321888256
 20
389.27977909327274
 10
804.3932461835128
 20
388.16465624832296
 10
801.0548942097462
 20
387.2284853646403
 10
797.577508899957
 20
386.47974455071727
 10
793.9925819939965
 20
385.92521451930975
 10
790.3325791450652
 20
385.56991718025324
 10
786.6306459057284
 20
385.41707016127
 10
782.9203075566604
 20
385.46805766863224
 10
779.2351654965097
 20
385.7224179515782
 10
775.6085929424323
 20
386.17784748399623
 10
772.0734326970655
 20
386.83022182551656
 10
768.6616997190253
 20
387.673632973079
 10
765.4042911904808
 20
388.70044286472597
 10
762.330706707488
 20
389.9013525510735
 10
759.4687811270818
 20
391.2654864080363
 10
758.1208902627598
 20
392.0075438359585
  0
LWPOLYLINE
  5
3C4
330
17
100
AcDbEntity
  8
0
  6
Continuous
 62
7
370
25
100
AcDbPolyline
 90
21
 70
128
 10
750.4121739734957
 20
451.24902605142046
 10
751.1645913252976
 20
450.8235989063055
 10
754.299448188044
 20
449.22812109199594
 10
757.6545751466098
 20
447.7896718364678
 10
761.2064383960353
 20
446.51834082772297
 10
764.9301241676368
 20
445.4230455393388
 10
768.7995134811908
 20
444.5114686807943
 10
772.787465350815
 20
443.7900043087848
 10
776.8660071594834
 20
443.26371297750904
 10
781.006530866837
 20
442.93628624251573
 10
785.1799936740302
 20
442.81002076709524
 10
789.3571217380997
 20
442.88580221283604
 10
793.5086155069384
 20
443.163099027345
 10
797.6053552346023
 20
443.63996617270624
 10
801.6186052354046
 20
444.313058768523
 10
805.5202154441065
 20
445.17765555385256
 10
809.2828188683967
 20
446.2276920034572
 10
812.880023548681
 20
447.45580286609356
 10
816.2865976787145
 20
448.8533738264565
 10
819.4786465885957
 20
450.4106019284125
 10
820.9928974293665
 20
451.24902605142046
  0
LWPOLYLINE
  5
3C5
330
17
100
AcDbEntity
  8
0
  6
Continuous
 62
7
370
25
100
AcDbPolyline
 90
39
 70
128
 10
835.702535701431
 20
471.53344403170354
 10
835.568259562654
 20
469.41946846884923
 10
835.086952731188
 20
467.0180593109833
 10
834.2592496969128
 20
464.6483223326335
 10
833.0909562019103
 20
462.3268795360497
 10
831.59026698563
 20
460.0700141744955
 10
829.7677083046806
 20
457.8935565369267
 10
827.636064098702
 20
455.812772909888
 10
825.2102863202152
 20
453.8422584954822
 10
822.5073900574172
 20
451.995835036514
 10
819.5463341855636
 20
450.28645386689396
 10
816.3478883840796
 20
448.726105067339
 10
812.9344874521817
 20
447.3257333635685
 10
809.3300739448832
 20
446.09516135691877
 10
805.5599302331694
 20
445.04302062585197
 10
801.6505011663338
 20
444.17669118163406
 10
797.6292085803595
 20
443.5022497028598
 10
793.5242589534416
 20
443.02442691191675
 10
789.3644455578118
 20
442.7465743923685
 10
785.178946495618
 20
442.6706410800033
 10
780.9971200355045
 20
442.79715959244845
 10
776.8482986854509
 20
443.1252424932435
 10
772.7615834463043
 20
443.65258851656597
 10
768.7656396891657
 20
444.37549870896027
 10
764.8884960884102
 20
445.28890237483654
 10
761.1573480206732
 20
446.38639264375877
 10
757.5983668088237
 20
447.660271410036
 10
754.2365161489386
 20
449.10160332940325
 10
751.09537700791
 20
450.70027849404175
 10
748.1969822199072
 20
452.44508334631826
 10
745.5616619418747
 20
454.3237793338345
 10
743.2079010520873
 20
456.32318875407924
 10
741.1522094920123
 20
458.42928718654326
 10
739.4090064609306
 20
460.6273018639525
 10
737.9905192756167
 20
462.901815292616
 10
736.9066976044933
 20
465.2368733950675
 10
736.1651436778586
 20
467.6160974164552
 10
735.7710589637022
 20
470.02279880973924
 10
735.702535701431
 20
471.53344403170354
  0
LWPOLYLINE
  5
3C6
330
17
100
AcDbEntity
  8
0
  6
Continuous
 62
7
370
25
100
AcDbPolyline
 90
11
 70
128
 10
821.0578747607582
 20
440.671518843998
 10
823.8923371331628
 20
442.45098204985675
 10
826.4589254878588
 20
444.361126507769
 10
828.7396370516279
 20
446.3885539268
 10
830.7184742715407
 20
448.51904336030947
 10
832.381557026291
 20
450.73765095567603
 10
833.7172199852783
 20
453.02881477468577
 10
834.7160944325169
 20
455.37646394934677
 10
835.371173981451
 20
457.76413140748303
 10
835.6778637197178
 20
460.1750693774118
 10
835.702535701431
 20
461.081721639566
  0
LWPOLYLINE
  5
3C7
330
17
100
AcDbEntity
  8
0
  6
Continuous
 62
7
370
25
100
AcDbPolyline
 90
30
 70
128
 10
735.702535701431
 20
461.081721639566
 10
735.7052772331552
 20
460.77946002487005
 10
735.9244374712771
 20
458.36534299537226
 10
736.492755302969
 20
455.9702794103482
 10
737.4062443869775
 20
453.611068919996
 10
738.6584972537197
 20
451.304259690815
 10
740.2407302490775
 20
449.06603233210774
 10
742.1418451454215
 20
446.91208640063155
 10
744.3485069877031
 20
444.85753027948755
 10
746.8452376285825
 20
442.91677520366903
 10
749.6145242965131
 20
441.1034341756022
 10
752.6369424352486
 20
439.43022647971554
 10
755.8912919531506
 20
437.9088884657975
 10
759.3547459265973
 20
436.5500912269355
 10
763.0030107144537
 20
435.36336574946625
 10
766.8104963605077
 20
434.35703605995275
 10
770.7504960886267
 20
433.53816083812
 10
774.795373631604
 20
432.9124839052883
 10
778.916757079716
 20
432.48439393559323
 10
783.085737889284
 20
432.25689367259
 10
787.2730736553375
 20
432.2315788671648
 10
791.4493932260747
 20
432.4086270844887
 10
795.5854027203877
 20
432.78679645852696
 10
799.6520910033928
 20
433.36343440283423
 10
803.6209331786962
 20
434.13449621654524
 10
807.4640906700478
 20
435.09457345504404
 10
811.15460648895
 20
436.236931866317
 10
814.6665943185653
 20
437.5535586268925
 10
817.975420087629
 20
439.03521854604026
 10
821.0578747607582
 20
440.671518843998
  0
LWPOLYLINE
  5
3C8
330
17
100
AcDbEntity
  8
0
  6
Continuous
 62
7
370
25
100
AcDbPolyline
 90
20
 70
128
 10
820.9871640826395
 20
440.63068516840076
 10
817.910874318856
 20
438.9976574710385
 10
814.6086662013302
 20
437.51896087172923
 10
811.1037023473743
 20
436.20496736467476
 10
807.4205675601098
 20
435.06489367022454
 10
803.5850963837413
 20
434.10673658620277
 10
799.6241918927882
 20
433.337216896119
 10
795.5656369863491
 20
432.76173222770046
 10
791.4378995110247
 20
432.38431919241054
 10
787.269932579429
 20
432.207625071521
 10
783.0909714849078
 20
432.2328892473355
 10
778.9303286369588
 20
432.45993450981274
 10
774.817187955743
 20
432.8871682995685
 10
770.7804001678518
 20
433.5115938785345
 10
766.848280439189
 20
434.3288313499235
 10
763.0484097644272
 20
435.333148380058
 10
759.4074415061461
 20
436.5175004065725
 10
755.9509144406462
 20
437.8735800509565
 10
752.7030736217805
 20
439.39187538884704
 10
750.4121739734979
 20
440.6339954969042
  0
LWPOLYLINE
  5
3C9
330
17
100
AcDbEntity
  8
0
  6
Continuous
 62
7
370
25
100
AcDbPolyline
 90
20
 70
128
 10
750.412173973488
 20
541.068515358857
 10
752.7030736217805
 20
539.8263952507938
 10
755.9509144406468
 20
538.3080999129036
 10
759.4074415061468
 20
536.9520202685195
 10
763.0484097644274
 20
535.767668242005
 10
766.8482804391896
 20
534.7633512118705
 10
770.7804001678522
 20
533.9461137404815
 10
774.8171879557435
 20
533.3216881615156
 10
778.9303286369592
 20
532.8944543717598
 10
783.0909714849081
 20
532.6674091092825
 10
787.2699325794298
 20
532.642144933468
 10
791.4378995110251
 20
532.8188390543575
 10
795.5656369863494
 20
533.1962520896475
 10
799.6241918927885
 20
533.7717367580663
 10
803.5850963837418
 20
534.5412564481497
 10
807.4205675601103
 20
535.4994135321715
 10
811.1037023473748
 20
536.639487226622
 10
814.6086662013311
 20
537.9534807336765
 10
817.9108743188565
 20
539.4321773329857
 10
820.9871640826395
 20
541.0652050303477
  0
LWPOLYLINE
  5
3CA
330
17
100
AcDbEntity
  8
0
  6
Continuous
 62
7
370
25
100
AcDbPolyline
 90
30
 70
128
 10
821.0578747607581
 20
540.9427305435682
 10
817.975420087628
 20
539.30643024561
 10
814.6665943185645
 20
537.8247703264625
 10
811.154606488949
 20
536.5081435658869
 10
807.4640906700471
 20
535.3657851546141
 10
803.6209331786955
 20
534.4057079161153
 10
799.6520910033919
 20
533.6346461024043
 10
795.5854027203867
 20
533.058008158097
 10
791.4493932260737
 20
532.679838784059
 10
787.2730736553367
 20
532.5027905667348
 10
783.0857378892833
 20
532.5281053721603
 10
778.916757079715
 20
532.7556056351635
 10
774.7953736316032
 20
533.1836956048585
 10
770.750496088626
 20
533.8093725376903
 10
766.810496360507
 20
534.6282477595228
 10
763.003010714453
 20
535.6345774490366
 10
759.3547459265965
 20
536.8213029265057
 10
755.8912919531498
 20
538.1801001653678
 10
752.6369424352479
 20
539.701438179286
 10
749.6145242965123
 20
541.3746458751725
 10
746.8452376285818
 20
543.1879869032392
 10
744.3485069877022
 20
545.1287419790577
 10
742.141845145421
 20
547.1832981002017
 10
740.2407302490769
 20
549.3372440316782
 10
738.6584972537194
 20
551.5754713903855
 10
737.4062443869773
 20
553.8822806195665
 10
736.4927553029685
 20
556.2414911099187
 10
735.9244374712767
 20
558.6365546949428
 10
735.7052772331552
 20
561.0506717244405
 10
735.702535701431
 20
561.352933339136
  0
LWPOLYLINE
  5
3CB
330
17
100
AcDbEntity
  8
0
  6
Continuous
 62
7
370
25
100
AcDbPolyline
 90
11
 70
128
 10
835.7025357014309
 20
561.352933339136
 10
835.6778637197178
 20
560.4462810769812
 10
835.3711739814507
 20
558.0353431070525
 10
834.7160944325169
 20
555.6476756489166
 10
833.717219985278
 20
553.3000264742552
 10
832.3815570262907
 20
551.0088626552457
 10
830.7184742715402
 20
548.790255059879
 10
828.7396370516275
 20
546.6597656263694
 10
826.458925487858
 20
544.6323382073388
 10
823.8923371331624
 20
542.7221937494262
 10
821.0578747607581
 20
540.9427305435682
  0
LINE
  5
3CC
330
17
100
AcDbEntity
  8
0
  6
Continuous
 62
7
370
25
100
AcDbLine
 10
835.527598773055
 20
551.0200678078858
 30
0.0
 11
835.7025357014309
 21
553.4324874638443
 31
0.0
  0
LINE
  5
3CD
330
17
100
AcDbEntity
  8
0
  6
Continuous
 62
7
370
25
100
AcDbLine
 10
835.527598773055
 20
477.204778413414
 30
0.0
 11
835.527598773055
 21
551.0200678078858
 31
0.0
  0
LINE
  5
3CE
330
17
100
AcDbEntity
  8
0
  6
Continuous
 62
7
370
25
100
AcDbLine
 10
835.6766727818048
 20
478.68892677514305
 30
0.0
 11
835.527598773055
 21
477.204778413414
 31
0.0
  0
LWPOLYLINE
  5
3CF
330
17
100
AcDbEntity
  8
0
  6
Continuous
 62
7
370
25
100
AcDbPolyline
 90
11
 70
128
 10
821.0578747607581
 20
451.28654939851276
 10
823.8923371331628
 20
453.0660126043713
 10
826.4589254878586
 20
454.97615706228373
 10
828.7396370516278
 20
457.00358448131453
 10
830.7184742715406
 20
459.1340739148242
 10
832.3815570262907
 20
461.3526815101908
 10
833.717219985278
 20
463.6438453292003
 10
834.7160944325169
 20
465.99149450386153
 10
835.3711739814507
 20
468.3791619619975
 10
835.6778637197175
 20
470.7900999319263
 10
835.7025357014309
 20
471.6967521940808
  0
LWPOLYLINE
  5
3D0
330
17
100
AcDbEntity
  8
0
  6
Continuous
 62
7
370
25
100
AcDbPolyline
 90
30
 70
128
 10
735.702535701431
 20
471.6967521940808
 10
735.7052772331552
 20
471.3944905793845
 10
735.9244374712767
 20
468.980373549887
 10
736.4927553029685
 20
466.58530996486274
 10
737.4062443869773
 20
464.2260994745107
 10
738.6584972537195
 20
461.91929024532976
 10
740.2407302490772
 20
459.6810628866225
 10
742.1418451454215
 20
457.52711695514625
 10
744.3485069877028
 20
455.472560834002
 10
746.8452376285823
 20
453.5318057581835
 10
749.6145242965127
 20
451.71846473011675
 10
752.6369424352482
 20
450.0452570342303
 10
755.8912919531499
 20
448.523919020312
 10
759.354745926597
 20
447.16512178145024
 10
763.0030107144535
 20
445.9783963039808
 10
766.8104963605074
 20
444.9720666144673
 10
770.7504960886265
 20
444.15319139263477
 10
774.7953736316038
 20
443.527514459803
 10
778.9167570797157
 20
443.099424490108
 10
783.0857378892837
 20
442.8719242271047
 10
787.2730736553375
 20
442.84660942167955
 10
791.4493932260746
 20
443.0236576390035
 10
795.5854027203875
 20
443.4018270130415
 10
799.6520910033928
 20
443.97846495734876
 10
803.6209331786962
 20
444.74952677106
 10
807.4640906700474
 20
445.70960400955875
 10
811.1546064889499
 20
446.85196242083174
 10
814.666594318565
 20
448.16858918140724
 10
817.9754200876284
 20
449.65024910055496
 10
821.0578747607581
 20
451.28654939851276
  0
LWPOLYLINE
  5
3D1
330
17
100
AcDbEntity
  8
0
  6
Continuous
 62
7
370
25
100
AcDbPolyline
 90
20
 70
128
 10
820.9871640826393
 20
451.24571572291524
 10
817.9108743188557
 20
449.61268802555304
 10
814.6086662013302
 20
448.13399142624377
 10
811.103702347374
 20
446.81999791918946
 10
807.4205675601095
 20
445.679924224739
 10
803.5850963837411
 20
444.72176714071725
 10
799.6241918927881
 20
443.95224745063376
 10
795.5656369863491
 20
443.376762782215
 10
791.4378995110242
 20
442.99934974692496
 10
787.269932579429
 20
442.8226556260358
 10
783.0909714849072
 20
442.84791980185025
 10
778.9303286369585
 20
443.0749650643275
 10
774.817187955743
 20
443.5021988540832
 10
770.7804001678516
 20
444.126624433049
 10
766.8482804391887
 20
444.943861904438
 10
763.0484097644271
 20
445.94817893457275
 10
759.407441506146
 20
447.13253096108724
 10
755.9509144406459
 20
448.4886106054712
 10
752.7030736217803
 20
450.00690594336174
 10
750.4121739734956
 20
451.2490260514203
  0
LINE
  5
3D2
330
17
100
AcDbEntity
  8
0
  6
Continuous
 62
7
370
25
100
AcDbLine
 10
835.527598773055
 20
478.1207234542148
 30
0.0
 11
835.5753124541488
 21
478.74744084679173
 31
0.0
  0
LWPOLYLINE
  5
3D3
330
17
100
AcDbEntity
  8
0
  6
Continuous
 62
7
370
25
100
AcDbPolyline
 90
27
 70
128
 10
779.7510965026324
 20
583.7576711669652
 10
779.7417187751169
 20
582.9226765839355
 10
780.0787620606706
 20
582.1106498554527
 10
780.7426386286397
 20
581.368783023379
 10
781.6947663859872
 20
580.7401906914184
 10
782.8798111282995
 20
580.2614043610645
 10
784.2289023626159
 20
579.96024935352
 10
785.6636358101453
 20
579.854227703169
 10
787.1006299779605
 20
579.9495010029575
 10
788.4563719882898
 20
580.2405323150056
 10
789.6520710434145
 20
580.7104079573132
 10
790.61823746044
 20
581.3318204654777
 10
791.2987211590807
 20
582.068655603267
 10
791.6539749002293
 20
582.87809119076
 10
791.663352627745
 20
583.7130857737898
 10
791.3263093421913
 20
584.5251125022728
 10
790.662432774222
 20
585.2669793343465
 10
789.7103050168745
 20
585.8955716663068
 10
788.5252602745619
 20
586.3743579966607
 10
787.1761690402458
 20
586.6755130042055
 10
785.7414355927165
 20
586.7815346545563
 10
784.3044414249014
 20
586.686261354768
 10
782.9486994145719
 20
586.3952300427197
 10
781.7530003594472
 20
585.9253544004123
 10
780.7868339424217
 20
585.3039418922477
 10
780.106350243781
 20
584.5671067544582
 10
779.7510965026324
 20
583.7576711669652
  0
LINE
  5
3D4
330
17
100
AcDbEntity
  8
0
  6
Continuous
 62
7
370
25
100
AcDbLine
 10
794.6296944996286
 20
567.960461582765
 30
0.0
 11
794.7025357014307
 21
568.6201465649192
 31
0.0
  0
LWPOLYLINE
  5
3D5
330
17
100
AcDbEntity
  8
0
  6
Continuous
 62
7
370
25
100
AcDbPolyline
 90
9
 70
128
 10
789.1764803983175
 20
563.8272083128672
 10
790.230455618559
 20
564.1299783506063
 10
791.2069568736421
 20
564.509576411402
 10
792.0892759563543
 20
564.95950746719
 10
792.8623161425662
 20
565.4720730728607
 10
793.5128505003639
 20
566.0385030887916
 10
794.0297482065234
 20
566.6491057403657
 10
794.4041649979818
 20
567.2934334469237
 10
794.6296944996286
 20
567.960461582765
  0
ARC
  5
3D6
330
17
100
AcDbEntity
  8
0
  6
Continuous
 62
7
370
25
100
AcDbCircle
 10
785.7329158696648
 20
577.9603583997322
 30
0.0
 40
14.546617065175084
100
AcDbArc
 50
-112.14593634326849
 51
-76.30660522746263
  0
ARC
  5
3D7
330
17
100
AcDbEntity
  8
0
  6
Continuous
 62
7
370
25
100
AcDbCircle
 10
781.5716557018385
 20
569.2099942212669
 30
0.0
 40
4.904717100513523
100
AcDbArc
 50
-173.09281680099244
 51
-105.64073730129893
  0
LWPOLYLINE
  5
3D8
330
17
100
AcDbEntity
  8
0
  6
Continuous
 62
7
370
25
100
AcDbPolyline
 90
19
 70
128
 10
782.7268161020318
 20
583.5377761729139
 10
782.775994863069
 20
582.9369768240858
 10
783.1781576403557
 20
582.3821201619933
 10
783.8847976676606
 20
581.9401300888968
 10
784.8106837287941
 20
581.6643171306907
 10
785.844140300161
 20
581.5879484007005
 10
786.8605172670597
 20
581.7202350948455
 10
787.7372245671561
 20
582.0452214854677
 10
788.368518361236
 20
582.52370941757
 10
788.67825530083
 20
583.0979861848112
 10
788.6290765397925
 20
583.6987855336395
 10
788.226913762506
 20
584.2536421957323
 10
787.5202737352013
 20
584.6956322688285
 10
786.5943876740675
 20
584.9714452270346
 10
785.5609311027007
 20
585.0478139570247
 10
784.5445541358021
 20
584.91552726288
 10
783.6678468357057
 20
584.5905408722577
 10
783.0365530416258
 20
584.1120529401552
 10
782.7268161020318
 20
583.5377761729139
  0
LINE
  5
3D9
330
17
100
AcDbEntity
  8
0
  6
Continuous
 62
7
370
25
100
AcDbLine
 10
784.3830227651481
 20
562.6693522169528
 30
0.0
 11
784.3830227651481
 21
559.1580534789513
 31
0.0
  0
LINE
  5
3DA
330
17
100
AcDbEntity
  8
0
  6
Continuous
 62
7
370
25
100
AcDbLine
 10
784.3830227651481
 20
562.6693522169528
 30
0.0
 11
789.1764803983175
 21
563.8272083128672
 31
0.0
  0
LINE
  5
3DB
330
17
100
AcDbEntity
  8
0
  6
Continuous
 62
7
370
25
100
AcDbLine
 10
789.1764803983175
 20
563.8272083128672
 30
0.0
 11
793.969938031487
 21
564.985064408782
 31
0.0
  0
LINE
  5
3DC
330
17
100
AcDbEntity
  8
0
  6
Continuous
 62
7
370
25
100
AcDbLine
 10
793.969938031487
 20
564.985064408782
 30
0.0
 11
793.969938031487
 21
560.9214695470795
 31
0.0
  0
LINE
  5
3DD
330
17
100
AcDbEntity
  8
0
  6
Continuous
 62
7
370
25
100
AcDbLine
 10
780.24932160012
 20
564.4868932950212
 30
0.0
 11
784.3830227651481
 21
562.6693522169528
 31
0.0
  0
LINE
  5
3DE
330
17
100
AcDbEntity
  8
0
  6
Continuous
 62
7
370
25
100
AcDbLine
 10
776.1156204350918
 20
566.30443437309
 30
0.0
 11
776.1156204350918
 21
561.7032414921605
 31
0.0
  0
LINE
  5
3DF
330
17
100
AcDbEntity
  8
0
  6
Continuous
 62
7
370
25
100
AcDbLine
 10
776.1156204350918
 20
566.30443437309
 30
0.0
 11
780.24932160012
 21
564.4868932950212
 31
0.0
  0
LINE
  5
3E0
330
17
100
AcDbEntity
  8
0
  6
Continuous
 62
7
370
25
100
AcDbLine
 10
776.8050696603028
 20
561.2653547329062
 30
0.0
 11
779.6028129052215
 21
560.0352190577515
 31
0.0
  0
LINE
  5
3E1
330
17
100
AcDbEntity
  8
0
  6
Continuous
 62
7
370
25
100
AcDbLine
 10
793.969938031487
 20
564.985064408782
 30
0.0
 11
794.6296944996286
 21
567.960461582765
 31
0.0
  0
LINE
  5
3E2
330
17
100
AcDbEntity
  8
0
  6
Continuous
 62
7
370
25
100
AcDbLine
 10
776.7025357014307
 20
568.9513292640975
 30
0.0
 11
776.1156204350918
 21
566.30443437309
 31
0.0
  0
LINE
  5
3E3
330
17
100
AcDbEntity
  8
0
  6
Continuous
 62
7
370
25
100
AcDbLine
 10
794.6296944996286
 20
567.960461582765
 30
0.0
 11
795.2894509677699
 21
570.9358587567483
 31
0.0
  0
LINE
  5
3E4
330
17
100
AcDbEntity
  8
0
  6
Continuous
 62
7
370
25
100
AcDbLine
 10
795.2894509677699
 20
570.9358587567483
 30
0.0
 11
795.2894509677699
 21
566.199922047811
 31
0.0
  0
LINE
  5
3E5
330
17
100
AcDbEntity
  8
0
  6
Continuous
 62
7
370
25
100
AcDbLine
 10
794.1383849874844
 20
561.0087967914608
 30
0.0
 11
795.2894509677699
 21
566.199922047811
 31
0.0
  0
LINE
  5
3E6
330
17
100
AcDbEntity
  8
0
  6
Continuous
 62
7
370
25
100
AcDbLine
 10
795.2894509677699
 20
570.9358587567483
 30
0.0
 11
794.7025357014307
 21
571.1939186801268
 31
0.0
  0
LWPOLYLINE
  5
3E7
330
17
100
AcDbEntity
  8
0
  6
Continuous
 62
7
370
25
100
AcDbPolyline
 90
39
 70
128
 10
821.0578747607582
 20
545.8419754148828
 10
817.9754200876282
 20
544.2056751169248
 10
814.6665943185646
 20
542.724015197777
 10
811.1546064889495
 20
541.4073884372015
 10
807.4640906700471
 20
540.2650300259285
 10
803.6209331786959
 20
539.3049527874298
 10
799.6520910033922
 20
538.5338909737187
 10
795.585402720387
 20
537.9572530294115
 10
791.449393226074
 20
537.5790836553734
 10
787.273073655337
 20
537.4020354380492
 10
783.0857378892836
 20
537.4273502434745
 10
778.9167570797155
 20
537.6548505064779
 10
774.7953736316035
 20
538.082940476173
 10
770.7504960886263
 20
538.7086174090045
 10
766.8104963605073
 20
539.5274926308373
 10
763.0030107144532
 20
540.5338223203507
 10
759.3547459265967
 20
541.7205477978202
 10
755.8912919531499
 20
543.079345036682
 10
752.636942435248
 20
544.6006830506003
 10
749.6145242965124
 20
546.2738907464869
 10
746.845237628582
 20
548.0872317745537
 10
744.3485069877024
 20
550.0279868503723
 10
742.1418451454213
 20
552.082542971516
 10
740.2407302490772
 20
554.2364889029925
 10
738.6584972537195
 20
556.4747162616998
 10
737.4062443869773
 20
558.7815254908808
 10
736.4927553029685
 20
561.140735981233
 10
735.9244374712767
 20
563.535799566257
 10
735.7052772331552
 20
565.9499165957548
 10
735.8368118402077
 20
568.3661537733047
 10
736.318118671674
 20
570.7675629311707
 10
737.145821705949
 20
573.1372999095203
 10
738.3141152009514
 20
575.458742706104
 10
739.814804417232
 20
577.7156080676583
 10
741.6373630981811
 20
579.8920657052272
 10
743.7690073041597
 20
581.9728493322658
 10
746.1947850826465
 20
583.9433637466715
 10
748.8976813454445
 20
585.78978720564
 10
750.341451805699
 20
586.6590640435858
  0
LWPOLYLINE
  5
3E8
330
17
100
AcDbEntity
  8
0
  6
Continuous
 62
7
370
25
100
AcDbPolyline
 90
20
 70
128
 10
821.0636195971629
 20
586.6590640435858
 10
823.2080891829546
 20
585.3405388958361
 10
825.843409460987
 20
583.4618429083198
 10
828.1971703507745
 20
581.462433488075
 10
830.2528619108498
 20
579.356335055611
 10
831.9960649419311
 20
577.1583203782018
 10
833.414552127245
 20
574.8838069495384
 10
834.4983737983684
 20
572.5487488470868
 10
835.2399277250032
 20
570.1695248256992
 10
835.6340124391595
 20
567.762823432415
 10
835.6778637197175
 20
565.345525948296
 10
835.3711739814507
 20
562.9345879783673
 10
834.7160944325169
 20
560.5469205202313
 10
833.717219985278
 20
558.19927134557
 10
832.3815570262907
 20
555.9081075265605
 10
830.7184742715406
 20
553.6894999311937
 10
828.7396370516278
 20
551.5590104976842
 10
826.4589254878582
 20
549.5315830786533
 10
823.8923371331624
 20
547.621438620741
 10
821.0578747607582
 20
545.8419754148828
  0
LWPOLYLINE
  5
3E9
330
17
100
AcDbEntity
  8
0
  6
Continuous
 62
7
370
25
100
AcDbPolyline
 90
76
 70
128
 10
820.9871640826395
 20
545.9644499016624
 10
823.8159575302996
 20
547.7403541811093
 10
826.3774127082856
 20
549.6466783501057
 10
828.6535628489277
 20
551.6700509142988
 10
830.6284423944005
 20
553.7962793689412
 10
832.288198983641
 20
556.0104497491172
 10
833.6211906167102
 20
558.2970312404888
 10
834.6180673150548
 20
560.6399851168005
 10
835.2718367048906
 20
563.0228772400203
 10
835.5779130636811
 20
565.4289933340092
 10
835.5341494856843
 20
567.84145622316
 10
835.1408529409559
 20
570.2433442136576
 10
834.4007821221744
 20
572.6178097870026
 10
833.319128094393
 20
574.9481977732493
 10
831.9034778834496
 20
577.2181621750552
 10
830.1637612584306
 20
579.4117808231094
 10
828.1121810814756
 20
581.5136670587085
 10
825.7631277134675
 20
583.5090776601128
 10
823.1330780759907
 20
585.3840162556539
 10
820.240480077564
 20
587.1253314982259
 10
817.1056232148178
 20
588.7208093125353
 10
813.750496256252
 20
590.1592585680637
 10
810.1986330068263
 20
591.4305895768082
 10
806.4749472352247
 20
592.5258848651926
 10
802.6055579216707
 20
593.4374617237372
 10
798.6176060520465
 20
594.1589260957464
 10
794.539064243378
 20
594.6852174270223
 10
790.3985405360245
 20
595.0126441620155
 10
786.2250777288316
 20
595.138909637436
 10
782.0479496647617
 20
595.0631281916952
 10
777.8964558959229
 20
594.7858313771862
 10
773.7997161682596
 20
594.3089642318253
 10
769.7864661674571
 20
593.6358716360082
 10
765.884855958755
 20
592.7712748506788
 10
762.1222525344648
 20
591.7212384010741
 10
758.5250478541808
 20
590.4931275384375
 10
755.1184737241471
 20
589.0955565780745
 10
751.926424814266
 20
587.5383284761185
 10
748.9712910541557
 20
585.8323660688377
 10
746.2738005838837
 20
583.9896354567875
 10
743.8528743609539
 20
582.0230620712105
 10
741.7254934433874
 20
579.9464400114257
 10
739.9065798797997
 20
577.774335289132
 10
738.4088920419522
 20
575.521983658301
 10
737.2429351339397
 20
573.2051837473102
 10
736.4168875057333
 20
570.8401862429175
 10
735.9365432879302
 20
568.4435799033672
 10
735.8052717500918
 20
566.0321752001722
 10
736.0239936677369
 20
563.6228864047335
 10
736.5911748637654
 20
561.2326129468795
 10
737.5028369696063
 20
558.8781208775081
 10
738.7525853306149
 20
556.5759252667855
 10
740.3316538599823
 20
554.3421743627955
 10
742.2289665265334
 20
552.1925363231823
 10
744.4312150451303
 20
550.1420893142805
 10
746.9229522247282
 20
548.2052157486137
 10
749.6867003193228
 20
546.395501402603
 10
752.7030736217807
 20
544.7256401221082
 10
755.950914440647
 20
543.207344784218
 10
759.407441506147
 20
541.8512651398338
 10
763.048409764428
 20
540.6669131133192
 10
766.8482804391897
 20
539.662596083185
 10
770.7804001678526
 20
538.845358611796
 10
774.817187955744
 20
538.22093303283
 10
778.9303286369595
 20
537.7936992430742
 10
783.0909714849086
 20
537.566653980597
 10
787.2699325794299
 20
537.5413898047825
 10
791.4378995110255
 20
537.718083925672
 10
795.5656369863498
 20
538.095496960962
 10
799.624191892789
 20
538.6709816293808
 10
803.585096383742
 20
539.4405013194645
 10
807.4205675601105
 20
540.3986584034863
 10
811.103702347375
 20
541.5387320979368
 10
814.6086662013311
 20
542.8527256049913
 10
817.9108743188565
 20
544.3314222043005
 10
820.9871640826395
 20
545.9644499016624
  0
LWPOLYLINE
  5
3EA
330
17
100
AcDbEntity
  8
0
  6
Continuous
 62
7
370
25
100
AcDbPolyline
 90
11
 70
128
 10
821.0578747607582
 20
541.1060387059455
 10
823.8923371331628
 20
542.885501911804
 10
826.4589254878586
 20
544.7956463697166
 10
828.7396370516279
 20
546.8230737887473
 10
830.7184742715406
 20
548.9535632222568
 10
832.3815570262907
 20
551.1721708176235
 10
833.717219985278
 20
553.463334636633
 10
834.7160944325169
 20
555.8109838112942
 10
835.3711739814507
 20
558.1986512694302
 10
835.6778637197175
 20
560.609589239359
 10
835.7025357014309
 20
561.5162415015133
  0
LWPOLYLINE
  5
3EB
330
17
100
AcDbEntity
  8
0
  6
Continuous
 62
7
370
25
100
AcDbPolyline
 90
30
 70
128
 10
735.702535701431
 20
561.5162415015133
 10
735.7052772331552
 20
561.2139798868167
 10
735.9244374712767
 20
558.7998628573192
 10
736.4927553029688
 20
556.4047992722952
 10
737.4062443869773
 20
554.045588781943
 10
738.6584972537195
 20
551.738779552762
 10
740.2407302490775
 20
549.5005521940548
 10
742.1418451454215
 20
547.3466062625785
 10
744.3485069877031
 20
545.2920501414345
 10
746.8452376285825
 20
543.351295065616
 10
749.6145242965131
 20
541.5379540375493
 10
752.6369424352486
 20
539.8647463416628
 10
755.8912919531506
 20
538.3434083277446
 10
759.3547459265973
 20
536.9846110888825
 10
763.003010714454
 20
535.7978856114132
 10
766.8104963605077
 20
534.7915559218998
 10
770.7504960886267
 20
533.972680700067
 10
774.7953736316043
 20
533.3470037672355
 10
778.916757079716
 20
532.9189137975404
 10
783.0857378892842
 20
532.6914135345372
 10
787.2730736553377
 20
532.6660987291119
 10
791.4493932260747
 20
532.843146946436
 10
795.5854027203877
 20
533.221316320474
 10
799.6520910033929
 20
533.7979542647814
 10
803.6209331786962
 20
534.5690160784925
 10
807.4640906700478
 20
535.5290933169913
 10
811.15460648895
 20
536.6714517282642
 10
814.6665943185653
 20
537.9880784888397
 10
817.975420087629
 20
539.4697384079875
 10
821.0578747607582
 20
541.1060387059455
  0
LWPOLYLINE
  5
3EC
330
17
100
AcDbEntity
  8
0
  6
Continuous
 62
7
370
25
100
AcDbPolyline
 90
20
 70
128
 10
815.9313505971552
 20
548.8831089014285
 10
815.3096769448628
 20
548.3804597999937
 10
815.0044057518663
 20
547.7885159870652
 10
815.0486178886978
 20
547.1714237597284
 10
815.4375222843095
 20
546.5960546359875
 10
816.1289751129635
 20
546.1247587881714
 10
817.0480467316793
 20
545.8086084343003
 10
818.095141469703
 20
545.6818633707935
 10
819.1567903648213
 20
545.7582583919348
 10
820.117947286068
 20
546.0295149117925
 10
820.8744559671397
 20
546.4662380774612
 10
821.344336954001
 20
547.021102157483
 10
821.4766713507704
 20
547.633979019184
 10
821.2571186721783
 20
548.2384539448345
 10
820.7094708576609
 20
548.7690226968455
 10
819.893074045553
 20
549.1681899183143
 10
818.8963974981472
 20
549.3926996470769
 10
817.8274465843863
 20
549.418222770395
 10
816.8020587222577
 20
549.2419934618242
 10
815.9313505971552
 20
548.8831089014285
  0
LWPOLYLINE
  5
3ED
330
17
100
AcDbEntity
  8
0
  6
Continuous
 62
7
370
25
100
AcDbPolyline
 90
20
 70
128
 10
750.8775267279935
 20
548.8831089014287
 10
750.2558530757007
 20
548.380459799994
 10
749.9505818827042
 20
547.7885159870655
 10
749.9947940195358
 20
547.1714237597288
 10
750.3836984151475
 20
546.5960546359877
 10
751.0751512438015
 20
546.1247587881717
 10
751.9942228625173
 20
545.8086084343005
 10
753.0413176005411
 20
545.6818633707937
 10
754.1029664956592
 20
545.758258391935
 10
755.0641234169061
 20
546.0295149117927
 10
755.8206320979778
 20
546.4662380774615
 10
756.290513084839
 20
547.0211021574833
 10
756.4228474816082
 20
547.6339790191843
 10
756.2032948030162
 20
548.2384539448348
 10
755.655646988499
 20
548.7690226968458
 10
754.8392501763908
 20
549.1681899183145
 10
753.8425736289855
 20
549.3926996470773
 10
752.7736227152242
 20
549.4182227703952
 10
751.7482348530955
 20
549.2419934618244
 10
750.8775267279935
 20
548.8831089014287
  0
LWPOLYLINE
  5
3EE
330
17
100
AcDbEntity
  8
0
  6
Continuous
 62
7
370
25
100
AcDbPolyline
 90
20
 70
128
 10
750.8775267279935
 20
586.4378820452732
 10
750.2558530757007
 20
585.9352329438387
 10
749.9505818827045
 20
585.3432891309102
 10
749.9947940195359
 20
584.7261969035733
 10
750.3836984151478
 20
584.1508277798322
 10
751.0751512438017
 20
583.6795319320165
 10
751.9942228625173
 20
583.363381578145
 10
753.0413176005412
 20
583.2366365146386
 10
754.1029664956595
 20
583.3130315357798
 10
755.0641234169062
 20
583.5842880556372
 10
755.820632097978
 20
584.0210112213063
 10
756.2905130848392
 20
584.5758753013278
 10
756.4228474816084
 20
585.1887521630288
 10
756.2032948030164
 20
585.7932270886795
 10
755.6556469884993
 20
586.3237958406905
 10
754.8392501763909
 20
586.7229630621592
 10
753.8425736289855
 20
586.947472790922
 10
752.7736227152245
 20
586.9729959142397
 10
751.748234853096
 20
586.7967666056693
 10
750.8775267279935
 20
586.4378820452732
  0
LWPOLYLINE
  5
3EF
330
17
100
AcDbEntity
  8
0
  6
Continuous
 62
7
370
25
100
AcDbPolyline
 90
20
 70
128
 10
815.9313505971558
 20
586.4378820452732
 10
815.3096769448631
 20
585.9352329438385
 10
815.0044057518667
 20
585.3432891309102
 10
815.0486178886983
 20
584.7261969035733
 10
815.43752228431
 20
584.1508277798322
 10
816.128975112964
 20
583.6795319320162
 10
817.0480467316797
 20
583.363381578145
 10
818.0951414697034
 20
583.2366365146386
 10
819.1567903648217
 20
583.3130315357795
 10
820.1179472860684
 20
583.5842880556372
 10
820.8744559671402
 20
584.021011221306
 10
821.3443369540015
 20
584.5758753013278
 10
821.4766713507707
 20
585.1887521630285
 10
821.2571186721788
 20
585.7932270886793
 10
820.7094708576615
 20
586.3237958406903
 10
819.8930740455532
 20
586.722963062159
 10
818.8963974981477
 20
586.9474727909218
 10
817.8274465843867
 20
586.9729959142397
 10
816.8020587222579
 20
586.796766605669
 10
815.9313505971558
 20
586.4378820452732
  0
LWPOLYLINE
  5
3F0
330
17
100
AcDbEntity
  8
0
  6
Continuous
 62
7
370
25
100
AcDbPolyline
 90
29
 70
128
 10
776.7025357014307
 20
571.341616029482
 10
775.4970692023322
 20
570.5006521899762
 10
774.4240301581985
 20
569.4450495674563
 10
773.6754531838203
 20
568.2999428884897
 10
773.2728734758194
 20
567.0982747873408
 10
773.2278725194208
 20
565.8746150674073
 10
773.5417449102063
 20
564.6641661909202
 10
774.2054611109593
 20
563.5017505681972
 10
775.199927215009
 20
562.4208087802997
 10
776.4965342431619
 20
561.4524375543995
 10
778.0579811719447
 20
560.6244951675565
 10
779.8393480161354
 20
559.9608000148095
 10
781.7893880949531
 20
559.4804453973163
 10
783.8520023057592
 20
559.1972502428425
 10
785.9678529931012
 20
559.1193615603702
 10
788.0760709850238
 20
559.249020065483
 10
790.1160066883223
 20
559.582495719057
 10
792.0289748669143
 20
560.1101950336968
 10
793.7599429092337
 20
560.8169370608995
 10
795.2591140162696
 20
561.6823901193051
 10
796.4833597648058
 20
562.681656700149
 10
797.3974608336356
 20
563.7859897232607
 10
797.9751201993082
 20
564.9636195382195
 10
798.1997196536155
 20
566.180667879354
 10
798.0647978791837
 20
567.4021224817643
 10
797.5742363298125
 20
568.5928443204357
 10
796.7421475681135
 20
569.7185784960116
 10
795.5924692727806
 20
570.7469396858792
 10
794.7025357014307
 20
571.341616029482
  0
LWPOLYLINE
  5
3F1
330
17
100
AcDbEntity
  8
0
  6
Continuous
 62
7
370
25
100
AcDbPolyline
 90
20
 70
128
 10
820.9871640826395
 20
541.065205030348
 10
817.910874318856
 20
539.4321773329857
 10
814.6086662013305
 20
537.9534807336765
 10
811.1037023473743
 20
536.639487226622
 10
807.4205675601099
 20
535.4994135321717
 10
803.5850963837413
 20
534.5412564481497
 10
799.6241918927882
 20
533.7717367580663
 10
795.5656369863493
 20
533.1962520896475
 10
791.4378995110247
 20
532.8188390543578
 10
787.2699325794292
 20
532.6421449334682
 10
783.0909714849078
 20
532.6674091092827
 10
778.930328636959
 20
532.89445437176
 10
774.8171879557433
 20
533.3216881615157
 10
770.7804001678519
 20
533.9461137404815
 10
766.848280439189
 20
534.7633512118707
 10
763.0484097644272
 20
535.767668242005
 10
759.4074415061461
 20
536.9520202685195
 10
755.9509144406462
 20
538.3080999129037
 10
752.7030736217805
 20
539.826395250794
 10
750.412173973488
 20
541.068515358857
  0
ARC
  5
3F2
330
17
100
AcDbEntity
  8
0
  6
Continuous
 62
7
370
25
100
AcDbCircle
 10
779.902508516454
 20
562.7376823613002
 30
0.0
 40
6.936524545019999
100
AcDbArc
 50
117.4724600910628
 51
160.0096020938117
  0
ARC
  5
3F3
330
17
100
AcDbEntity
  8
0
  6
Continuous
 62
7
370
25
100
AcDbCircle
 10
791.6172081077513
 20
562.7709492582345
 30
0.0
 40
6.817418609442525
100
AcDbArc
 50
20.05704718519691
 51
57.40781203922749
  0
LINE
  5
3F4
330
17
100
AcDbEntity
  8
0
  6
Continuous
 62
8
370
25
100
AcDbLine
 10
780.081036790998
 20
373.244155997454
 30
0.0
 11
780.081036790998
 21
373.8768844333565
 31
0.0
  0
LINE
  5
3F5
330
17
100
AcDbEntity
  8
0
  6
Continuous
 62
8
370
25
100
AcDbLine
 10
792.6318144070256
 20
356.15908034107724
 30
0.0
 11
796.6626908098222
 21
353.8321049248068
 31
0.0
  0
LINE
  5
3F6
330
17
100
AcDbEntity
  8
0
  6
Continuous
 62
8
370
25
100
AcDbLine
 10
751.7967655435361
 20
389.5723182339083
 30
0.0
 11
751.7967655435361
 21
390.20504666981077
 31
0.0
  0
LINE
  5
3F7
330
17
100
AcDbEntity
  8
0
  6
Continuous
 62
8
370
25
100
AcDbLine
 10
764.3475431595637
 20
372.48724257753156
 30
0.0
 11
768.3784195623605
 21
370.1602671612613
 31
0.0
  0
LWPOLYLINE
  5
3F8
330
17
100
AcDbEntity
  8
0
  6
Continuous
 62
8
370
25
100
AcDbPolyline
 90
18
 70
128
 10
794.7025356666295
 20
580.867801836769
 10
794.6296944996286
 20
580.2085737610513
 10
794.2352257466205
 20
579.215843824749
 10
793.5128505003638
 20
578.2866152670778
 10
792.4903292364593
 20
577.456597820392
 10
791.2069568736421
 20
576.7576885896882
 10
789.7120526920912
 20
576.21674626475
 10
788.0630650211527
 20
575.8545589557605
 10
786.3233635322575
 20
575.6850453178874
 10
784.5598039779875
 20
575.7147196651695
 10
782.8401589629982
 20
575.9424416290827
 10
781.2305134808277
 20
576.3594599822615
 10
779.792725304656
 20
576.94974894326
 10
778.5820478277725
 20
577.6906240383445
 10
777.645006706658
 20
578.553613853099
 10
777.0176119060983
 20
579.5055541729123
 10
776.7239738564319
 20
580.5098624651486
 10
776.7033051928928
 20
580.936198061601
  0
CIRCLE
  5
3F9
330
17
100
AcDbEntity
  8
0
  6
Continuous
 62
7
370
25
100
AcDbCircle
 10
421.849010299003
 20
591.9049937445585
 30
0.0
 40
2.7500000000000724
  0
CIRCLE
  5
3FA
330
17
100
AcDbEntity
  8
0
  6
Continuous
 62
7
370
25
100
AcDbCircle
 10
421.849010299003
 20
591.9049937445585
 30
0.0
 40
2.65000000000002
  0
LINE
  5
3FB
330
17
100
AcDbEntity
  8
0
  6
Continuous
 62
7
370
25
100
AcDbLine
 10
421.818559269335
 20
593.348048167692
 30
0.0
 11
423.0835065736463
 21
592.652892321389
 31
0.0
  0
LINE
  5
3FC
330
17
100
AcDbEntity
  8
0
  6
Continuous
 62
7
370
25
100
AcDbLine
 10
420.58406299469175
 20
592.6001495908615
 30
0.0
 11
421.818559269335
 21
593.348048167692
 31
0.0
  0
LINE
  5
3FD
330
17
100
AcDbEntity
  8
0
  6
Continuous
 62
7
370
25
100
AcDbLine
 10
420.6145140243598
 20
591.1570951677278
 30
0.0
 11
420.58406299469175
 21
592.6001495908615
 31
0.0
  0
LINE
  5
3FE
330
17
100
AcDbEntity
  8
0
  6
Continuous
 62
7
370
25
100
AcDbLine
 10
421.87946132867074
 20
590.4619393214248
 30
0.0
 11
420.6145140243598
 21
591.1570951677278
 31
0.0
  0
LINE
  5
3FF
330
17
100
AcDbEntity
  8
0
  6
Continuous
 62
7
370
25
100
AcDbLine
 10
423.113957603314
 20
591.2098378982553
 30
0.0
 11
421.87946132867074
 21
590.4619393214248
 31
0.0
  0
LINE
  5
400
330
17
100
AcDbEntity
  8
0
  6
Continuous
 62
7
370
25
100
AcDbLine
 10
423.0835065736463
 20
592.652892321389
 30
0.0
 11
423.113957603314
 21
591.2098378982553
 31
0.0
  0
ARC
  5
401
330
17
100
AcDbEntity
  8
0
  6
Continuous
 62
7
370
25
100
AcDbCircle
 10
421.849010299003
 20
591.9049937445585
 30
0.0
 40
1.2500000000000093
100
AcDbArc
 50
121.2088640300052
 51
-178.7911359699919
  0
ARC
  5
402
330
17
100
AcDbEntity
  8
0
  6
Continuous
 62
7
370
25
100
AcDbCircle
 10
421.849010299003
 20
591.9049937445585
 30
0.0
 40
1.25
100
AcDbArc
 50
61.20886403000798
 51
121.2088640300052
  0
ARC
  5
403
330
17
100
AcDbEntity
  8
0
  6
Continuous
 62
7
370
25
100
AcDbCircle
 10
421.849010299003
 20
591.9049937445585
 30
0.0
 40
1.2500000000000093
100
AcDbArc
 50
1.208864030007318
 51
61.20886403000798
  0
ARC
  5
404
330
17
100
AcDbEntity
  8
0
  6
Continuous
 62
7
370
25
100
AcDbCircle
 10
421.849010299003
 20
591.9049937445585
 30
0.0
 40
1.2500000000000093
100
AcDbArc
 50
-178.7911359699919
 51
-118.79113596999285
  0
ARC
  5
405
330
17
100
AcDbEntity
  8
0
  6
Continuous
 62
7
370
25
100
AcDbCircle
 10
421.849010299003
 20
591.9049937445585
 30
0.0
 40
1.2499999999999565
100
AcDbArc
 50
-118.79113596999285
 51
-58.79113596998954
  0
ARC
  5
406
330
17
100
AcDbEntity
  8
0
  6
Continuous
 62
7
370
25
100
AcDbCircle
 10
421.849010299003
 20
591.9049937445585
 30
0.0
 40
1.2500000000000093
100
AcDbArc
 50
-58.79113596998954
 51
1.208864030007318
  0
LINE
  5
407
330
17
100
AcDbEntity
  8
0
  6
Continuous
 62
7
370
25
100
AcDbLine
 10
466.4059558758692
 20
545.8745427148907
 30
0.0
 11
467.1011117221725
 21
547.1394900192017
 31
0.0
  0
LINE
  5
408
330
17
100
AcDbEntity
  8
0
  6
Continuous
 62
7
370
25
100
AcDbLine
 10
467.1538544527
 20
544.6400464402475
 30
0.0
 11
466.4059558758692
 21
545.8745427148907
 31
0.0
  0
LINE
  5
409
330
17
100
AcDbEntity
  8
0
  6
Continuous
 62
7
370
25
100
AcDbLine
 10
468.5969088758335
 20
544.6704974699153
 30
0.0
 11
467.1538544527
 21
544.6400464402475
 31
0.0
  0
LINE
  5
40A
330
17
100
AcDbEntity
  8
0
  6
Continuous
 62
7
370
25
100
AcDbLine
 10
469.2920647221365
 20
545.9354447742264
 30
0.0
 11
468.5969088758335
 21
544.6704974699153
 31
0.0
  0
LINE
  5
40B
330
17
100
AcDbEntity
  8
0
  6
Continuous
 62
7
370
25
100
AcDbLine
 10
468.544166145306
 20
547.1699410488698
 30
0.0
 11
469.2920647221365
 21
545.9354447742264
 31
0.0
  0
LINE
  5
40C
330
17
100
AcDbEntity
  8
0
  6
Continuous
 62
7
370
25
100
AcDbLine
 10
467.1011117221725
 20
547.1394900192017
 30
0.0
 11
468.544166145306
 21
547.1699410488698
 31
0.0
  0
CIRCLE
  5
40D
330
17
100
AcDbEntity
  8
0
  6
Continuous
 62
7
370
25
100
AcDbCircle
 10
467.849010299003
 20
545.9049937445585
 30
0.0
 40
2.6499999999999573
  0
CIRCLE
  5
40E
330
17
100
AcDbEntity
  8
0
  6
Continuous
 62
7
370
25
100
AcDbCircle
 10
467.849010299003
 20
545.9049937445585
 30
0.0
 40
2.75000000000001
  0
ARC
  5
40F
330
17
100
AcDbEntity
  8
0
  6
Continuous
 62
7
370
25
100
AcDbCircle
 10
467.849010299003
 20
545.9049937445585
 30
0.0
 40
1.2500000000000804
100
AcDbArc
 50
31.208864030010822
 51
91.20886403000726
  0
ARC
  5
410
330
17
100
AcDbEntity
  8
0
  6
Continuous
 62
7
370
25
100
AcDbCircle
 10
467.849010299003
 20
545.9049937445585
 30
0.0
 40
1.2500000000000804
100
AcDbArc
 50
91.20886403000726
 51
151.2088640300023
  0
ARC
  5
411
330
17
100
AcDbEntity
  8
0
  6
Continuous
 62
7
370
25
100
AcDbCircle
 10
467.849010299003
 20
545.9049937445585
 30
0.0
 40
1.2500000000000542
100
AcDbArc
 50
-28.791135969991203
 51
31.208864030010822
  0
ARC
  5
412
330
17
100
AcDbEntity
  8
0
  6
Continuous
 62
7
370
25
100
AcDbCircle
 10
467.849010299003
 20
545.9049937445585
 30
0.0
 40
1.2499999999999805
100
AcDbArc
 50
-148.79113596999403
 51
-88.7911359699918
  0
ARC
  5
413
330
17
100
AcDbEntity
  8
0
  6
Continuous
 62
7
370
25
100
AcDbCircle
 10
467.849010299003
 20
545.9049937445585
 30
0.0
 40
1.25
100
AcDbArc
 50
-88.7911359699918
 51
-28.791135969991203
  0
ARC
  5
414
330
17
100
AcDbEntity
  8
0
  6
Continuous
 62
7
370
25
100
AcDbCircle
 10
467.849010299003
 20
545.9049937445585
 30
0.0
 40
1.2500000000000686
100
AcDbArc
 50
151.2088640300023
 51
-148.79113596999403
  0
LINE
  5
415
330
17
100
AcDbEntity
  8
0
  6
Continuous
 62
7
370
25
100
AcDbLine
 10
469.292064722136
 20
637.9354447742265
 30
0.0
 11
468.596908875833
 21
636.6704974699155
 31
0.0
  0
LINE
  5
416
330
17
100
AcDbEntity
  8
0
  6
Continuous
 62
7
370
25
100
AcDbLine
 10
468.5441661453055
 20
639.1699410488698
 30
0.0
 11
469.292064722136
 21
637.9354447742265
 31
0.0
  0
LINE
  5
417
330
17
100
AcDbEntity
  8
0
  6
Continuous
 62
7
370
25
100
AcDbLine
 10
467.10111172217205
 20
639.1394900192017
 30
0.0
 11
468.5441661453055
 21
639.1699410488698
 31
0.0
  0
LINE
  5
418
330
17
100
AcDbEntity
  8
0
  6
Continuous
 62
7
370
25
100
AcDbLine
 10
466.4059558758687
 20
637.8745427148907
 30
0.0
 11
467.10111172217205
 21
639.1394900192017
 31
0.0
  0
LINE
  5
419
330
17
100
AcDbEntity
  8
0
  6
Continuous
 62
7
370
25
100
AcDbLine
 10
467.15385445269953
 20
636.6400464402475
 30
0.0
 11
466.4059558758687
 21
637.8745427148907
 31
0.0
  0
LINE
  5
41A
330
17
100
AcDbEntity
  8
0
  6
Continuous
 62
7
370
25
100
AcDbLine
 10
468.596908875833
 20
636.6704974699155
 30
0.0
 11
467.15385445269953
 21
636.6400464402475
 31
0.0
  0
CIRCLE
  5
41B
330
17
100
AcDbEntity
  8
0
  6
Continuous
 62
7
370
25
100
AcDbCircle
 10
467.8490102990025
 20
637.9049937445587
 30
0.0
 40
2.650000000000055
  0
CIRCLE
  5
41C
330
17
100
AcDbEntity
  8
0
  6
Continuous
 62
7
370
25
100
AcDbCircle
 10
467.8490102990025
 20
637.9049937445587
 30
0.0
 40
2.7499999999999822
  0
ARC
  5
41D
330
17
100
AcDbEntity
  8
0
  6
Continuous
 62
7
370
25
100
AcDbCircle
 10
467.8490102990025
 20
637.9049937445587
 30
0.0
 40
1.250000000000028
100
AcDbArc
 50
91.20886403000732
 51
151.2088640300124
  0
ARC
  5
41E
330
17
100
AcDbEntity
  8
0
  6
Continuous
 62
7
370
25
100
AcDbCircle
 10
467.8490102990025
 20
637.9049937445587
 30
0.0
 40
1.2500000000000093
100
AcDbArc
 50
31.208864030004143
 51
91.20886403000732
  0
ARC
  5
41F
330
17
100
AcDbEntity
  8
0
  6
Continuous
 62
7
370
25
100
AcDbCircle
 10
467.8490102990025
 20
637.9049937445587
 30
0.0
 40
1.2500000000000782
100
AcDbArc
 50
151.2088640300124
 51
-148.7911359699928
  0
ARC
  5
420
330
17
100
AcDbEntity
  8
0
  6
Continuous
 62
7
370
25
100
AcDbCircle
 10
467.8490102990025
 20
637.9049937445587
 30
0.0
 40
1.249999999999972
100
AcDbArc
 50
-28.791135969995732
 51
31.208864030004143
  0
ARC
  5
421
330
17
100
AcDbEntity
  8
0
  6
Continuous
 62
7
370
25
100
AcDbCircle
 10
467.8490102990025
 20
637.9049937445587
 30
0.0
 40
1.2500000000000804
100
AcDbArc
 50
-88.791135969992
 51
-28.791135969995732
  0
ARC
  5
422
330
17
100
AcDbEntity
  8
0
  6
Continuous
 62
7
370
25
100
AcDbCircle
 10
467.8490102990025
 20
637.9049937445587
 30
0.0
 40
1.2500000000000804
100
AcDbArc
 50
-148.7911359699928
 51
-88.791135969992
  0
LINE
  5
423
330
17
100
AcDbEntity
  8
0
  6
Continuous
 62
7
370
25
100
AcDbLine
 10
513.8794613286707
 20
590.4619393214252
 30
0.0
 11
512.6145140243598
 21
591.1570951677282
 31
0.0
  0
LINE
  5
424
330
17
100
AcDbEntity
  8
0
  6
Continuous
 62
7
370
25
100
AcDbLine
 10
515.113957603314
 20
591.2098378982557
 30
0.0
 11
513.8794613286707
 21
590.4619393214252
 31
0.0
  0
LINE
  5
425
330
17
100
AcDbEntity
  8
0
  6
Continuous
 62
7
370
25
100
AcDbLine
 10
515.0835065736462
 20
592.6528923213895
 30
0.0
 11
515.113957603314
 21
591.2098378982557
 31
0.0
  0
LINE
  5
426
330
17
100
AcDbEntity
  8
0
  6
Continuous
 62
7
370
25
100
AcDbLine
 10
513.818559269335
 20
593.3480481676925
 30
0.0
 11
515.0835065736462
 21
592.6528923213895
 31
0.0
  0
LINE
  5
427
330
17
100
AcDbEntity
  8
0
  6
Continuous
 62
7
370
25
100
AcDbLine
 10
512.5840629946917
 20
592.6001495908617
 30
0.0
 11
513.818559269335
 21
593.3480481676925
 31
0.0
  0
LINE
  5
428
330
17
100
AcDbEntity
  8
0
  6
Continuous
 62
7
370
25
100
AcDbLine
 10
512.6145140243598
 20
591.1570951677282
 30
0.0
 11
512.5840629946917
 21
592.6001495908617
 31
0.0
  0
CIRCLE
  5
429
330
17
100
AcDbEntity
  8
0
  6
Continuous
 62
7
370
25
100
AcDbCircle
 10
513.849010299003
 20
591.9049937445587
 30
0.0
 40
2.6499999999999853
  0
CIRCLE
  5
42A
330
17
100
AcDbEntity
  8
0
  6
Continuous
 62
7
370
25
100
AcDbCircle
 10
513.849010299003
 20
591.9049937445587
 30
0.0
 40
2.7499999999999125
  0
ARC
  5
42B
330
17
100
AcDbEntity
  8
0
  6
Continuous
 62
7
370
25
100
AcDbCircle
 10
513.849010299003
 20
591.9049937445587
 30
0.0
 40
1.2500000000000413
100
AcDbArc
 50
121.2088640300036
 51
-178.7911359699919
  0
ARC
  5
42C
330
17
100
AcDbEntity
  8
0
  6
Continuous
 62
7
370
25
100
AcDbCircle
 10
513.849010299003
 20
591.9049937445587
 30
0.0
 40
1.2500000000000966
100
AcDbArc
 50
1.208864030007318
 51
61.208864030006694
  0
ARC
  5
42D
330
17
100
AcDbEntity
  8
0
  6
Continuous
 62
7
370
25
100
AcDbCircle
 10
513.849010299003
 20
591.9049937445587
 30
0.0
 40
1.2500000000000966
100
AcDbArc
 50
61.208864030006694
 51
121.2088640300036
  0
ARC
  5
42E
330
17
100
AcDbEntity
  8
0
  6
Continuous
 62
7
370
25
100
AcDbCircle
 10
513.849010299003
 20
591.9049937445587
 30
0.0
 40
1.2500000000000175
100
AcDbArc
 50
-58.79113596999122
 51
1.208864030007318
  0
ARC
  5
42F
330
17
100
AcDbEntity
  8
0
  6
Continuous
 62
7
370
25
100
AcDbCircle
 10
513.849010299003
 20
591.9049937445587
 30
0.0
 40
1.2500000000000093
100
AcDbArc
 50
-178.7911359699919
 51
-118.79113596999285
  0
ARC
  5
430
330
17
100
AcDbEntity
  8
0
  6
Continuous
 62
7
370
25
100
AcDbCircle
 10
513.849010299003
 20
591.9049937445587
 30
0.0
 40
1.2500000000000175
100
AcDbArc
 50
-118.79113596999285
 51
-58.79113596999122
  0
LINE
  5
431
330
17
100
AcDbEntity
  8
0
  6
Continuous
 62
7
370
25
100
AcDbLine
 10
387.849010299003
 20
659.9049937445589
 30
0.0
 11
387.849010299003
 21
644.9049937445589
 31
0.0
  0
LINE
  5
432
330
17
100
AcDbEntity
  8
0
  6
Continuous
 62
7
370
25
100
AcDbLine
 10
547.849010299003
 20
659.9049937445589
 30
0.0
 11
387.849010299003
 21
659.9049937445589
 31
0.0
  0
LINE
  5
433
330
17
100
AcDbEntity
  8
0
  6
Continuous
 62
7
370
25
100
AcDbLine
 10
547.849010299003
 20
644.9049937445589
 30
0.0
 11
547.849010299003
 21
659.9049937445589
 31
0.0
  0
LINE
  5
434
330
17
100
AcDbEntity
  8
0
  6
Continuous
 62
7
370
25
100
AcDbLine
 10
547.849010299003
 20
644.9049937445589
 30
0.0
 11
533.849010299003
 21
644.9049937445589
 31
0.0
  0
LINE
  5
435
330
17
100
AcDbEntity
  8
0
  6
Continuous
 62
7
370
25
100
AcDbLine
 10
533.849010299003
 20
625.9049937445585
 30
0.0
 11
533.849010299003
 21
644.9049937445589
 31
0.0
  0
LINE
  5
436
330
17
100
AcDbEntity
  8
0
  6
Continuous
 62
7
370
25
100
AcDbLine
 10
401.849010299003
 20
625.9049937445585
 30
0.0
 11
431.18840473935626
 21
625.9049937445585
 31
0.0
  0
LINE
  5
437
330
17
100
AcDbEntity
  8
0
  6
Continuous
 62
7
370
25
100
AcDbLine
 10
504.5096158586495
 20
625.9049937445585
 30
0.0
 11
533.849010299003
 21
625.9049937445585
 31
0.0
  0
LINE
  5
438
330
17
100
AcDbEntity
  8
0
  6
Continuous
 62
7
370
25
100
AcDbLine
 10
401.849010299003
 20
644.9049937445589
 30
0.0
 11
401.849010299003
 21
625.9049937445585
 31
0.0
  0
LINE
  5
439
330
17
100
AcDbEntity
  8
0
  6
Continuous
 62
7
370
25
100
AcDbLine
 10
401.849010299003
 20
644.9049937445589
 30
0.0
 11
387.849010299003
 21
644.9049937445589
 31
0.0
  0
LINE
  5
43A
330
17
100
AcDbEntity
  8
0
  6
Continuous
 62
7
370
25
100
AcDbLine
 10
552.849010299003
 20
659.9049937445589
 30
0.0
 11
552.849010299003
 21
644.9049937445589
 31
0.0
  0
LINE
  5
43B
330
17
100
AcDbEntity
  8
0
  6
Continuous
 62
7
370
25
100
AcDbLine
 10
552.849010299003
 20
644.9049937445589
 30
0.0
 11
547.849010299003
 21
644.9049937445589
 31
0.0
  0
LINE
  5
43C
330
17
100
AcDbEntity
  8
0
  6
Continuous
 62
7
370
25
100
AcDbLine
 10
547.849010299003
 20
659.9049937445589
 30
0.0
 11
552.849010299003
 21
659.9049937445589
 31
0.0
  0
LINE
  5
43D
330
17
100
AcDbEntity
  8
0
  6
Continuous
 62
7
370
25
100
AcDbLine
 10
382.849010299003
 20
644.9049937445589
 30
0.0
 11
382.849010299003
 21
659.9049937445589
 31
0.0
  0
LINE
  5
43E
330
17
100
AcDbEntity
  8
0
  6
Continuous
 62
7
370
25
100
AcDbLine
 10
387.849010299003
 20
644.9049937445589
 30
0.0
 11
382.849010299003
 21
644.9049937445589
 31
0.0
  0
LINE
  5
43F
330
17
100
AcDbEntity
  8
0
  6
Continuous
 62
7
370
25
100
AcDbLine
 10
382.849010299003
 20
659.9049937445589
 30
0.0
 11
387.849010299003
 21
659.9049937445589
 31
0.0
  0
LINE
  5
440
330
17
100
AcDbEntity
  8
0
  6
Continuous
 62
7
370
25
100
AcDbLine
 10
400.8490102990027
 20
625.9049937445585
 30
0.0
 11
401.849010299003
 21
625.9049937445585
 31
0.0
  0
LINE
  5
441
330
17
100
AcDbEntity
  8
0
  6
Continuous
 62
7
370
25
100
AcDbLine
 10
400.8490102990027
 20
625.9049937445585
 30
0.0
 11
400.8490102990027
 21
644.9049937445589
 31
0.0
  0
LINE
  5
442
330
17
100
AcDbEntity
  8
0
  6
Continuous
 62
7
370
25
100
AcDbLine
 10
534.849010299003
 20
644.9049937445589
 30
0.0
 11
534.849010299003
 21
625.9049937445585
 31
0.0
  0
LINE
  5
443
330
17
100
AcDbEntity
  8
0
  6
Continuous
 62
7
370
25
100
AcDbLine
 10
534.849010299003
 20
625.9049937445585
 30
0.0
 11
533.849010299003
 21
625.9049937445585
 31
0.0
  0
LINE
  5
444
330
17
100
AcDbEntity
  8
0
  6
Continuous
 62
7
370
25
100
AcDbLine
 10
401.849010299003
 20
624.9049937445585
 30
0.0
 11
401.849010299003
 21
625.9049937445585
 31
0.0
  0
LINE
  5
445
330
17
100
AcDbEntity
  8
0
  6
Continuous
 62
7
370
25
100
AcDbLine
 10
400.8490102990027
 20
625.9049937445585
 30
0.0
 11
401.849010299003
 21
624.9049937445585
 31
0.0
  0
LINE
  5
446
330
17
100
AcDbEntity
  8
0
  6
Continuous
 62
7
370
25
100
AcDbLine
 10
533.849010299003
 20
624.9049937445585
 30
0.0
 11
533.849010299003
 21
625.9049937445585
 31
0.0
  0
LINE
  5
447
330
17
100
AcDbEntity
  8
0
  6
Continuous
 62
7
370
25
100
AcDbLine
 10
533.849010299003
 20
624.9049937445585
 30
0.0
 11
534.849010299003
 21
625.9049937445585
 31
0.0
  0
LINE
  5
448
330
17
100
AcDbEntity
  8
0
  6
Continuous
 62
7
370
25
100
AcDbLine
 10
533.849010299003
 20
624.9049937445585
 30
0.0
 11
505.41229024098874
 21
624.9049937445585
 31
0.0
  0
LINE
  5
449
330
17
100
AcDbEntity
  8
0
  6
Continuous
 62
7
370
25
100
AcDbLine
 10
430.285730357017
 20
624.9049937445585
 30
0.0
 11
401.849010299003
 21
624.9049937445585
 31
0.0
  0
CIRCLE
  5
44A
330
17
100
AcDbEntity
  8
0
  6
Continuous
 62
7
370
25
100
AcDbCircle
 10
467.849010299003
 20
591.9049937445585
 30
0.0
 40
5.999999999999975
  0
CIRCLE
  5
44B
330
17
100
AcDbEntity
  8
0
  6
Continuous
 62
7
370
25
100
AcDbCircle
 10
467.849010299003
 20
591.9049937445585
 30
0.0
 40
8.999999999999998
  0
CIRCLE
  5
44C
330
17
100
AcDbEntity
  8
0
  6
Continuous
 62
7
370
25
100
AcDbCircle
 10
467.849010299003
 20
591.9049937445585
 30
0.0
 40
3.0000000000000226
  0
LINE
  5
44D
330
17
100
AcDbEntity
  8
0
  6
Continuous
 62
7
370
25
100
AcDbLine
 10
471.791519127152
 20
601.5204305073878
 30
0.0
 11
466.6422856675683
 21
600.8237277165913
 31
0.0
  0
LINE
  5
44E
330
17
100
AcDbEntity
  8
0
  6
Continuous
 62
7
370
25
100
AcDbLine
 10
474.96949817266125
 20
597.4094149167697
 30
0.0
 11
471.791519127152
 21
601.5204305073878
 31
0.0
  0
LINE
  5
44F
330
17
100
AcDbEntity
  8
0
  6
Continuous
 62
7
370
25
100
AcDbLine
 10
461.49305220798476
 20
600.1270249257948
 30
0.0
 11
459.52179779391
 21
595.3193065443803
 31
0.0
  0
LINE
  5
450
330
17
100
AcDbEntity
  8
0
  6
Continuous
 62
7
370
25
100
AcDbLine
 10
466.6422856675683
 20
600.8237277165913
 30
0.0
 11
461.49305220798476
 21
600.1270249257948
 31
0.0
  0
LINE
  5
451
330
17
100
AcDbEntity
  8
0
  6
Continuous
 62
7
370
25
100
AcDbLine
 10
457.5505433798355
 20
590.5115881629658
 30
0.0
 11
460.7285224253445
 21
586.4005725723475
 31
0.0
  0
LINE
  5
452
330
17
100
AcDbEntity
  8
0
  6
Continuous
 62
7
370
25
100
AcDbLine
 10
459.52179779391
 20
595.3193065443803
 30
0.0
 11
457.5505433798355
 21
590.5115881629658
 31
0.0
  0
LINE
  5
453
330
17
100
AcDbEntity
  8
0
  6
Continuous
 62
7
370
25
100
AcDbLine
 10
476.1762228040958
 20
588.490680944737
 30
0.0
 11
478.14747721817025
 21
593.2983993261515
 31
0.0
  0
LINE
  5
454
330
17
100
AcDbEntity
  8
0
  6
Continuous
 62
7
370
25
100
AcDbLine
 10
478.14747721817025
 20
593.2983993261515
 30
0.0
 11
474.96949817266125
 21
597.4094149167697
 31
0.0
  0
LINE
  5
455
330
17
100
AcDbEntity
  8
0
  6
Continuous
 62
7
370
25
100
AcDbLine
 10
463.90650147085375
 20
582.2895569817296
 30
0.0
 11
469.05573493043744
 21
582.986259772526
 31
0.0
  0
LINE
  5
456
330
17
100
AcDbEntity
  8
0
  6
Continuous
 62
7
370
25
100
AcDbLine
 10
460.7285224253445
 20
586.4005725723475
 30
0.0
 11
463.90650147085375
 21
582.2895569817296
 31
0.0
  0
LINE
  5
457
330
17
100
AcDbEntity
  8
0
  6
Continuous
 62
7
370
25
100
AcDbLine
 10
469.05573493043744
 20
582.986259772526
 30
0.0
 11
474.20496839002124
 21
583.6829625633225
 31
0.0
  0
LINE
  5
458
330
17
100
AcDbEntity
  8
0
  6
Continuous
 62
7
370
25
100
AcDbLine
 10
474.20496839002124
 20
583.6829625633225
 30
0.0
 11
476.1762228040958
 21
588.490680944737
 31
0.0
  0
CIRCLE
  5
459
330
17
100
AcDbEntity
  8
0
  6
Continuous
 62
7
370
25
100
AcDbCircle
 10
513.8490102990028
 20
591.9049937445585
 30
0.0
 40
3.2499999999999574
  0
CIRCLE
  5
45A
330
17
100
AcDbEntity
  8
0
  6
Continuous
 62
7
370
25
100
AcDbCircle
 10
467.8490102990032
 20
545.9049937445585
 30
0.0
 40
3.2500000000000275
  0
CIRCLE
  5
45B
330
17
100
AcDbEntity
  8
0
  6
Continuous
 62
7
370
25
100
AcDbCircle
 10
421.849010299003
 20
591.9049937445585
 30
0.0
 40
3.2500000000000275
  0
CIRCLE
  5
45C
330
17
100
AcDbEntity
  8
0
  6
Continuous
 62
7
370
25
100
AcDbCircle
 10
467.8490102990025
 20
637.9049937445585
 30
0.0
 40
3.2500000000001
  0
CIRCLE
  5
45D
330
17
100
AcDbEntity
  8
0
  6
Continuous
 62
7
370
25
100
AcDbCircle
 10
467.849010299003
 20
591.9049937445585
 30
0.0
 40
49.90000000000003
  0
CIRCLE
  5
45E
330
17
100
AcDbEntity
  8
0
  6
Continuous
 62
7
370
25
100
AcDbCircle
 10
467.849010299003
 20
591.9049937445585
 30
0.0
 40
12.500000000000071
  0
CIRCLE
  5
45F
330
17
100
AcDbEntity
  8
0
  6
Continuous
 62
7
370
25
100
AcDbCircle
 10
467.849010299003
 20
591.9049937445585
 30
0.0
 40
50.0
  0
DIMENSION
  5
460
330
17
100
AcDbEntity
  8
0
  6
Continuous
 62
7
370
18
100
AcDbDimension
280
0
  2
_D_8
  3
SLDDIMSTYLE0
 10
552.8490102990035
 20
675.408659922711
 30
0.0
 11
471.0135045828835
 21
675.4086599227118
 31
0.0
 70
160
 71
2
 42
-1.0
 73
0
 74
0
 75
0
  1
<>
100
AcDbAlignedDimension
 13
382.8490102990032
 23
659.904993744559
 33
0.0
 14
552.8490102990035
 24
659.9049937445579
 34
0.0
 50
-3.8319999999999997e-13
100
AcDbRotatedDimension
  0
ENDSEC
  0
SECTION
  2
OBJECTS
  0
DICTIONARY
  5
A
330
0
100
AcDbDictionary
281
1
  3
ACAD_COLOR
350
B
  3
ACAD_GROUP
350
C
  3
ACAD_LAYOUT
350
D
  3
ACAD_MATERIAL
350
E
  3
ACAD_MLEADERSTYLE
350
F
  3
ACAD_MLINESTYLE
350
10
  3
ACAD_PLOTSETTINGS
350
11
  3
ACAD_PLOTSTYLENAME
350
12
  3
ACAD_SCALELIST
350
14
  3
ACAD_TABLESTYLE
350
15
  3
ACAD_VISUALSTYLE
350
16
  3
EZDXF_META
350
2D
  0
DICTIONARY
  5
B
330
A
100
AcDbDictionary
281
1
  0
DICTIONARY
  5
C
330
A
100
AcDbDictionary
281
1
  0
DICTIONARY
  5
D
330
A
100
AcDbDictionary
281
1
  3
Model
350
1A
  3
Layout1
350
1E
  0
DICTIONARY
  5
E
330
A
100
AcDbDictionary
281
1
  3
ByBlock
350
1F
  3
ByLayer
350
20
  3
Global
350
21
  0
DICTIONARY
  5
F
330
A
100
AcDbDictionary
281
1
  3
Standard
350
2C
  0
DICTIONARY
  5
10
330
A
100
AcDbDictionary
281
1
  3
Standard
350
22
  0
DICTIONARY
  5
11
330
A
100
AcDbDictionary
281
1
  0
ACDBDICTIONARYWDFLT
  5
12
330
A
100
AcDbDictionary
281
1
  3
Normal
350
13
100
AcDbDictionaryWithDefault
340
13
  0
ACDBPLACEHOLDER
  5
13
330
12
  0
DICTIONARY
  5
14
330
A
100
AcDbDictionary
281
1
  0
DICTIONARY
  5
15
330
A
100
AcDbDictionary
281
1
  0
DICTIONARY
  5
16
330
A
100
AcDbDictionary
281
1
  0
LAYOUT
  5
1A
330
D
100
AcDbPlotSettings
  1

  4
A3
  6

 40
7.5
 41
20.0
 42
7.5
 43
20.0
 44
420.0
 45
297.0
 46
0.0
 47
0.0
 48
0.0
 49
0.0
140
0.0
141
0.0
142
1.0
143
1.0
 70
1024
 72
1
 73
0
 74
5
  7

 75
16
 76
0
 77
2
 78
300
147
1.0
148
0.0
149
0.0
100
AcDbLayout
  1
Model
 70
1
 71
0
 10
0.0
 20
0.0
 11
420.0
 21
297.0
 12
0.0
 22
0.0
 32
0.0
 14
1e+20
 24
1e+20
 34
1e+20
 15
-1e+20
 25
-1e+20
 35
-1e+20
146
0.0
 13
0.0
 23
0.0
 33
0.0
 16
1.0
 26
0.0
 36
0.0
 17
0.0
 27
1.0
 37
0.0
 76
1
330
17
  0
LAYOUT
  5
1E
330
D
100
AcDbPlotSettings
  1

  4
A3
  6

 40
7.5
 41
20.0
 42
7.5
 43
20.0
 44
420.0
 45
297.0
 46
0.0
 47
0.0
 48
0.0
 49
0.0
140
0.0
141
0.0
142
1.0
143
1.0
 70
0
 72
1
 73
0
 74
5
  7

 75
16
 76
0
 77
2
 78
300
147
1.0
148
0.0
149
0.0
100
AcDbLayout
  1
Layout1
 70
1
 71
1
 10
0.0
 20
0.0
 11
420.0
 21
297.0
 12
0.0
 22
0.0
 32
0.0
 14
1e+20
 24
1e+20
 34
1e+20
 15
-1e+20
 25
-1e+20
 35
-1e+20
146
0.0
 13
0.0
 23
0.0
 33
0.0
 16
1.0
 26
0.0
 36
0.0
 17
0.0
 27
1.0
 37
0.0
 76
1
330
1B
  0
MATERIAL
  5
1F
102
{ACAD_REACTORS
330
E
102
}
330
E
100
AcDbMaterial
  1
ByBlock
  2

 70
0
 40
1.0
 71
1
 41
1.0
 91
-1023410177
 42
1.0
 72
1
  3

 73
1
 74
1
 75
1
 44
0.5
 73
0
 45
1.0
 46
1.0
 77
1
  4

 78
1
 79
1
170
1
 48
1.0
171
1
  6

172
1
173
1
174
1
140
1.0
141
1.0
175
1
  7

176
1
177
1
178
1
143
1.0
179
1
  8

270
1
271
1
272
1
145
1.0
146
1.0
273
1
  9

274
1
275
1
276
1
 42
1.0
 72
1
  3

 73
1
 74
1
 75
1
 94
63
  0
MATERIAL
  5
20
102
{ACAD_REACTORS
330
E
102
}
330
E
100
AcDbMaterial
  1
ByLayer
  2

 70
0
 40
1.0
 71
1
 41
1.0
 91
-1023410177
 42
1.0
 72
1
  3

 73
1
 74
1
 75
1
 44
0.5
 73
0
 45
1.0
 46
1.0
 77
1
  4

 78
1
 79
1
170
1
 48
1.0
171
1
  6

172
1
173
1
174
1
140
1.0
141
1.0
175
1
  7

176
1
177
1
178
1
143
1.0
179
1
  8

270
1
271
1
272
1
145
1.0
146
1.0
273
1
  9

274
1
275
1
276
1
 42
1.0
 72
1
  3

 73
1
 74
1
 75
1
 94
63
  0
MATERIAL
  5
21
102
{ACAD_REACTORS
330
E
102
}
330
E
100
AcDbMaterial
  1
Global
  2

 70
0
 40
1.0
 71
1
 41
1.0
 91
-1023410177
 42
1.0
 72
1
  3

 73
1
 74
1
 75
1
 44
0.5
 73
0
 45
1.0
 46
1.0
 77
1
  4

 78
1
 79
1
170
1
 48
1.0
171
1
  6

172
1
173
1
174
1
140
1.0
141
1.0
175
1
  7

176
1
177
1
178
1
143
1.0
179
1
  8

270
1
271
1
272
1
145
1.0
146
1.0
273
1
  9

274
1
275
1
276
1
 42
1.0
 72
1
  3

 73
1
 74
1
 75
1
 94
63
  0
MLINESTYLE
  5
22
102
{ACAD_REACTORS
330
10
102
}
330
10
100
AcDbMlineStyle
  2
Standard
 70
0
  3

 62
256
 51
90.0
 52
90.0
 71
2
 49
0.5
 62
256
  6
BYLAYER
 49
-0.5
 62
256
  6
BYLAYER
  0
MLEADERSTYLE
  5
2C
102
{ACAD_REACTORS
330
F
102
}
330
F
100
AcDbMLeaderStyle
179
2
170
2
171
1
172
0
 90
2
 40
0.0
 41
0.0
173
1
 91
-1056964608
 92
-2
290
1
 42
2.0
291
1
 43
8.0
  3
Standard
 44
4.0
300

342
29
174
1
175
1
176
0
178
1
 93
-1056964608
 45
4.0
292
0
297
0
 46
4.0
 94
-1056964608
 47
1.0
 49
1.0
140
1.0
294
1
141
0.0
177
0
142
1.0
295
0
296
0
143
3.75
271
0
272
9
273
9
  0
DICTIONARY
  5
2D
330
A
100
AcDbDictionary
280
1
281
1
  3
CREATED_BY_EZDXF
350
2E
  3
AUTHOR
350
4B4
  3
TITLE
350
4B5
  3
WRITTEN_BY_EZDXF
350
4B8
  0
DICTIONARYVAR
  5
2E
330
2D
100
DictionaryVariables
280
0
  1
1.4.4 @ 2026-09-17T01:59:54.661638+00:00
  0
DICTIONARYVAR
  5
4B4
330
2D
100
DictionaryVariables
280
0
  1
WATERBEE
  0
DICTIONARYVAR
  5
4B5
330
2D
100
DictionaryVariables
280
0
  1
WBFC10 outline and mounting dimensions
  0
DICTIONARYVAR
  5
4B8
330
2D
100
DictionaryVariables
280
0
  1
1.4.4 @ 2026-09-17T01:59:54.704648+00:00
  0
ENDSEC
  0
EOF
