  0
SECTION
  2
HEADER
  9
$ACADVER
  1
AC1032
  9
$ACADMAINTVER
 90
4
  9
$DWGCODEPAGE
  3
ANSI_1252
  9
$REQUIREDVERSIONS
160
0
  9
$INSBASE
 10
0.0
 20
0.0
 30
0.0
  9
$EXTMIN
 10
1e+20
 20
1e+20
 30
1e+20
  9
$EXTMAX
 10
-1e+20
 20
-1e+20
 30
-1e+20
  9
$LIMMIN
 10
0.0
 20
0.0
  9
$LIMMAX
 10
420.0
 20
297.0
  9
$ORTHOMODE
 70
0
  9
$REGENMODE
 70
1
  9
$FILLMODE
 70
1
  9
$QTEXTMODE
 70
0
  9
$MIRRTEXT
 70
1
  9
$LTSCALE
 40
1.0
  9
$ATTMODE
 70
1
  9
$TEXTSIZE
 40
2.5
  9
$TRACEWID
 40
1.0
  9
$TEXTSTYLE
  7
Standard
  9
$CLAYER
  8
0
  9
$CELTYPE
  6
ByLayer
  9
$CECOLOR
 62
256
  9
$CELTSCALE
 40
1.0
  9
$DISPSILH
 70
0
  9
$DIMSCALE
 40
1.0
  9
$DIMASZ
 40
2.5
  9
$DIMEXO
 40
0.625
  9
$DIMDLI
 40
3.75
  9
$DIMRND
 40
0.0
  9
$DIMDLE
 40
0.0
  9
$DIMEXE
 40
1.25
  9
$DIMTP
 40
0.0
  9
$DIMTM
 40
0.0
  9
$DIMTXT
 40
2.5
  9
$DIMCEN
 40
2.5
  9
$DIMTSZ
 40
0.0
  9
$DIMTOL
 70
0
  9
$DIMLIM
 70
0
  9
$DIMTIH
 70
0
  9
$DIMTOH
 70
0
  9
$DIMSE1
 70
0
  9
$DIMSE2
 70
0
  9
$DIMTAD
 70
1
  9
$DIMZIN
 70
8
  9
$DIMBLK
  1

  9
$DIMASO
 70
1
  9
$DIMSHO
 70
1
  9
$DIMPOST
  1

  9
$DIMAPOST
  1

  9
$DIMALT
 70
0
  9
$DIMALTD
 70
3
  9
$DIMALTF
 40
0.03937007874
  9
$DIMLFAC
 40
1.0
  9
$DIMTOFL
 70
1
  9
$DIMTVP
 40
0.0
  9
$DIMTIX
 70
0
  9
$DIMSOXD
 70
0
  9
$DIMSAH
 70
0
  9
$DIMBLK1
  1

  9
$DIMBLK2
  1

  9
$DIMSTYLE
  2
ISO-25
  9
$DIMCLRD
 70
0
  9
$DIMCLRE
 70
0
  9
$DIMCLRT
 70
0
  9
$DIMTFAC
 40
1.0
  9
$DIMGAP
 40
0.625
  9
$DIMJUST
 70
0
  9
$DIMSD1
 70
0
  9
$DIMSD2
 70
0
  9
$DIMTOLJ
 70
0
  9
$DIMTZIN
 70
8
  9
$DIMALTZ
 70
0
  9
$DIMALTTZ
 70
0
  9
$DIMUPT
 70
0
  9
$DIMDEC
 70
2
  9
$DIMTDEC
 70
2
  9
$DIMALTU
 70
2
  9
$DIMALTTD
 70
3
  9
$DIMTXSTY
  7
Standard
  9
$DIMAUNIT
 70
0
  9
$DIMADEC
 70
0
  9
$DIMALTRND
 40
0.0
  9
$DIMAZIN
 70
0
  9
$DIMDSEP
 70
44
  9
$DIMATFIT
 70
3
  9
$DIMFRAC
 70
0
  9
$DIMLDRBLK
  1

  9
$DIMLUNIT
 70
2
  9
$DIMLWD
 70
-2
  9
$DIMLWE
 70
-2
  9
$DIMTMOVE
 70
0
  9
$DIMFXL
 40
1.0
  9
$DIMFXLON
 70
0
  9
$DIMJOGANG
 40
0.785398163397
  9
$DIMTFILL
 70
0
  9
$DIMTFILLCLR
 70
0
  9
$DIMARCSYM
 70
0
  9
$DIMLTYPE
  6

  9
$DIMLTEX1
  6

  9
$DIMLTEX2
  6

  9
$DIMTXTDIRECTION
 70
0
  9
$LUNITS
 70
2
  9
$LUPREC
 70
4
  9
$SKETCHINC
 40
1.0
  9
$FILLETRAD
 40
10.0
  9
$AUNITS
 70
0
  9
$AUPREC
 70
2
  9
$MENU
  1
.
  9
$ELEVATION
 40
0.0
  9
$PELEVATION
 40
0.0
  9
$THICKNESS
 40
0.0
  9
$LIMCHECK
 70
0
  9
$CHAMFERA
 40
0.0
  9
$CHAMFERB
 40
0.0
  9
$CHAMFERC
 40
0.0
  9
$CHAMFERD
 40
0.0
  9
$SKPOLY
 70
0
  9
$TDCREATE
 40
2461301.458263889
  9
$TDUCREATE
 40
2458532.153996898
  9
$TDUPDATE
 40
2461301.458263889
  9
$TDUUPDATE
 40
2458532.1544311
  9
$TDINDWG
 40
0.0
  9
$TDUSRTIMER
 40
0.0
  9
$USRTIMER
 70
1
  9
$ANGBASE
 50
0.0
  9
$ANGDIR
 70
0
  9
$PDMODE
 70
0
  9
$PDSIZE
 40
0.0
  9
$PLINEWID
 40
0.0
  9
$SPLFRAME
 70
0
  9
$SPLINETYPE
 70
6
  9
$SPLINESEGS
 70
8
  9
$HANDSEED
  5
5FC
  9
$SURFTAB1
 70
6
  9
$SURFTAB2
 70
6
  9
$SURFTYPE
 70
6
  9
$SURFU
 70
6
  9
$SURFV
 70
6
  9
$UCSBASE
  2

  9
$UCSNAME
  2

  9
$UCSORG
 10
0.0
 20
0.0
 30
0.0
  9
$UCSXDIR
 10
1.0
 20
0.0
 30
0.0
  9
$UCSYDIR
 10
0.0
 20
1.0
 30
0.0
  9
$UCSORTHOREF
  2

  9
$UCSORTHOVIEW
 70
0
  9
$UCSORGTOP
 10
0.0
 20
0.0
 30
0.0
  9
$UCSORGBOTTOM
 10
0.0
 20
0.0
 30
0.0
  9
$UCSORGLEFT
 10
0.0
 20
0.0
 30
0.0
  9
$UCSORGRIGHT
 10
0.0
 20
0.0
 30
0.0
  9
$UCSORGFRONT
 10
0.0
 20
0.0
 30
0.0
  9
$UCSORGBACK
 10
0.0
 20
0.0
 30
0.0
  9
$PUCSBASE
  2

  9
$PUCSNAME
  2

  9
$PUCSORG
 10
0.0
 20
0.0
 30
0.0
  9
$PUCSXDIR
 10
1.0
 20
0.0
 30
0.0
  9
$PUCSYDIR
 10
0.0
 20
1.0
 30
0.0
  9
$PUCSORTHOREF
  2

  9
$PUCSORTHOVIEW
 70
0
  9
$PUCSORGTOP
 10
0.0
 20
0.0
 30
0.0
  9
$PUCSORGBOTTOM
 10
0.0
 20
0.0
 30
0.0
  9
$PUCSORGLEFT
 10
0.0
 20
0.0
 30
0.0
  9
$PUCSORGRIGHT
 10
0.0
 20
0.0
 30
0.0
  9
$PUCSORGFRONT
 10
0.0
 20
0.0
 30
0.0
  9
$PUCSORGBACK
 10
0.0
 20
0.0
 30
0.0
  9
$USERI1
 70
0
  9
$USERI2
 70
0
  9
$USERI3
 70
0
  9
$USERI4
 70
0
  9
$USERI5
 70
0
  9
$USERR1
 40
0.0
  9
$USERR2
 40
0.0
  9
$USERR3
 40
0.0
  9
$USERR4
 40
0.0
  9
$USERR5
 40
0.0
  9
$WORLDVIEW
 70
1
  9
$SHADEDGE
 70
3
  9
$SHADEDIF
 70
70
  9
$TILEMODE
 70
1
  9
$MAXACTVP
 70
64
  9
$PINSBASE
 10
0.0
 20
0.0
 30
0.0
  9
$PLIMCHECK
 70
0
  9
$PEXTMIN
 10
1e+20
 20
1e+20
 30
1e+20
  9
$PEXTMAX
 10
-1e+20
 20
-1e+20
 30
-1e+20
  9
$PLIMMIN
 10
0.0
 20
0.0
  9
$PLIMMAX
 10
420.0
 20
297.0
  9
$UNITMODE
 70
0
  9
$VISRETAIN
 70
1
  9
$PLINEGEN
 70
0
  9
$PSLTSCALE
 70
1
  9
$TREEDEPTH
 70
3020
  9
$CMLSTYLE
  2
Standard
  9
$CMLJUST
 70
0
  9
$CMLSCALE
 40
20.0
  9
$PROXYGRAPHICS
 70
1
  9
$MEASUREMENT
 70
1
  9
$CELWEIGHT
370
-1
  9
$ENDCAPS
280
0
  9
$JOINSTYLE
280
0
  9
$LWDISPLAY
290
0
  9
$INSUNITS
 70
4
  9
$HYPERLINKBASE
  1

  9
$STYLESHEET
  1

  9
$XEDIT
290
1
  9
$CEPSNTYPE
380
0
  9
$PSTYLEMODE
290
1
  9
$VERSIONGUID
  2
{2633E93C-45FA-4438-BD4A-93A289348E51}
  9
$EXTNAMES
290
1
  9
$PSVPSCALE
 40
0.0
  9
$OLESTARTUP
290
0
  9
$SORTENTS
280
127
  9
$INDEXCTL
280
0
  9
$HIDETEXT
280
1
  9
$XCLIPFRAME
280
1
  9
$HALOGAP
280
0
  9
$OBSCOLOR
 70
257
  9
$OBSLTYPE
280
0
  9
$INTERSECTIONDISPLAY
280
0
  9
$INTERSECTIONCOLOR
 70
257
  9
$DIMASSOC
280
2
  9
$CAMERADISPLAY
290
0
  9
$LENSLENGTH
 40
50.0
  9
$CAMERAHEIGHT
 40
0.0
  9
$STEPSPERSEC
 40
24.0
  9
$STEPSIZE
 40
100.0
  9
$3DDWFPREC
 40
2.0
  9
$PSOLWIDTH
 40
0.005
  9
$PSOLHEIGHT
 40
0.08
  9
$LOFTANG1
 40
1.570796326795
  9
$LOFTANG2
 40
1.570796326795
  9
$LOFTMAG1
 40
0.0
  9
$LOFTMAG2
 40
0.0
  9
$LOFTPARAM
 70
7
  9
$LOFTNORMALS
280
1
  9
$LATITUDE
 40
37.795
  9
$LONGITUDE
 40
-122.394
  9
$NORTHDIRECTION
 40
0.0
  9
$TIMEZONE
 70
-8000
  9
$LIGHTGLYPHDISPLAY
280
1
  9
$TILEMODELIGHTSYNCH
280
1
  9
$CMATERIAL
347
20
  9
$SOLIDHIST
280
0
  9
$SHOWHIST
280
1
  9
$DWFFRAME
280
2
  9
$DGNFRAME
280
2
  9
$REALWORLDSCALE
290
1
  9
$INTERFERECOLOR
 62
256
  9
$CSHADOW
280
0
  9
$SHADOWPLANELOCATION
 40
0.0
  0
ENDSEC
  0
SECTION
  2
CLASSES
  0
CLASS
  1
ACDBDICTIONARYWDFLT
  2
AcDbDictionaryWithDefault
  3
ObjectDBX Classes
 90
0
 91
0
280
0
281
0
  0
CLASS
  1
SUN
  2
AcDbSun
  3
SCENEOE
 90
1153
 91
0
280
0
281
0
  0
CLASS
  1
VISUALSTYLE
  2
AcDbVisualStyle
  3
ObjectDBX Classes
 90
4095
 91
0
280
0
281
0
  0
CLASS
  1
MATERIAL
  2
AcDbMaterial
  3
ObjectDBX Classes
 90
1153
 91
0
280
0
281
0
  0
CLASS
  1
SCALE
  2
AcDbScale
  3
ObjectDBX Classes
 90
1153
 91
0
280
0
281
0
  0
CLASS
  1
TABLESTYLE
  2
AcDbTableStyle
  3
ObjectDBX Classes
 90
4095
 91
0
280
0
281
0
  0
CLASS
  1
MLEADERSTYLE
  2
AcDbMLeaderStyle
  3
ACDB_MLEADERSTYLE_CLASS
 90
4095
 91
0
280
0
281
0
  0
CLASS
  1
DICTIONARYVAR
  2
AcDbDictionaryVar
  3
ObjectDBX Classes
 90
0
 91
0
280
0
281
0
  0
CLASS
  1
CELLSTYLEMAP
  2
AcDbCellStyleMap
  3
ObjectDBX Classes
 90
1152
 91
0
280
0
281
0
  0
CLASS
  1
MENTALRAYRENDERSETTINGS
  2
AcDbMentalRayRenderSettings
  3
SCENEOE
 90
1024
 91
0
280
0
281
0
  0
CLASS
  1
ACDBDETAILVIEWSTYLE
  2
AcDbDetailViewStyle
  3
ObjectDBX Classes
 90
1025
 91
0
280
0
281
0
  0
CLASS
  1
ACDBSECTIONVIEWSTYLE
  2
AcDbSectionViewStyle
  3
ObjectDBX Classes
 90
1025
 91
0
280
0
281
0
  0
CLASS
  1
RASTERVARIABLES
  2
AcDbRasterVariables
  3
ISM
 90
0
 91
0
280
0
281
0
  0
CLASS
  1
ACDBPLACEHOLDER
  2
AcDbPlaceHolder
  3
ObjectDBX Classes
 90
0
 91
0
280
0
281
0
  0
CLASS
  1
LAYOUT
  2
AcDbLayout
  3
ObjectDBX Classes
 90
0
 91
0
280
0
281
0
  0
ENDSEC
  0
SECTION
  2
TABLES
  0
TABLE
  2
VPORT
  5
8
330
0
100
AcDbSymbolTable
 70
1
  0
VPORT
  5
23
330
8
100
AcDbSymbolTableRecord
100
AcDbViewportTableRecord
  2
*Active
 70
0
 10
0.0
 20
0.0
 11
1.0
 21
1.0
 12
0.0
 22
0.0
 13
0.0
 23
0.0
 14
0.5
 24
0.5
 15
0.5
 25
0.5
 16
0.0
 26
0.0
 36
1.0
 17
0.0
 27
0.0
 37
0.0
 40
1000.0
 41
1.34
 42
50.0
 43
0.0
 44
0.0
 50
0.0
 51
0.0
 71
0
 72
1000
 73
1
 74
3
 75
0
 76
0
 77
0
 78
0
281
0
 65
0
146
0.0
  0
ENDTAB
  0
TABLE
  2
LTYPE
  5
2
330
0
100
AcDbSymbolTable
 70
3
  0
LTYPE
  5
24
330
2
100
AcDbSymbolTableRecord
100
AcDbLinetypeTableRecord
  2
ByBlock
 70
0
  3

 72
65
 73
0
 40
0.0
  0
LTYPE
  5
25
330
2
100
AcDbSymbolTableRecord
100
AcDbLinetypeTableRecord
  2
ByLayer
 70
0
  3

 72
65
 73
0
 40
0.0
  0
LTYPE
  5
26
330
2
100
AcDbSymbolTableRecord
100
AcDbLinetypeTableRecord
  2
Continuous
 70
0
  3

 72
65
 73
0
 40
0.0
  0
ENDTAB
  0
TABLE
  2
LAYER
  5
1
330
0
100
AcDbSymbolTable
 70
2
  0
LAYER
  5
27
330
1
100
AcDbSymbolTableRecord
100
AcDbLayerTableRecord
  2
0
 70
0
 62
7
  6
Continuous
370
-3
390
13
347
21
  0
LAYER
  5
28
330
1
100
AcDbSymbolTableRecord
100
AcDbLayerTableRecord
  2
Defpoints
 70
0
 62
7
  6
Continuous
290
0
370
-3
390
13
347
21
  0
ENDTAB
  0
TABLE
  2
STYLE
  5
5
330
0
100
AcDbSymbolTable
 70
2
  0
STYLE
  5
29
330
5
100
AcDbSymbolTableRecord
100
AcDbTextStyleTableRecord
  2
Standard
 70
0
 40
0.0
 41
1.0
 50
0.0
 71
0
 42
2.5
  3
arial.ttf
  4

  0
STYLE
  5
30
330
5
100
AcDbSymbolTableRecord
100
AcDbTextStyleTableRecord
  2
SLDTEXTSTYLE1
 70
0
 40
0.0
 41
0.75
 50
0.0
 71
0
 42
3.5
  3
arial.ttf
  4

  0
ENDTAB
  0
TABLE
  2
VIEW
  5
7
330
0
100
AcDbSymbolTable
 70
0
  0
ENDTAB
  0
TABLE
  2
UCS
  5
6
330
0
100
AcDbSymbolTable
 70
0
  0
ENDTAB
  0
TABLE
  2
APPID
  5
3
330
0
100
AcDbSymbolTable
 70
3
  0
APPID
  5
2A
330
3
100
AcDbSymbolTableRecord
100
AcDbRegAppTableRecord
  2
ACAD
 70
0
  0
APPID
  5
5F9
330
3
100
AcDbSymbolTableRecord
100
AcDbRegAppTableRecord
  2
HATCHBACKGROUNDCOLOR
 70
0
  0
APPID
  5
5FA
330
3
100
AcDbSymbolTableRecord
100
AcDbRegAppTableRecord
  2
EZDXF
 70
0
  0
ENDTAB
  0
TABLE
  2
DIMSTYLE
  5
4
330
0
100
AcDbSymbolTable
 70
3
100
AcDbDimStyleTable
  0
DIMSTYLE
105
2B
330
4
100
AcDbSymbolTableRecord
100
AcDbDimStyleTableRecord
  2
Standard
 70
0
 40
1.0
 41
2.5
 42
0.625
 43
3.75
 44
1.25
 45
0.0
 46
0.0
 47
0.0
 48
0.0
 49
2.5
140
2.5
141
2.5
142
0.0
143
0.03937007874
144
1.0
145
0.0
146
1.0
147
0.625
148
0.0
 69
0
 70
0
 71
0
 72
0
 73
0
 74
0
 75
0
 76
0
 77
1
 78
8
 79
3
170
0
171
3
172
1
173
0
174
0
175
0
176
0
177
0
178
0
179
2
271
2
272
2
273
2
274
3
275
0
276
0
277
2
278
44
279
0
280
0
281
0
282
0
283
0
284
8
285
0
286
0
288
0
289
3
290
0
371
-2
372
-2
  0
DIMSTYLE
105
2F
102
{ACAD_REACTORS
330
1D8
330
1E2
330
1F5
330
200
330
2E6
330
3DE
330
3E8
330
3F2
102
}
330
4
100
AcDbSymbolTableRecord
100
AcDbDimStyleTableRecord
  2
SLDDIMSTYLE0
 70
0
 40
1.0
 41
3.302
 42
0.625
 43
3.75
 44
0.0
 45
1e-09
 46
0.0
 47
0.0
 48
0.0
 49
2.5
140
3.5
141
2.5
142
0.0
143
0.03937007874
144
1.0
145
0.0
146
1.0
147
0.875
148
0.0
 69
0
 70
0
 71
0
 72
0
 73
0
 74
0
 75
0
 76
0
 77
1
 78
4
 79
1
170
0
171
3
172
1
173
1
174
0
175
0
176
0
177
0
178
0
179
2
271
2
272
2
273
2
274
3
275
0
276
2
277
2
278
44
279
0
280
0
281
0
282
0
283
0
284
12
285
0
286
0
288
0
289
3
290
0
340
30
371
-2
372
-2
  0
DIMSTYLE
105
33
102
{ACAD_REACTORS
330
1EC
102
}
330
4
100
AcDbSymbolTableRecord
100
AcDbDimStyleTableRecord
  2
SLDDIMSTYLE1
 70
0
 40
1.0
 41
3.302
 42
0.625
 43
3.75
 44
0.0
 45
1e-09
 46
0.0
 47
0.0
 48
0.0
 49
2.5
140
3.5
141
0.0
142
0.0
143
0.03937007874
144
1.0
145
0.0
146
1.0
147
0.875
148
0.0
 69
0
 70
0
 71
0
 72
0
 73
0
 74
0
 75
0
 76
0
 77
1
 78
4
 79
1
170
0
171
3
172
1
173
1
174
0
175
0
176
0
177
0
178
0
179
2
271
2
272
2
273
2
274
3
275
0
276
2
277
2
278
44
279
0
280
0
281
0
282
0
283
0
284
12
285
0
286
0
288
0
289
3
290
0
340
30
341
34
343
34
371
-2
372
-2
  0
ENDTAB
  0
TABLE
  2
BLOCK_RECORD
  5
9
330
0
100
AcDbSymbolTable
 70
21
  0
BLOCK_RECORD
  5
17
330
9
100
AcDbSymbolTableRecord
100
AcDbBlockTableRecord
  2
*Model_Space
340
1A
 70
0
280
1
281
0
  0
BLOCK_RECORD
  5
1B
330
9
100
AcDbSymbolTableRecord
100
AcDbBlockTableRecord
  2
*Paper_Space
340
1E
 70
0
280
1
281
0
  0
BLOCK_RECORD
  5
1D9
330
9
100
AcDbSymbolTableRecord
100
AcDbBlockTableRecord
  2
*D1
340
0
 70
0
280
1
281
0
  0
BLOCK_RECORD
  5
1E3
330
9
100
AcDbSymbolTableRecord
100
AcDbBlockTableRecord
  2
*D2
340
0
 70
0
280
1
281
0
  0
BLOCK_RECORD
  5
1ED
330
9
100
AcDbSymbolTableRecord
100
AcDbBlockTableRecord
  2
*D3
340
0
 70
0
280
1
281
0
  0
BLOCK_RECORD
  5
1F6
330
9
100
AcDbSymbolTableRecord
100
AcDbBlockTableRecord
  2
*D4
340
0
 70
0
280
1
281
0
  0
BLOCK_RECORD
  5
201
330
9
100
AcDbSymbolTableRecord
100
AcDbBlockTableRecord
  2
*D5
340
0
 70
0
280
1
281
0
  0
BLOCK_RECORD
  5
2E7
330
9
100
AcDbSymbolTableRecord
100
AcDbBlockTableRecord
  2
*D6
340
0
 70
0
280
1
281
0
  0
BLOCK_RECORD
  5
3DF
330
9
100
AcDbSymbolTableRecord
100
AcDbBlockTableRecord
  2
*D7
340
0
 70
0
280
1
281
0
  0
BLOCK_RECORD
  5
3E9
330
9
100
AcDbSymbolTableRecord
100
AcDbBlockTableRecord
  2
*D8
340
0
 70
0
280
1
281
0
  0
BLOCK_RECORD
  5
3F3
330
9
100
AcDbSymbolTableRecord
100
AcDbBlockTableRecord
  2
*D9
340
0
 70
0
280
1
281
0
  0
BLOCK_RECORD
  5
31
330
9
100
AcDbSymbolTableRecord
100
AcDbBlockTableRecord
  2
_D
340
0
 70
0
280
1
281
0
  0
BLOCK_RECORD
  5
32
330
9
100
AcDbSymbolTableRecord
100
AcDbBlockTableRecord
  2
_D_1
340
0
 70
0
280
1
281
0
  0
BLOCK_RECORD
  5
34
330
9
100
AcDbSymbolTableRecord
100
AcDbBlockTableRecord
  2
_None
340
0
 70
0
280
1
281
0
  0
BLOCK_RECORD
  5
35
330
9
100
AcDbSymbolTableRecord
100
AcDbBlockTableRecord
  2
_D_2
340
0
 70
0
280
1
281
0
  0
BLOCK_RECORD
  5
36
330
9
100
AcDbSymbolTableRecord
100
AcDbBlockTableRecord
  2
_D_3
340
0
 70
0
280
1
281
0
  0
BLOCK_RECORD
  5
37
330
9
100
AcDbSymbolTableRecord
100
AcDbBlockTableRecord
  2
_D_4
340
0
 70
0
280
1
281
0
  0
BLOCK_RECORD
  5
38
330
9
100
AcDbSymbolTableRecord
100
AcDbBlockTableRecord
  2
_D_5
340
0
 70
0
280
1
281
0
  0
BLOCK_RECORD
  5
39
330
9
100
AcDbSymbolTableRecord
100
AcDbBlockTableRecord
  2
_D_6
340
0
 70
0
280
1
281
0
  0
BLOCK_RECORD
  5
3A
330
9
100
AcDbSymbolTableRecord
100
AcDbBlockTableRecord
  2
_D_7
340
0
 70
0
280
1
281
0
  0
BLOCK_RECORD
  5
3B
330
9
100
AcDbSymbolTableRecord
100
AcDbBlockTableRecord
  2
_D_8
340
0
 70
0
280
1
281
0
  0
ENDTAB
  0
ENDSEC
  0
SECTION
  2
BLOCKS
  0
BLOCK
  5
18
330
17
100
AcDbEntity
  8
0
100
AcDbBlockBegin
  2
*Model_Space
 70
0
 10
0.0
 20
0.0
 30
0.0
  3
*Model_Space
  1

  0
ENDBLK
  5
19
330
17
100
AcDbEntity
  8
0
100
AcDbBlockEnd
  0
BLOCK
  5
1C
330
1B
100
AcDbEntity
  8
0
100
AcDbBlockBegin
  2
*Paper_Space
 70
0
 10
0.0
 20
0.0
 30
0.0
  3
*Paper_Space
  1

  0
ENDBLK
  5
1D
330
1B
100
AcDbEntity
  8
0
100
AcDbBlockEnd
  0
BLOCK
  5
1DA
330
1D9
100
AcDbEntity
  8
0
100
AcDbBlockBegin
  2
*D1
 70
1
 10
0.0
 20
0.0
 30
0.0
  3
*D1
  1

  0
SOLID
  5
1DC
330
1D9
100
AcDbEntity
  8
0
  6
Continuous
 62
7
370
18
440
16777216
100
AcDbTrace
 10
224.4737067206747
 20
147.5172615037389
 30
0.0
 11
223.9657067206747
 21
144.2152615037389
 31
0.0
 12
224.9817067206747
 22
144.2152615037389
 32
0.0
 13
224.9817067206747
 23
144.2152615037389
 33
0.0
  0
SOLID
  5
1DD
330
1D9
100
AcDbEntity
  8
0
  6
Continuous
 62
7
370
18
440
16777216
100
AcDbTrace
 10
224.4737067206746
 20
119.5172615037389
 30
0.0
 11
224.9817067206746
 21
122.8192615037389
 31
0.0
 12
223.9657067206745
 22
122.8192615037389
 32
0.0
 13
223.9657067206745
 23
122.8192615037389
 33
0.0
  0
LINE
  5
1DE
330
1D9
100
AcDbEntity
  8
0
  6
Continuous
 62
7
370
0
440
16777216
100
AcDbLine
 10
209.0271723947622
 20
147.517261503739
 30
0.0
 11
225.4737067206747
 21
147.5172615037389
 31
0.0
  0
LINE
  5
1DF
330
1D9
100
AcDbEntity
  8
0
  6
Continuous
 62
7
370
0
440
16777216
100
AcDbLine
 10
209.0271723947621
 20
119.5172615037389
 30
0.0
 11
225.4737067206746
 21
119.5172615037389
 31
0.0
  0
LINE
  5
1E0
330
1D9
100
AcDbEntity
  8
0
  6
Continuous
 62
7
370
0
440
16777216
100
AcDbLine
 10
224.4737067206747
 20
147.5172615037389
 30
0.0
 11
224.4737067206746
 21
119.5172615037389
 31
0.0
  0
MTEXT
  5
1E1
330
1D9
100
AcDbEntity
  8
0
  6
Continuous
 62
7
370
18
440
16777216
100
AcDbMText
 10
219.9619698060956
 20
125.7782482046396
 30
0.0
 40
3.5
 41
0.0
 46
0.0
 71
1
  1
70.00
  7
SLDTEXTSTYLE1
 11
-3.491481338843133e-15
 21
1.0
 31
0.0
  0
ENDBLK
  5
1DB
330
1D9
100
AcDbEntity
  8
0
100
AcDbBlockEnd
  0
BLOCK
  5
1E4
330
1E3
100
AcDbEntity
  8
0
100
AcDbBlockBegin
  2
*D2
 70
1
 10
0.0
 20
0.0
 30
0.0
  3
*D2
  1

  0
SOLID
  5
1E6
330
1E3
100
AcDbEntity
  8
0
  6
Continuous
 62
7
370
18
440
16777216
100
AcDbTrace
 10
208.0271723947619
 20
71.0372615037389
 30
0.0
 11
204.7251723947619
 21
71.54526150373891
 31
0.0
 12
204.7251723947619
 22
70.52926150373892
 32
0.0
 13
204.7251723947619
 23
70.52926150373892
 33
0.0
  0
SOLID
  5
1E7
330
1E3
100
AcDbEntity
  8
0
  6
Continuous
 62
7
370
18
440
16777216
100
AcDbTrace
 10
140.0271723947619
 20
71.03726150373913
 30
0.0
 11
143.3291723947619
 21
70.52926150373912
 31
0.0
 12
143.3291723947619
 22
71.54526150373911
 32
0.0
 13
143.3291723947619
 23
71.54526150373911
 33
0.0
  0
LINE
  5
1E8
330
1E3
100
AcDbEntity
  8
0
  6
Continuous
 62
7
370
0
440
16777216
100
AcDbLine
 10
208.0271723947621
 20
118.5172615037389
 30
0.0
 11
208.0271723947619
 21
70.0372615037389
 31
0.0
  0
LINE
  5
1E9
330
1E3
100
AcDbEntity
  8
0
  6
Continuous
 62
7
370
0
440
16777216
100
AcDbLine
 10
140.0271723947621
 20
118.5172615037392
 30
0.0
 11
140.0271723947619
 21
70.03726150373913
 31
0.0
  0
LINE
  5
1EA
330
1E3
100
AcDbEntity
  8
0
  6
Continuous
 62
7
370
0
440
16777216
100
AcDbLine
 10
208.0271723947619
 20
71.0372615037389
 30
0.0
 11
140.0271723947619
 21
71.03726150373913
 31
0.0
  0
MTEXT
  5
1EB
330
1E3
100
AcDbEntity
  8
0
  6
Continuous
 62
7
370
18
440
16777216
100
AcDbMText
 10
168.3042954397518
 20
75.5489984183179
 30
0.0
 40
3.5
 41
0.0
 46
0.0
 71
1
  1
170.00
  7
SLDTEXTSTYLE1
  0
ENDBLK
  5
1E5
330
1E3
100
AcDbEntity
  8
0
100
AcDbBlockEnd
  0
BLOCK
  5
1EE
330
1ED
100
AcDbEntity
  8
0
100
AcDbBlockBegin
  2
*D3
 70
1
 10
0.0
 20
0.0
 30
0.0
  3
*D3
  1

  0
SOLID
  5
1F0
330
1ED
100
AcDbEntity
  8
0
  6
Continuous
 62
7
370
18
440
16777216
100
AcDbTrace
 10
208.8049898540673
 20
118.7394440444337
 30
0.0
 11
210.7806462007025
 21
116.045367208113
 31
0.0
 12
211.499066690388
 22
116.7637876977985
 32
0.0
 13
211.499066690388
 23
116.7637876977985
 33
0.0
  0
LINE
  5
1F1
330
1ED
100
AcDbEntity
  8
0
  6
Continuous
 62
7
370
0
440
16777216
100
AcDbLine
 10
208.8049898540673
 20
118.7394440444337
 30
0.0
 11
225.5063380635151
 21
102.0380958349856
 31
0.0
  0
LINE
  5
1F2
330
1ED
100
AcDbEntity
  8
0
  6
Continuous
 62
7
370
0
440
16777216
100
AcDbLine
 10
208.8049898540673
 20
118.7394440444337
 30
0.0
 11
207.2493549354569
 21
120.2950789630441
 31
0.0
  0
MTEXT
  5
1F3
330
1ED
100
AcDbEntity
  8
0
  6
Continuous
 62
7
370
18
440
16777216
100
AcDbMText
 10
218.5396498646799
 20
115.3368438784178
 30
0.0
 40
3.5
 41
0.0
 46
0.0
 71
1
  1
%%c
  7
SLDTEXTSTYLE1
 11
0.7071067811865561
 21
-0.7071067811865389
 31
0.0
  0
MTEXT
  5
1F4
330
1ED
100
AcDbEntity
  8
0
  6
Continuous
 62
7
370
18
440
16777216
100
AcDbMText
 10
222.3098792818599
 20
111.6422355386798
 30
0.0
 40
3.5
 41
0.0
 46
0.0
 71
1
  1
5.50
  7
SLDTEXTSTYLE1
 11
0.7071067811865561
 21
-0.7071067811865389
 31
0.0
  0
ENDBLK
  5
1EF
330
1ED
100
AcDbEntity
  8
0
100
AcDbBlockEnd
  0
BLOCK
  5
1F7
330
1F6
100
AcDbEntity
  8
0
100
AcDbBlockBegin
  2
*D4
 70
1
 10
0.0
 20
0.0
 30
0.0
  3
*D4
  1

  0
SOLID
  5
1F9
330
1F6
100
AcDbEntity
  8
0
  6
Continuous
 62
7
370
18
440
16777216
100
AcDbTrace
 10
154.0271723947621
 20
195.7363711886767
 30
0.0
 11
157.3291723947621
 21
195.2283711886767
 31
0.0
 12
157.3291723947621
 22
196.2443711886767
 32
0.0
 13
157.3291723947621
 23
196.2443711886767
 33
0.0
  0
SOLID
  5
1FA
330
1F6
100
AcDbEntity
  8
0
  6
Continuous
 62
7
370
18
440
16777216
100
AcDbTrace
 10
194.0271723947622
 20
195.7363711886769
 30
0.0
 11
190.7251723947622
 21
196.2443711886769
 31
0.0
 12
190.7251723947622
 22
195.2283711886769
 32
0.0
 13
190.7251723947622
 23
195.2283711886769
 33
0.0
  0
LINE
  5
1FB
330
1F6
100
AcDbEntity
  8
0
  6
Continuous
 62
7
370
0
440
16777216
100
AcDbLine
 10
154.0271723947622
 20
180.3172615037391
 30
0.0
 11
154.0271723947621
 21
196.7363711886767
 31
0.0
  0
LINE
  5
1FC
330
1F6
100
AcDbEntity
  8
0
  6
Continuous
 62
7
370
0
440
16777216
100
AcDbLine
 10
194.0271723947622
 20
177.5972615037392
 30
0.0
 11
194.0271723947622
 21
196.7363711886769
 31
0.0
  0
LINE
  5
1FD
330
1F6
100
AcDbEntity
  8
0
  6
Continuous
 62
7
370
0
440
16777216
100
AcDbLine
 10
154.0271723947621
 20
195.7363711886767
 30
0.0
 11
194.0271723947622
 21
195.7363711886769
 31
0.0
  0
MTEXT
  5
1FE
330
1F6
100
AcDbEntity
  8
0
  6
Continuous
 62
7
370
18
440
16777216
100
AcDbMText
 10
164.4684813310517
 20
200.2481082778787
 30
0.0
 40
3.5
 41
0.0
 46
0.0
 71
1
  1
%%c
  7
SLDTEXTSTYLE1
  0
MTEXT
  5
1FF
330
1F6
100
AcDbEntity
  8
0
  6
Continuous
 62
7
370
18
440
16777216
100
AcDbMText
 10
169.7469187294258
 20
200.3015804545386
 30
0.0
 40
3.5
 41
0.0
 46
0.0
 71
1
  1
100.00
  7
SLDTEXTSTYLE1
  0
ENDBLK
  5
1F8
330
1F6
100
AcDbEntity
  8
0
100
AcDbBlockEnd
  0
BLOCK
  5
202
330
201
100
AcDbEntity
  8
0
100
AcDbBlockBegin
  2
*D5
 70
1
 10
0.0
 20
0.0
 30
0.0
  3
*D5
  1

  0
SOLID
  5
204
330
201
100
AcDbEntity
  8
0
  6
Continuous
 62
7
370
18
440
16777216
100
AcDbTrace
 10
127.536025053068
 20
155.5172615037392
 30
0.0
 11
127.028025053068
 21
152.2152615037392
 31
0.0
 12
128.044025053068
 22
152.2152615037392
 32
0.0
 13
128.044025053068
 23
152.2152615037392
 33
0.0
  0
SOLID
  5
205
330
201
100
AcDbEntity
  8
0
  6
Continuous
 62
7
370
18
440
16777216
100
AcDbTrace
 10
127.5360250530679
 20
111.5172615037392
 30
0.0
 11
128.0440250530679
 21
114.8192615037392
 31
0.0
 12
127.0280250530679
 22
114.8192615037392
 32
0.0
 13
127.0280250530679
 23
114.8192615037392
 33
0.0
  0
LINE
  5
206
330
201
100
AcDbEntity
  8
0
  6
Continuous
 62
7
370
0
440
16777216
100
AcDbLine
 10
137.0271723947622
 20
155.5172615037392
 30
0.0
 11
126.536025053068
 21
155.5172615037392
 31
0.0
  0
LINE
  5
207
330
201
100
AcDbEntity
  8
0
  6
Continuous
 62
7
370
0
440
16777216
100
AcDbLine
 10
137.0271723947621
 20
111.5172615037392
 30
0.0
 11
126.5360250530678
 21
111.5172615037392
 31
0.0
  0
LINE
  5
208
330
201
100
AcDbEntity
  8
0
  6
Continuous
 62
7
370
0
440
16777216
100
AcDbLine
 10
127.536025053068
 20
155.5172615037392
 30
0.0
 11
127.5360250530679
 21
111.5172615037392
 31
0.0
  0
MTEXT
  5
209
330
201
100
AcDbEntity
  8
0
  6
Continuous
 62
7
370
18
440
16777216
100
AcDbMText
 10
123.024288138489
 20
127.3083364263401
 30
0.0
 40
3.5
 41
0.0
 46
0.0
 71
1
  1
110.00
  7
SLDTEXTSTYLE1
 11
-3.491481338843133e-15
 21
1.0
 31
0.0
  0
ENDBLK
  5
203
330
201
100
AcDbEntity
  8
0
100
AcDbBlockEnd
  0
BLOCK
  5
2E8
330
2E7
100
AcDbEntity
  8
0
100
AcDbBlockBegin
  2
*D6
 70
1
 10
0.0
 20
0.0
 30
0.0
  3
*D6
  1

  0
SOLID
  5
2EA
330
2E7
100
AcDbEntity
  8
0
  6
Continuous
 62
7
370
18
440
16777216
100
AcDbTrace
 10
136.027172394762
 20
273.8063265306122
 30
0.0
 11
139.329172394762
 21
273.2983265306123
 31
0.0
 12
139.329172394762
 22
274.3143265306122
 32
0.0
 13
139.329172394762
 23
274.3143265306122
 33
0.0
  0
SOLID
  5
2EB
330
2E7
100
AcDbEntity
  8
0
  6
Continuous
 62
7
370
18
440
16777216
100
AcDbTrace
 10
212.027172394762
 20
273.8063265306129
 30
0.0
 11
208.725172394762
 21
274.3143265306128
 31
0.0
 12
208.725172394762
 22
273.2983265306129
 32
0.0
 13
208.725172394762
 23
273.2983265306129
 33
0.0
  0
LINE
  5
2EC
330
2E7
100
AcDbEntity
  8
0
  6
Continuous
 62
7
370
0
440
16777216
100
AcDbLine
 10
136.0271723947621
 20
264.8063265306116
 30
0.0
 11
136.027172394762
 21
274.8063265306122
 31
0.0
  0
LINE
  5
2ED
330
2E7
100
AcDbEntity
  8
0
  6
Continuous
 62
7
370
0
440
16777216
100
AcDbLine
 10
212.0271723947621
 20
264.8063265306123
 30
0.0
 11
212.027172394762
 21
274.8063265306129
 31
0.0
  0
LINE
  5
2EE
330
2E7
100
AcDbEntity
  8
0
  6
Continuous
 62
7
370
0
440
16777216
100
AcDbLine
 10
136.027172394762
 20
273.8063265306122
 30
0.0
 11
212.027172394762
 21
273.8063265306129
 31
0.0
  0
MTEXT
  5
2EF
330
2E7
100
AcDbEntity
  8
0
  6
Continuous
 62
7
370
18
440
16777216
100
AcDbMText
 10
168.3113814193182
 20
278.3180634451915
 30
0.0
 40
3.5
 41
0.0
 46
0.0
 71
1
  1
190.00
  7
SLDTEXTSTYLE1
  0
ENDBLK
  5
2E9
330
2E7
100
AcDbEntity
  8
0
100
AcDbBlockEnd
  0
BLOCK
  5
3E0
330
3DF
100
AcDbEntity
  8
0
100
AcDbBlockBegin
  2
*D7
 70
1
 10
0.0
 20
0.0
 30
0.0
  3
*D7
  1

  0
SOLID
  5
3E2
330
3DF
100
AcDbEntity
  8
0
  6
Continuous
 62
7
370
18
440
16777216
100
AcDbTrace
 10
49.01224489795968
 20
200.0372615037392
 30
0.0
 11
52.31424489795968
 21
199.5292615037392
 31
0.0
 12
52.31424489795968
 22
200.5452615037393
 32
0.0
 13
52.31424489795968
 23
200.5452615037393
 33
0.0
  0
SOLID
  5
3E3
330
3DF
100
AcDbEntity
  8
0
  6
Continuous
 62
7
370
18
440
16777216
100
AcDbTrace
 10
96.21224489795935
 20
200.0372615037394
 30
0.0
 11
92.91024489795936
 21
200.5452615037394
 31
0.0
 12
92.91024489795936
 22
199.5292615037394
 32
0.0
 13
92.91024489795936
 23
199.5292615037394
 33
0.0
  0
LINE
  5
3E4
330
3DF
100
AcDbEntity
  8
0
  6
Continuous
 62
7
370
0
440
16777216
100
AcDbLine
 10
49.01224489795982
 20
156.5172615037391
 30
0.0
 11
49.01224489795967
 21
201.0372615037392
 31
0.0
  0
LINE
  5
3E5
330
3DF
100
AcDbEntity
  8
0
  6
Continuous
 62
7
370
0
440
16777216
100
AcDbLine
 10
96.21224489795942
 20
180.3172615037391
 30
0.0
 11
96.21224489795935
 21
201.0372615037394
 31
0.0
  0
LINE
  5
3E6
330
3DF
100
AcDbEntity
  8
0
  6
Continuous
 62
7
370
0
440
16777216
100
AcDbLine
 10
49.01224489795968
 20
200.0372615037392
 30
0.0
 11
96.21224489795935
 21
200.0372615037394
 31
0.0
  0
MTEXT
  5
3E7
330
3DF
100
AcDbEntity
  8
0
  6
Continuous
 62
7
370
18
440
16777216
100
AcDbMText
 10
68.28446060709243
 20
204.5489984183183
 30
0.0
 40
3.5
 41
0.0
 46
0.0
 71
1
  1
118.00
  7
SLDTEXTSTYLE1
  0
ENDBLK
  5
3E1
330
3DF
100
AcDbEntity
  8
0
100
AcDbBlockEnd
  0
BLOCK
  5
3EA
330
3E9
100
AcDbEntity
  8
0
100
AcDbBlockBegin
  2
*D8
 70
1
 10
0.0
 20
0.0
 30
0.0
  3
*D8
  1

  0
SOLID
  5
3EC
330
3E9
100
AcDbEntity
  8
0
  6
Continuous
 62
7
370
18
440
16777216
100
AcDbTrace
 10
112.2122448979596
 20
180.5172615037391
 30
0.0
 11
111.7042448979596
 21
177.2152615037392
 31
0.0
 12
112.7202448979595
 22
177.2152615037392
 32
0.0
 13
112.7202448979595
 23
177.2152615037392
 33
0.0
  0
SOLID
  5
3ED
330
3E9
100
AcDbEntity
  8
0
  6
Continuous
 62
7
370
18
440
16777216
100
AcDbTrace
 10
112.2122448979596
 20
106.5172615037391
 30
0.0
 11
112.7202448979595
 21
109.8192615037391
 31
0.0
 12
111.7042448979596
 22
109.8192615037391
 32
0.0
 13
111.7042448979596
 23
109.8192615037391
 33
0.0
  0
LINE
  5
3EE
330
3E9
100
AcDbEntity
  8
0
  6
Continuous
 62
7
370
0
440
16777216
100
AcDbLine
 10
96.01224489795942
 20
180.5172615037391
 30
0.0
 11
113.2122448979596
 21
180.5172615037391
 31
0.0
  0
LINE
  5
3EF
330
3E9
100
AcDbEntity
  8
0
  6
Continuous
 62
7
370
0
440
16777216
100
AcDbLine
 10
96.81224489795939
 20
106.5172615037391
 30
0.0
 11
113.2122448979596
 21
106.5172615037391
 31
0.0
  0
LINE
  5
3F0
330
3E9
100
AcDbEntity
  8
0
  6
Continuous
 62
7
370
0
440
16777216
100
AcDbLine
 10
112.2122448979596
 20
180.5172615037391
 30
0.0
 11
112.2122448979596
 21
106.5172615037391
 31
0.0
  0
MTEXT
  5
3F1
330
3E9
100
AcDbEntity
  8
0
  6
Continuous
 62
7
370
18
440
16777216
100
AcDbMText
 10
107.7005079833807
 20
139.7598969234643
 30
0.0
 40
3.5
 41
0.0
 46
0.0
 71
1
  1
185.00
  7
SLDTEXTSTYLE1
 11
-7.044195017643634e-15
 21
1.0
 31
0.0
  0
ENDBLK
  5
3EB
330
3E9
100
AcDbEntity
  8
0
100
AcDbBlockEnd
  0
BLOCK
  5
3F4
330
3F3
100
AcDbEntity
  8
0
100
AcDbBlockBegin
  2
*D9
 70
1
 10
0.0
 20
0.0
 30
0.0
  3
*D9
  1

  0
SOLID
  5
3F6
330
3F3
100
AcDbEntity
  8
0
  6
Continuous
 62
7
370
18
440
16777216
100
AcDbTrace
 10
36.84827263147072
 20
190.0372615037391
 30
0.0
 11
36.34027263147072
 21
186.7352615037391
 31
0.0
 12
37.35627263147072
 22
186.7352615037391
 32
0.0
 13
37.35627263147072
 23
186.7352615037391
 33
0.0
  0
SOLID
  5
3F7
330
3F3
100
AcDbEntity
  8
0
  6
Continuous
 62
7
370
18
440
16777216
100
AcDbTrace
 10
36.84827263147073
 20
81.03726150373907
 30
0.0
 11
37.35627263147073
 21
84.33926150373907
 31
0.0
 12
36.34027263147073
 22
84.33926150373907
 32
0.0
 13
36.34027263147073
 23
84.33926150373907
 33
0.0
  0
LINE
  5
3F8
330
3F3
100
AcDbEntity
  8
0
  6
Continuous
 62
7
370
0
440
16777216
100
AcDbLine
 10
72.81224489795942
 20
190.0372615037391
 30
0.0
 11
35.84827263147072
 21
190.0372615037391
 31
0.0
  0
LINE
  5
3F9
330
3F3
100
AcDbEntity
  8
0
  6
Continuous
 62
7
370
0
440
16777216
100
AcDbLine
 10
71.71224489795945
 20
81.03726150373907
 30
0.0
 11
35.84827263147073
 21
81.03726150373907
 31
0.0
  0
LINE
  5
3FA
330
3F3
100
AcDbEntity
  8
0
  6
Continuous
 62
7
370
0
440
16777216
100
AcDbLine
 10
36.84827263147072
 20
190.0372615037391
 30
0.0
 11
36.84827263147073
 21
81.03726150373907
 31
0.0
  0
MTEXT
  5
3FB
330
3F3
100
AcDbEntity
  8
0
  6
Continuous
 62
7
370
18
440
16777216
100
AcDbMText
 10
32.33653571689194
 20
130.7528770184814
 30
0.0
 40
3.5
 41
0.0
 46
0.0
 71
1
  1
272.50
  7
SLDTEXTSTYLE1
 11
-7.044195017643634e-15
 21
1.0
 31
0.0
  0
ENDBLK
  5
3F5
330
3F3
100
AcDbEntity
  8
0
100
AcDbBlockEnd
  0
BLOCK
  5
5AD
330
31
100
AcDbEntity
  8
0
100
AcDbBlockBegin
  2
_D
 70
0
 10
0.0
 20
0.0
 30
0.0
  3
_D
  1

  0
SOLID
  5
5AF
330
31
100
AcDbEntity
  8
0
  6
Continuous
 62
7
370
18
440
16777216
100
AcDbTrace
 10
561.1842668016867
 20
368.7931537593472
 30
0.0
 11
559.9142668016867
 21
360.53815375934727
 31
0.0
 12
562.4542668016868
 22
360.53815375934727
 32
0.0
 13
562.4542668016868
 23
360.53815375934727
 33
0.0
  0
SOLID
  5
5B0
330
31
100
AcDbEntity
  8
0
  6
Continuous
 62
7
370
18
440
16777216
100
AcDbTrace
 10
561.1842668016866
 20
298.7931537593472
 30
0.0
 11
562.4542668016865
 21
307.04815375934726
 31
0.0
 12
559.9142668016863
 22
307.04815375934726
 32
0.0
 13
559.9142668016863
 23
307.04815375934726
 33
0.0
  0
LINE
  5
5B1
330
31
100
AcDbEntity
  8
0
  6
Continuous
 62
7
370
0
440
16777216
100
AcDbLine
 10
522.5679309869055
 20
368.79315375934755
 30
0.0
 11
563.6842668016867
 21
368.7931537593472
 31
0.0
  0
LINE
  5
5B2
330
31
100
AcDbEntity
  8
0
  6
Continuous
 62
7
370
0
440
16777216
100
AcDbLine
 10
522.5679309869053
 20
298.7931537593472
 30
0.0
 11
563.6842668016866
 21
298.7931537593472
 31
0.0
  0
LINE
  5
5B3
330
31
100
AcDbEntity
  8
0
  6
Continuous
 62
7
370
0
440
16777216
100
AcDbLine
 10
561.1842668016867
 20
368.7931537593472
 30
0.0
 11
561.1842668016866
 21
298.7931537593472
 31
0.0
  0
MTEXT
  5
5B4
330
31
100
AcDbEntity
  8
0
  6
Continuous
 62
7
370
18
440
16777216
100
AcDbMText
 10
549.904924515239
 20
314.445620511599
 30
0.0
 40
8.75
 41
0.0
 46
0.0
 71
1
  1
70.00
  7
SLDTEXTSTYLE1
 11
-8.728703347107832e-15
 21
2.5
 31
0.0
  0
ENDBLK
  5
5AE
330
31
100
AcDbEntity
  8
0
100
AcDbBlockEnd
  0
BLOCK
  5
5B5
330
32
100
AcDbEntity
  8
0
100
AcDbBlockBegin
  2
_D_1
 70
0
 10
0.0
 20
0.0
 30
0.0
  3
_D_1
  1

  0
SOLID
  5
5B7
330
32
100
AcDbEntity
  8
0
  6
Continuous
 62
7
370
18
440
16777216
100
AcDbTrace
 10
520.0679309869047
 20
177.59315375934727
 30
0.0
 11
511.81293098690475
 21
178.86315375934728
 31
0.0
 12
511.81293098690475
 22
176.3231537593473
 32
0.0
 13
511.81293098690475
 23
176.3231537593473
 33
0.0
  0
SOLID
  5
5B8
330
32
100
AcDbEntity
  8
0
  6
Continuous
 62
7
370
18
440
16777216
100
AcDbTrace
 10
350.06793098690474
 20
177.59315375934784
 30
0.0
 11
358.3229309869048
 21
176.3231537593478
 31
0.0
 12
358.3229309869048
 22
178.86315375934777
 32
0.0
 13
358.3229309869048
 23
178.86315375934777
 33
0.0
  0
LINE
  5
5B9
330
32
100
AcDbEntity
  8
0
  6
Continuous
 62
7
370
0
440
16777216
100
AcDbLine
 10
520.0679309869053
 20
296.2931537593472
 30
0.0
 11
520.0679309869047
 21
175.09315375934727
 31
0.0
  0
LINE
  5
5BA
330
32
100
AcDbEntity
  8
0
  6
Continuous
 62
7
370
0
440
16777216
100
AcDbLine
 10
350.06793098690525
 20
296.293153759348
 30
0.0
 11
350.06793098690474
 21
175.09315375934784
 31
0.0
  0
LINE
  5
5BB
330
32
100
AcDbEntity
  8
0
  6
Continuous
 62
7
370
0
440
16777216
100
AcDbLine
 10
520.0679309869047
 20
177.59315375934727
 30
0.0
 11
350.06793098690474
 21
177.59315375934784
 31
0.0
  0
MTEXT
  5
5BC
330
32
100
AcDbEntity
  8
0
  6
Continuous
 62
7
370
18
440
16777216
100
AcDbMText
 10
420.76073859937947
 20
188.87249604579472
 30
0.0
 40
8.75
 41
0.0
 46
0.0
 71
1
  1
170.00
  7
SLDTEXTSTYLE1
 11
2.5
 21
0.0
 31
0.0
  0
ENDBLK
  5
5B6
330
32
100
AcDbEntity
  8
0
100
AcDbBlockEnd
  0
BLOCK
  5
5BD
330
34
100
AcDbEntity
  8
0
100
AcDbBlockBegin
  2
_None
 70
0
 10
0.0
 20
0.0
 30
0.0
  3
_None
  1

  0
ENDBLK
  5
5BE
330
34
100
AcDbEntity
  8
0
100
AcDbBlockEnd
  0
BLOCK
  5
5BF
330
35
100
AcDbEntity
  8
0
100
AcDbBlockBegin
  2
_D_2
 70
0
 10
0.0
 20
0.0
 30
0.0
  3
_D_2
  1

  0
SOLID
  5
5C1
330
35
100
AcDbEntity
  8
0
  6
Continuous
 62
7
370
18
440
16777216
100
AcDbTrace
 10
522.0124746351682
 20
296.8486101110842
 30
0.0
 11
526.9516155017562
 21
290.1134180202825
 31
0.0
 12
528.74766672597
 22
291.9094692444963
 32
0.0
 13
528.74766672597
 23
291.9094692444963
 33
0.0
  0
LINE
  5
5C2
330
35
100
AcDbEntity
  8
0
  6
Continuous
 62
7
370
0
440
16777216
100
AcDbLine
 10
522.0124746351682
 20
296.8486101110842
 30
0.0
 11
563.7658451587878
 21
255.095239587464
 31
0.0
  0
LINE
  5
5C3
330
35
100
AcDbEntity
  8
0
  6
Continuous
 62
7
370
0
440
16777216
100
AcDbLine
 10
522.0124746351682
 20
296.8486101110842
 30
0.0
 11
518.1233873386423
 21
300.73769740761026
 31
0.0
  0
MTEXT
  5
5C4
330
35
100
AcDbEntity
  8
0
  6
Continuous
 62
7
370
18
440
16777216
100
AcDbMText
 10
546.3491246616998
 20
288.3421096960445
 30
0.0
 40
8.75
 41
0.0
 46
0.0
 71
1
  1
%%c
  7
SLDTEXTSTYLE1
 11
1.7677669529663902
 21
-1.7677669529663473
 31
0.0
  0
MTEXT
  5
5C5
330
35
100
AcDbEntity
  8
0
  6
Continuous
 62
7
370
18
440
16777216
100
AcDbMText
 10
555.7746982046498
 20
279.1055888466995
 30
0.0
 40
8.75
 41
0.0
 46
0.0
 71
1
  1
5.50
  7
SLDTEXTSTYLE1
 11
1.7677669529663902
 21
-1.7677669529663473
 31
0.0
  0
ENDBLK
  5
5C0
330
35
100
AcDbEntity
  8
0
100
AcDbBlockEnd
  0
BLOCK
  5
5C6
330
36
100
AcDbEntity
  8
0
100
AcDbBlockBegin
  2
_D_3
 70
0
 10
0.0
 20
0.0
 30
0.0
  3
_D_3
  1

  0
SOLID
  5
5C8
330
36
100
AcDbEntity
  8
0
  6
Continuous
 62
7
370
18
440
16777216
100
AcDbTrace
 10
385.06793098690525
 20
489.34092797169177
 30
0.0
 11
393.32293098690525
 21
488.07092797169173
 31
0.0
 12
393.32293098690525
 22
490.61092797169175
 32
0.0
 13
393.32293098690525
 23
490.61092797169175
 33
0.0
  0
SOLID
  5
5C9
330
36
100
AcDbEntity
  8
0
  6
Continuous
 62
7
370
18
440
16777216
100
AcDbTrace
 10
485.0679309869055
 20
489.3409279716923
 30
0.0
 11
476.81293098690554
 21
490.61092797169226
 31
0.0
 12
476.81293098690554
 22
488.07092797169224
 32
0.0
 13
476.81293098690554
 23
488.07092797169224
 33
0.0
  0
LINE
  5
5CA
330
36
100
AcDbEntity
  8
0
  6
Continuous
 62
7
370
0
440
16777216
100
AcDbLine
 10
385.0679309869055
 20
450.7931537593478
 30
0.0
 11
385.06793098690525
 21
491.84092797169177
 31
0.0
  0
LINE
  5
5CB
330
36
100
AcDbEntity
  8
0
  6
Continuous
 62
7
370
0
440
16777216
100
AcDbLine
 10
485.0679309869055
 20
443.993153759348
 30
0.0
 11
485.0679309869055
 21
491.8409279716923
 31
0.0
  0
LINE
  5
5CC
330
36
100
AcDbEntity
  8
0
  6
Continuous
 62
7
370
0
440
16777216
100
AcDbLine
 10
385.06793098690525
 20
489.34092797169177
 30
0.0
 11
485.0679309869055
 21
489.3409279716923
 31
0.0
  0
MTEXT
  5
5CD
330
36
100
AcDbEntity
  8
0
  6
Continuous
 62
7
370
18
440
16777216
100
AcDbMText
 10
411.1712033276292
 20
500.6202706946968
 30
0.0
 40
8.75
 41
0.0
 46
0.0
 71
1
  1
%%c
  7
SLDTEXTSTYLE1
 11
2.5
 21
0.0
 31
0.0
  0
MTEXT
  5
5CE
330
36
100
AcDbEntity
  8
0
  6
Continuous
 62
7
370
18
440
16777216
100
AcDbMText
 10
424.3672968235645
 20
500.7539511363465
 30
0.0
 40
8.75
 41
0.0
 46
0.0
 71
1
  1
100.00
  7
SLDTEXTSTYLE1
 11
2.5
 21
0.0
 31
0.0
  0
ENDBLK
  5
5C7
330
36
100
AcDbEntity
  8
0
100
AcDbBlockEnd
  0
BLOCK
  5
5CF
330
37
100
AcDbEntity
  8
0
100
AcDbBlockBegin
  2
_D_4
 70
0
 10
0.0
 20
0.0
 30
0.0
  3
_D_4
  1

  0
SOLID
  5
5D1
330
37
100
AcDbEntity
  8
0
  6
Continuous
 62
7
370
18
440
16777216
100
AcDbTrace
 10
318.84006263267
 20
388.793153759348
 30
0.0
 11
317.57006263267
 21
380.538153759348
 31
0.0
 12
320.11006263267
 22
380.538153759348
 32
0.0
 13
320.11006263267
 23
380.538153759348
 33
0.0
  0
SOLID
  5
5D2
330
37
100
AcDbEntity
  8
0
  6
Continuous
 62
7
370
18
440
16777216
100
AcDbTrace
 10
318.84006263266974
 20
278.793153759348
 30
0.0
 11
320.1100626326698
 21
287.048153759348
 31
0.0
 12
317.57006263266976
 22
287.048153759348
 32
0.0
 13
317.57006263266976
 23
287.048153759348
 33
0.0
  0
LINE
  5
5D3
330
37
100
AcDbEntity
  8
0
  6
Continuous
 62
7
370
0
440
16777216
100
AcDbLine
 10
342.5679309869055
 20
388.793153759348
 30
0.0
 11
316.34006263267
 21
388.793153759348
 31
0.0
  0
LINE
  5
5D4
330
37
100
AcDbEntity
  8
0
  6
Continuous
 62
7
370
0
440
16777216
100
AcDbLine
 10
342.56793098690525
 20
278.793153759348
 30
0.0
 11
316.3400626326695
 21
278.793153759348
 31
0.0
  0
LINE
  5
5D5
330
37
100
AcDbEntity
  8
0
  6
Continuous
 62
7
370
0
440
16777216
100
AcDbLine
 10
318.84006263267
 20
388.793153759348
 30
0.0
 11
318.84006263266974
 21
278.793153759348
 31
0.0
  0
MTEXT
  5
5D6
330
37
100
AcDbEntity
  8
0
  6
Continuous
 62
7
370
18
440
16777216
100
AcDbMText
 10
307.5607203462225
 20
318.2708410658503
 30
0.0
 40
8.75
 41
0.0
 46
0.0
 71
1
  1
110.00
  7
SLDTEXTSTYLE1
 11
-8.728703347107832e-15
 21
2.5
 31
0.0
  0
ENDBLK
  5
5D0
330
37
100
AcDbEntity
  8
0
100
AcDbBlockEnd
  0
BLOCK
  5
5D7
330
38
100
AcDbEntity
  8
0
100
AcDbBlockBegin
  2
_D_5
 70
0
 10
0.0
 20
0.0
 30
0.0
  3
_D_5
  1

  0
SOLID
  5
5D9
330
38
100
AcDbEntity
  8
0
  6
Continuous
 62
7
370
18
440
16777216
100
AcDbTrace
 10
340.067930986905
 20
684.5158163265305
 30
0.0
 11
348.322930986905
 21
683.2458163265308
 31
0.0
 12
348.322930986905
 22
685.7858163265305
 32
0.0
 13
348.322930986905
 23
685.7858163265305
 33
0.0
  0
SOLID
  5
5DA
330
38
100
AcDbEntity
  8
0
  6
Continuous
 62
7
370
18
440
16777216
100
AcDbTrace
 10
530.067930986905
 20
684.5158163265323
 30
0.0
 11
521.812930986905
 21
685.785816326532
 31
0.0
 12
521.812930986905
 22
683.2458163265322
 32
0.0
 13
521.812930986905
 23
683.2458163265322
 33
0.0
  0
LINE
  5
5DB
330
38
100
AcDbEntity
  8
0
  6
Continuous
 62
7
370
0
440
16777216
100
AcDbLine
 10
340.06793098690525
 20
662.015816326529
 30
0.0
 11
340.067930986905
 21
687.0158163265305
 31
0.0
  0
LINE
  5
5DC
330
38
100
AcDbEntity
  8
0
  6
Continuous
 62
7
370
0
440
16777216
100
AcDbLine
 10
530.0679309869053
 20
662.0158163265307
 30
0.0
 11
530.067930986905
 21
687.0158163265323
 31
0.0
  0
LINE
  5
5DD
330
38
100
AcDbEntity
  8
0
  6
Continuous
 62
7
370
0
440
16777216
100
AcDbLine
 10
340.067930986905
 20
684.5158163265305
 30
0.0
 11
530.067930986905
 21
684.5158163265323
 31
0.0
  0
MTEXT
  5
5DE
330
38
100
AcDbEntity
  8
0
  6
Continuous
 62
7
370
18
440
16777216
100
AcDbMText
 10
420.7784535482955
 20
695.7951586129788
 30
0.0
 40
8.75
 41
0.0
 46
0.0
 71
1
  1
190.00
  7
SLDTEXTSTYLE1
 11
2.5
 21
0.0
 31
0.0
  0
ENDBLK
  5
5D8
330
38
100
AcDbEntity
  8
0
100
AcDbBlockEnd
  0
BLOCK
  5
5DF
330
39
100
AcDbEntity
  8
0
100
AcDbBlockBegin
  2
_D_6
 70
0
 10
0.0
 20
0.0
 30
0.0
  3
_D_6
  1

  0
SOLID
  5
5E1
330
39
100
AcDbEntity
  8
0
  6
Continuous
 62
7
370
18
440
16777216
100
AcDbTrace
 10
122.5306122448992
 20
500.09315375934796
 30
0.0
 11
130.7856122448992
 21
498.82315375934803
 31
0.0
 12
130.7856122448992
 22
501.3631537593483
 32
0.0
 13
130.7856122448992
 23
501.3631537593483
 33
0.0
  0
SOLID
  5
5E2
330
39
100
AcDbEntity
  8
0
  6
Continuous
 62
7
370
18
440
16777216
100
AcDbTrace
 10
240.53061224489838
 20
500.09315375934847
 30
0.0
 11
232.2756122448984
 21
501.3631537593485
 31
0.0
 12
232.2756122448984
 22
498.82315375934854
 32
0.0
 13
232.2756122448984
 23
498.82315375934854
 33
0.0
  0
LINE
  5
5E3
330
39
100
AcDbEntity
  8
0
  6
Continuous
 62
7
370
0
440
16777216
100
AcDbLine
 10
122.53061224489954
 20
391.2931537593477
 30
0.0
 11
122.53061224489917
 21
502.59315375934796
 31
0.0
  0
LINE
  5
5E4
330
39
100
AcDbEntity
  8
0
  6
Continuous
 62
7
370
0
440
16777216
100
AcDbLine
 10
240.53061224489855
 20
450.7931537593478
 30
0.0
 11
240.53061224489838
 21
502.59315375934847
 31
0.0
  0
LINE
  5
5E5
330
39
100
AcDbEntity
  8
0
  6
Continuous
 62
7
370
0
440
16777216
100
AcDbLine
 10
122.5306122448992
 20
500.09315375934796
 30
0.0
 11
240.53061224489838
 21
500.09315375934847
 31
0.0
  0
MTEXT
  5
5E6
330
39
100
AcDbEntity
  8
0
  6
Continuous
 62
7
370
18
440
16777216
100
AcDbMText
 10
170.71115151773108
 20
511.37249604579574
 30
0.0
 40
8.75
 41
0.0
 46
0.0
 71
1
  1
118.00
  7
SLDTEXTSTYLE1
 11
2.5
 21
0.0
 31
0.0
  0
ENDBLK
  5
5E0
330
39
100
AcDbEntity
  8
0
100
AcDbBlockEnd
  0
BLOCK
  5
5E7
330
3A
100
AcDbEntity
  8
0
100
AcDbBlockBegin
  2
_D_7
 70
0
 10
0.0
 20
0.0
 30
0.0
  3
_D_7
  1

  0
SOLID
  5
5E9
330
3A
100
AcDbEntity
  8
0
  6
Continuous
 62
7
370
18
440
16777216
100
AcDbTrace
 10
280.530612244899
 20
451.2931537593477
 30
0.0
 11
279.260612244899
 21
443.038153759348
 31
0.0
 12
281.80061224489873
 22
443.038153759348
 32
0.0
 13
281.80061224489873
 23
443.038153759348
 33
0.0
  0
SOLID
  5
5EA
330
3A
100
AcDbEntity
  8
0
  6
Continuous
 62
7
370
18
440
16777216
100
AcDbTrace
 10
280.530612244899
 20
266.2931537593478
 30
0.0
 11
281.80061224489873
 21
274.54815375934777
 31
0.0
 12
279.260612244899
 22
274.54815375934777
 32
0.0
 13
279.260612244899
 23
274.54815375934777
 33
0.0
  0
LINE
  5
5EB
330
3A
100
AcDbEntity
  8
0
  6
Continuous
 62
7
370
0
440
16777216
100
AcDbLine
 10
240.03061224489855
 20
451.2931537593477
 30
0.0
 11
283.030612244899
 21
451.2931537593477
 31
0.0
  0
LINE
  5
5EC
330
3A
100
AcDbEntity
  8
0
  6
Continuous
 62
7
370
0
440
16777216
100
AcDbLine
 10
242.03061224489846
 20
266.2931537593478
 30
0.0
 11
283.030612244899
 21
266.2931537593478
 31
0.0
  0
LINE
  5
5ED
330
3A
100
AcDbEntity
  8
0
  6
Continuous
 62
7
370
0
440
16777216
100
AcDbLine
 10
280.530612244899
 20
451.2931537593477
 30
0.0
 11
280.530612244899
 21
266.2931537593478
 31
0.0
  0
MTEXT
  5
5EE
330
3A
100
AcDbEntity
  8
0
  6
Continuous
 62
7
370
18
440
16777216
100
AcDbMText
 10
269.25126995845176
 20
349.3997423086608
 30
0.0
 40
8.75
 41
0.0
 46
0.0
 71
1
  1
185.00
  7
SLDTEXTSTYLE1
 11
-1.7610487544109086e-14
 21
2.5
 31
0.0
  0
ENDBLK
  5
5E8
330
3A
100
AcDbEntity
  8
0
100
AcDbBlockEnd
  0
BLOCK
  5
5EF
330
3B
100
AcDbEntity
  8
0
100
AcDbBlockBegin
  2
_D_8
 70
0
 10
0.0
 20
0.0
 30
0.0
  3
_D_8
  1

  0
SOLID
  5
5F1
330
3B
100
AcDbEntity
  8
0
  6
Continuous
 62
7
370
18
440
16777216
100
AcDbTrace
 10
92.1206815786768
 20
475.09315375934773
 30
0.0
 11
90.8506815786768
 21
466.8381537593478
 31
0.0
 12
93.3906815786768
 22
466.8381537593478
 32
0.0
 13
93.3906815786768
 23
466.8381537593478
 33
0.0
  0
SOLID
  5
5F2
330
3B
100
AcDbEntity
  8
0
  6
Continuous
 62
7
370
18
440
16777216
100
AcDbTrace
 10
92.12068157867682
 20
202.59315375934767
 30
0.0
 11
93.39068157867683
 21
210.84815375934767
 31
0.0
 12
90.85068157867683
 22
210.84815375934767
 32
0.0
 13
90.85068157867683
 23
210.84815375934767
 33
0.0
  0
LINE
  5
5F3
330
3B
100
AcDbEntity
  8
0
  6
Continuous
 62
7
370
0
440
16777216
100
AcDbLine
 10
182.03061224489855
 20
475.09315375934773
 30
0.0
 11
89.6206815786768
 21
475.09315375934773
 31
0.0
  0
LINE
  5
5F4
330
3B
100
AcDbEntity
  8
0
  6
Continuous
 62
7
370
0
440
16777216
100
AcDbLine
 10
179.28061224489863
 20
202.59315375934767
 30
0.0
 11
89.62068157867682
 21
202.59315375934767
 31
0.0
  0
LINE
  5
5F5
330
3B
100
AcDbEntity
  8
0
  6
Continuous
 62
7
370
0
440
16777216
100
AcDbLine
 10
92.1206815786768
 20
475.09315375934773
 30
0.0
 11
92.12068157867682
 21
202.59315375934767
 31
0.0
  0
MTEXT
  5
5F6
330
3B
100
AcDbEntity
  8
0
  6
Continuous
 62
7
370
18
440
16777216
100
AcDbMText
 10
80.84133929222985
 20
326.8821925462035
 30
0.0
 40
8.75
 41
0.0
 46
0.0
 71
1
  1
272.50
  7
SLDTEXTSTYLE1
 11
-1.7610487544109086e-14
 21
2.5
 31
0.0
  0
ENDBLK
  5
5F0
330
3B
100
AcDbEntity
  8
0
100
AcDbBlockEnd
  0
ENDSEC
  0
SECTION
  2
ENTITIES
  0
LINE
  5
3C
330
17
100
AcDbEntity
  8
0
  6
Continuous
 62
7
370
25
100
AcDbLine
 10
385.0679309869057
 20
448.293153759348
 30
0.0
 11
385.0679309869057
 21
441.493153759348
 31
0.0
  0
LINE
  5
3D
330
17
100
AcDbEntity
  8
0
  6
Continuous
 62
7
370
25
100
AcDbLine
 10
485.0679309869057
 20
441.49315375934776
 30
0.0
 11
485.0679309869057
 21
448.293153759348
 31
0.0
  0
LINE
  5
3E
330
17
100
AcDbEntity
  8
0
  6
Continuous
 62
7
370
25
100
AcDbLine
 10
385.0679309869057
 20
441.493153759348
 30
0.0
 11
385.267930986906
 21
441.2931537593477
 31
0.0
  0
LINE
  5
3F
330
17
100
AcDbEntity
  8
0
  6
Continuous
 62
7
370
25
100
AcDbLine
 10
484.867930986906
 20
441.2931537593477
 30
0.0
 11
485.0679309869057
 21
441.49315375934776
 31
0.0
  0
LINE
  5
40
330
17
100
AcDbEntity
  8
0
  6
Continuous
 62
7
370
25
100
AcDbLine
 10
485.0679309869057
 20
448.293153759348
 30
0.0
 11
482.06793098690605
 21
451.2931537593477
 31
0.0
  0
LINE
  5
41
330
17
100
AcDbEntity
  8
0
  6
Continuous
 62
7
370
25
100
AcDbLine
 10
388.067930986906
 20
451.2931537593477
 30
0.0
 11
385.0679309869057
 21
448.293153759348
 31
0.0
  0
LINE
  5
42
330
17
100
AcDbEntity
  8
0
  6
Continuous
 62
7
370
25
100
AcDbLine
 10
485.0679309869057
 20
440.2931537593477
 30
0.0
 11
484.06793098690576
 21
441.2931537593477
 31
0.0
  0
LINE
  5
43
330
17
100
AcDbEntity
  8
0
  6
Continuous
 62
7
370
25
100
AcDbLine
 10
386.06793098690605
 20
441.2931537593477
 30
0.0
 11
385.0679309869057
 21
440.2931537593477
 31
0.0
  0
LINE
  5
44
330
17
100
AcDbEntity
  8
0
  6
Continuous
 62
7
370
25
100
AcDbLine
 10
485.0679309869057
 20
403.7931537593477
 30
0.0
 11
485.0679309869057
 21
440.2931537593477
 31
0.0
  0
LINE
  5
45
330
17
100
AcDbEntity
  8
0
  6
Continuous
 62
7
370
25
100
AcDbLine
 10
485.0679309869057
 20
371.93050540562126
 30
0.0
 11
485.0679309869057
 21
373.8088099559825
 31
0.0
  0
LINE
  5
46
330
17
100
AcDbEntity
  8
0
  6
Continuous
 62
7
370
25
100
AcDbLine
 10
485.0679309869057
 20
267.293153759348
 30
0.0
 11
485.0679309869057
 21
359.7102218695105
 31
0.0
  0
LINE
  5
47
330
17
100
AcDbEntity
  8
0
  6
Continuous
 62
7
370
25
100
AcDbLine
 10
385.0679309869057
 20
286.4199887812045
 30
0.0
 11
385.0679309869057
 21
267.293153759348
 31
0.0
  0
LINE
  5
48
330
17
100
AcDbEntity
  8
0
  6
Continuous
 62
7
370
25
100
AcDbLine
 10
385.0679309869057
 20
440.2931537593477
 30
0.0
 11
385.0679309869057
 21
298.57533759277874
 31
0.0
  0
LINE
  5
49
330
17
100
AcDbEntity
  8
0
  6
Continuous
 62
7
370
25
100
AcDbLine
 10
385.0679309869057
 20
267.293153759348
 30
0.0
 11
386.06793098690605
 21
266.2931537593478
 31
0.0
  0
LINE
  5
4A
330
17
100
AcDbEntity
  8
0
  6
Continuous
 62
7
370
25
100
AcDbLine
 10
484.06793098690576
 20
266.2931537593478
 30
0.0
 11
485.0679309869057
 21
267.293153759348
 31
0.0
  0
LINE
  5
4B
330
17
100
AcDbEntity
  8
0
  6
Continuous
 62
7
370
25
100
AcDbLine
 10
467.53152138141604
 20
244.54315375934783
 30
0.0
 11
467.5041095519955
 21
244.54315375934783
 31
0.0
  0
LINE
  5
4C
330
17
100
AcDbEntity
  8
0
  6
Continuous
 62
7
370
25
100
AcDbLine
 10
467.50410955199595
 20
225.04315375934783
 30
0.0
 11
467.5315213814165
 21
225.04315375934783
 31
0.0
  0
LINE
  5
4D
330
17
100
AcDbEntity
  8
0
  6
Continuous
 62
7
370
25
100
AcDbLine
 10
467.5315213814165
 20
222.79315375934786
 30
0.0
 11
467.5365433959667
 21
222.79315375934786
 31
0.0
  0
LINE
  5
4E
330
17
100
AcDbEntity
  8
0
  6
Continuous
 62
7
370
25
100
AcDbLine
 10
467.5365433959662
 20
246.79315375934783
 30
0.0
 11
467.53152138141604
 21
246.79315375934783
 31
0.0
  0
LINE
  5
4F
330
17
100
AcDbEntity
  8
0
  6
Continuous
 62
7
370
25
100
AcDbLine
 10
476.3179309869057
 20
253.99315375934776
 30
0.0
 11
476.3179309869057
 21
258.59315375934773
 31
0.0
  0
LINE
  5
50
330
17
100
AcDbEntity
  8
0
  6
Continuous
 62
7
370
25
100
AcDbLine
 10
458.8179309869057
 20
258.59315375934773
 30
0.0
 11
458.8179309869057
 21
253.99315375934776
 31
0.0
  0
LINE
  5
51
330
17
100
AcDbEntity
  8
0
  6
Continuous
 62
7
370
25
100
AcDbLine
 10
476.3179309869057
 20
205.8471537593479
 30
0.0
 11
476.3179309869057
 21
215.59315375934787
 31
0.0
  0
LINE
  5
52
330
17
100
AcDbEntity
  8
0
  6
Continuous
 62
7
370
25
100
AcDbLine
 10
458.8179309869057
 20
215.59315375934787
 30
0.0
 11
458.8179309869057
 21
205.8471537593479
 31
0.0
  0
LINE
  5
53
330
17
100
AcDbEntity
  8
0
  6
Continuous
 62
7
370
25
100
AcDbLine
 10
476.3179309869057
 20
202.59315375934784
 30
0.0
 11
476.3179309869057
 21
203.59315375934787
 31
0.0
  0
LINE
  5
54
330
17
100
AcDbEntity
  8
0
  6
Continuous
 62
7
370
25
100
AcDbLine
 10
458.8179309869057
 20
203.59315375934787
 30
0.0
 11
458.8179309869057
 21
202.59315375934784
 31
0.0
  0
LINE
  5
55
330
17
100
AcDbEntity
  8
0
  6
Continuous
 62
7
370
25
100
AcDbLine
 10
474.91793098690573
 20
204.55915375934782
 30
0.0
 11
474.91793098690573
 21
205.8471537593479
 31
0.0
  0
LINE
  5
56
330
17
100
AcDbEntity
  8
0
  6
Continuous
 62
7
370
25
100
AcDbLine
 10
460.21793098690574
 20
205.8471537593479
 30
0.0
 11
460.21793098690574
 21
204.55915375934782
 31
0.0
  0
LINE
  5
57
330
17
100
AcDbEntity
  8
0
  6
Continuous
 62
7
370
25
100
AcDbLine
 10
473.692930986906
 20
203.59315375934787
 30
0.0
 11
473.692930986906
 21
204.55915375934782
 31
0.0
  0
LINE
  5
58
330
17
100
AcDbEntity
  8
0
  6
Continuous
 62
7
370
25
100
AcDbLine
 10
461.44293098690605
 20
204.55915375934782
 30
0.0
 11
461.44293098690605
 21
203.59315375934787
 31
0.0
  0
LINE
  5
59
330
17
100
AcDbEntity
  8
0
  6
Continuous
 62
7
370
25
100
AcDbLine
 10
523.317930986906
 20
388.87769294127156
 30
0.0
 11
523.317930986906
 21
388.9413402563977
 31
0.0
  0
LINE
  5
5A
330
17
100
AcDbEntity
  8
0
  6
Continuous
 62
7
370
25
100
AcDbLine
 10
503.817930986906
 20
388.9413402563977
 30
0.0
 11
503.817930986906
 21
388.87769294127156
 31
0.0
  0
LINE
  5
5B
330
17
100
AcDbEntity
  8
0
  6
Continuous
 62
7
370
25
100
AcDbLine
 10
501.56793098690576
 20
388.87769294127156
 30
0.0
 11
501.56793098690576
 21
388.86603236445455
 31
0.0
  0
LINE
  5
5C
330
17
100
AcDbEntity
  8
0
  6
Continuous
 62
7
370
25
100
AcDbLine
 10
525.5679309869059
 20
388.86603236445455
 30
0.0
 11
525.5679309869059
 21
388.87769294127156
 31
0.0
  0
LINE
  5
5D
330
17
100
AcDbEntity
  8
0
  6
Continuous
 62
7
370
25
100
AcDbLine
 10
494.367930986906
 20
397.5431537593477
 30
0.0
 11
489.76793098690575
 21
397.5431537593477
 31
0.0
  0
LINE
  5
5E
330
17
100
AcDbEntity
  8
0
  6
Continuous
 62
7
370
25
100
AcDbLine
 10
489.76793098690575
 20
380.0431537593477
 30
0.0
 11
494.367930986906
 21
380.0431537593477
 31
0.0
  0
LINE
  5
5F
330
17
100
AcDbEntity
  8
0
  6
Continuous
 62
7
370
25
100
AcDbLine
 10
542.513930986906
 20
397.5431537593477
 30
0.0
 11
532.767930986906
 21
397.5431537593477
 31
0.0
  0
LINE
  5
60
330
17
100
AcDbEntity
  8
0
  6
Continuous
 62
7
370
25
100
AcDbLine
 10
532.767930986906
 20
380.0431537593477
 30
0.0
 11
542.513930986906
 21
380.0431537593477
 31
0.0
  0
LINE
  5
61
330
17
100
AcDbEntity
  8
0
  6
Continuous
 62
7
370
25
100
AcDbLine
 10
545.7679309869058
 20
397.5431537593477
 30
0.0
 11
544.767930986906
 21
397.5431537593477
 31
0.0
  0
LINE
  5
62
330
17
100
AcDbEntity
  8
0
  6
Continuous
 62
7
370
25
100
AcDbLine
 10
544.767930986906
 20
380.0431537593477
 30
0.0
 11
545.7679309869058
 21
380.0431537593477
 31
0.0
  0
LINE
  5
63
330
17
100
AcDbEntity
  8
0
  6
Continuous
 62
7
370
25
100
AcDbLine
 10
543.801930986906
 20
396.14315375934774
 30
0.0
 11
542.513930986906
 21
396.14315375934774
 31
0.0
  0
LINE
  5
64
330
17
100
AcDbEntity
  8
0
  6
Continuous
 62
7
370
25
100
AcDbLine
 10
542.513930986906
 20
381.44315375934775
 30
0.0
 11
543.801930986906
 21
381.44315375934775
 31
0.0
  0
LINE
  5
65
330
17
100
AcDbEntity
  8
0
  6
Continuous
 62
7
370
25
100
AcDbLine
 10
544.767930986906
 20
394.9181537593478
 30
0.0
 11
543.801930986906
 21
394.9181537593478
 31
0.0
  0
LINE
  5
66
330
17
100
AcDbEntity
  8
0
  6
Continuous
 62
7
370
25
100
AcDbLine
 10
543.801930986906
 20
382.6681537593478
 30
0.0
 11
544.767930986906
 21
382.6681537593478
 31
0.0
  0
LINE
  5
67
330
17
100
AcDbEntity
  8
0
  6
Continuous
 62
7
370
25
100
AcDbLine
 10
402.49095943125377
 20
244.54315375934783
 30
0.0
 11
402.43300958188377
 21
244.54315375934783
 31
0.0
  0
LINE
  5
68
330
17
100
AcDbEntity
  8
0
  6
Continuous
 62
7
370
25
100
AcDbLine
 10
402.43300958188377
 20
225.04315375934783
 30
0.0
 11
402.49095943125394
 21
225.04315375934783
 31
0.0
  0
LINE
  5
69
330
17
100
AcDbEntity
  8
0
  6
Continuous
 62
7
370
25
100
AcDbLine
 10
402.49095943125394
 20
222.79315375934786
 30
0.0
 11
402.5015761975507
 21
222.79315375934786
 31
0.0
  0
LINE
  5
6A
330
17
100
AcDbEntity
  8
0
  6
Continuous
 62
7
370
25
100
AcDbLine
 10
402.5015761975507
 20
246.79315375934783
 30
0.0
 11
402.49095943125377
 21
246.79315375934783
 31
0.0
  0
LINE
  5
6B
330
17
100
AcDbEntity
  8
0
  6
Continuous
 62
7
370
25
100
AcDbLine
 10
411.317930986906
 20
253.99315375934776
 30
0.0
 11
411.317930986906
 21
258.59315375934773
 31
0.0
  0
LINE
  5
6C
330
17
100
AcDbEntity
  8
0
  6
Continuous
 62
7
370
25
100
AcDbLine
 10
393.8179309869057
 20
258.59315375934773
 30
0.0
 11
393.8179309869057
 21
253.99315375934776
 31
0.0
  0
LINE
  5
6D
330
17
100
AcDbEntity
  8
0
  6
Continuous
 62
7
370
25
100
AcDbLine
 10
411.317930986906
 20
205.8471537593479
 30
0.0
 11
411.317930986906
 21
215.59315375934787
 31
0.0
  0
LINE
  5
6E
330
17
100
AcDbEntity
  8
0
  6
Continuous
 62
7
370
25
100
AcDbLine
 10
393.8179309869057
 20
215.59315375934787
 30
0.0
 11
393.8179309869057
 21
205.8471537593479
 31
0.0
  0
LINE
  5
6F
330
17
100
AcDbEntity
  8
0
  6
Continuous
 62
7
370
25
100
AcDbLine
 10
411.317930986906
 20
202.59315375934784
 30
0.0
 11
411.317930986906
 21
203.59315375934787
 31
0.0
  0
LINE
  5
70
330
17
100
AcDbEntity
  8
0
  6
Continuous
 62
7
370
25
100
AcDbLine
 10
393.8179309869057
 20
203.59315375934787
 30
0.0
 11
393.8179309869057
 21
202.59315375934784
 31
0.0
  0
LINE
  5
71
330
17
100
AcDbEntity
  8
0
  6
Continuous
 62
7
370
25
100
AcDbLine
 10
409.91793098690573
 20
204.55915375934782
 30
0.0
 11
409.91793098690573
 21
205.8471537593479
 31
0.0
  0
LINE
  5
72
330
17
100
AcDbEntity
  8
0
  6
Continuous
 62
7
370
25
100
AcDbLine
 10
395.21793098690574
 20
205.8471537593479
 30
0.0
 11
395.21793098690574
 21
204.55915375934782
 31
0.0
  0
LINE
  5
73
330
17
100
AcDbEntity
  8
0
  6
Continuous
 62
7
370
25
100
AcDbLine
 10
408.692930986906
 20
203.59315375934787
 30
0.0
 11
408.692930986906
 21
204.55915375934782
 31
0.0
  0
LINE
  5
74
330
17
100
AcDbEntity
  8
0
  6
Continuous
 62
7
370
25
100
AcDbLine
 10
396.44293098690605
 20
204.55915375934782
 30
0.0
 11
396.44293098690605
 21
203.59315375934787
 31
0.0
  0
LINE
  5
75
330
17
100
AcDbEntity
  8
0
  6
Continuous
 62
7
370
25
100
AcDbLine
 10
444.067930986906
 20
457.09315375934773
 30
0.0
 11
444.067930986906
 21
472.09315375934773
 31
0.0
  0
LINE
  5
76
330
17
100
AcDbEntity
  8
0
  6
Continuous
 62
7
370
25
100
AcDbLine
 10
426.06793098690605
 20
472.09315375934773
 30
0.0
 11
426.06793098690605
 21
457.09315375934773
 31
0.0
  0
ARC
  5
77
330
17
100
AcDbEntity
  8
0
  6
Continuous
 62
7
370
25
100
AcDbCircle
 10
429.067930986906
 20
472.09315375934773
 30
0.0
 40
3.0000000000000426
100
AcDbArc
 50
90.0
 51
180.0
  0
ARC
  5
78
330
17
100
AcDbEntity
  8
0
  6
Continuous
 62
7
370
25
100
AcDbCircle
 10
441.06793098690605
 20
472.09315375934773
 30
0.0
 40
3.0000000000000426
100
AcDbArc
 50
0.0
 51
90.0
  0
CIRCLE
  5
79
330
17
100
AcDbEntity
  8
0
  6
Continuous
 62
7
370
25
100
AcDbCircle
 10
370.0679309869057
 20
300.7931537593478
 30
0.0
 40
4.000000000000058
  0
CIRCLE
  5
7A
330
17
100
AcDbEntity
  8
0
  6
Continuous
 62
7
370
25
100
AcDbCircle
 10
370.0679309869057
 20
313.7931537593478
 30
0.0
 40
4.000000000000058
  0
LINE
  5
7B
330
17
100
AcDbEntity
  8
0
  6
Continuous
 62
7
370
25
100
AcDbLine
 10
435.067930986906
 20
448.293153759348
 30
0.0
 11
385.0679309869057
 21
448.293153759348
 31
0.0
  0
LINE
  5
7C
330
17
100
AcDbEntity
  8
0
  6
Continuous
 62
7
370
25
100
AcDbLine
 10
485.0679309869057
 20
448.293153759348
 30
0.0
 11
435.067930986906
 21
448.293153759348
 31
0.0
  0
LINE
  5
7D
330
17
100
AcDbEntity
  8
0
  6
Continuous
 62
7
370
25
100
AcDbLine
 10
435.067930986906
 20
441.49315375934776
 30
0.0
 11
485.0679309869057
 21
441.49315375934776
 31
0.0
  0
LINE
  5
7E
330
17
100
AcDbEntity
  8
0
  6
Continuous
 62
7
370
25
100
AcDbLine
 10
385.0679309869057
 20
441.493153759348
 30
0.0
 11
435.067930986906
 21
441.49315375934776
 31
0.0
  0
LINE
  5
7F
330
17
100
AcDbEntity
  8
0
  6
Continuous
 62
7
370
25
100
AcDbLine
 10
435.067930986906
 20
441.2931537593477
 30
0.0
 11
385.267930986906
 21
441.2931537593477
 31
0.0
  0
LINE
  5
80
330
17
100
AcDbEntity
  8
0
  6
Continuous
 62
7
370
25
100
AcDbLine
 10
484.867930986906
 20
441.2931537593477
 30
0.0
 11
435.067930986906
 21
441.2931537593477
 31
0.0
  0
LINE
  5
81
330
17
100
AcDbEntity
  8
0
  6
Continuous
 62
7
370
25
100
AcDbLine
 10
435.067930986906
 20
451.2931537593477
 30
0.0
 11
482.06793098690605
 21
451.2931537593477
 31
0.0
  0
LINE
  5
82
330
17
100
AcDbEntity
  8
0
  6
Continuous
 62
7
370
25
100
AcDbLine
 10
388.067930986906
 20
451.2931537593477
 30
0.0
 11
435.067930986906
 21
451.2931537593477
 31
0.0
  0
LINE
  5
83
330
17
100
AcDbEntity
  8
0
  6
Continuous
 62
7
370
25
100
AcDbLine
 10
374.56793098690576
 20
330.835113867798
 30
0.0
 11
374.56793098690576
 21
336.7511936508978
 31
0.0
  0
LINE
  5
84
330
17
100
AcDbEntity
  8
0
  6
Continuous
 62
7
370
25
100
AcDbLine
 10
374.56793098690576
 20
357.835113867798
 30
0.0
 11
374.56793098690576
 21
363.75119365089773
 31
0.0
  0
LINE
  5
85
330
17
100
AcDbEntity
  8
0
  6
Continuous
 62
7
370
25
100
AcDbLine
 10
359.06793098690525
 20
279.79315375934823
 30
0.0
 11
359.067930986905
 21
278.7931537593483
 31
0.0
  0
LINE
  5
86
330
17
100
AcDbEntity
  8
0
  6
Continuous
 62
7
370
25
100
AcDbLine
 10
358.06793098690525
 20
279.79315375934823
 30
0.0
 11
359.067930986905
 21
278.7931537593483
 31
0.0
  0
LINE
  5
87
330
17
100
AcDbEntity
  8
0
  6
Continuous
 62
7
370
25
100
AcDbLine
 10
359.06793098690525
 20
279.79315375934823
 30
0.0
 11
358.06793098690525
 21
279.79315375934823
 31
0.0
  0
LINE
  5
88
330
17
100
AcDbEntity
  8
0
  6
Continuous
 62
7
370
25
100
AcDbLine
 10
359.067930986906
 20
387.79315375934823
 30
0.0
 11
359.06793098690525
 21
279.79315375934823
 31
0.0
  0
LINE
  5
89
330
17
100
AcDbEntity
  8
0
  6
Continuous
 62
7
370
25
100
AcDbLine
 10
358.06793098690525
 20
279.79315375934823
 30
0.0
 11
358.067930986906
 21
387.79315375934823
 31
0.0
  0
LINE
  5
8A
330
17
100
AcDbEntity
  8
0
  6
Continuous
 62
7
370
25
100
AcDbLine
 10
359.067930986906
 20
387.79315375934823
 30
0.0
 11
358.067930986906
 21
387.79315375934823
 31
0.0
  0
LINE
  5
8B
330
17
100
AcDbEntity
  8
0
  6
Continuous
 62
7
370
25
100
AcDbLine
 10
359.06793098690525
 20
279.79315375934823
 30
0.0
 11
385.0679309869057
 21
279.793153759348
 31
0.0
  0
LINE
  5
8C
330
17
100
AcDbEntity
  8
0
  6
Continuous
 62
7
370
25
100
AcDbLine
 10
485.0679309869057
 20
279.79315375934726
 30
0.0
 11
511.06793098690525
 21
279.79315375934726
 31
0.0
  0
LINE
  5
8D
330
17
100
AcDbEntity
  8
0
  6
Continuous
 62
7
370
25
100
AcDbLine
 10
511.06793098690525
 20
279.79315375934726
 30
0.0
 11
511.06793098690525
 21
278.7931537593472
 31
0.0
  0
LINE
  5
8E
330
17
100
AcDbEntity
  8
0
  6
Continuous
 62
7
370
25
100
AcDbLine
 10
511.06793098690525
 20
278.7931537593472
 30
0.0
 11
485.0679309869057
 21
278.7931537593475
 31
0.0
  0
LINE
  5
8F
330
17
100
AcDbEntity
  8
0
  6
Continuous
 62
7
370
25
100
AcDbLine
 10
385.0679309869057
 20
278.793153759348
 30
0.0
 11
359.067930986905
 21
278.7931537593483
 31
0.0
  0
LINE
  5
90
330
17
100
AcDbEntity
  8
0
  6
Continuous
 62
7
370
25
100
AcDbLine
 10
385.0679309869057
 20
387.79315375934823
 30
0.0
 11
359.067930986906
 21
387.79315375934823
 31
0.0
  0
LINE
  5
91
330
17
100
AcDbEntity
  8
0
  6
Continuous
 62
7
370
25
100
AcDbLine
 10
511.06793098690525
 20
279.79315375934726
 30
0.0
 11
511.06793098690605
 21
377.12947629763596
 31
0.0
  0
LINE
  5
92
330
17
100
AcDbEntity
  8
0
  6
Continuous
 62
7
370
25
100
AcDbLine
 10
359.067930986906
 20
388.79315375934823
 30
0.0
 11
358.067930986906
 21
387.79315375934823
 31
0.0
  0
LINE
  5
93
330
17
100
AcDbEntity
  8
0
  6
Continuous
 62
7
370
25
100
AcDbLine
 10
359.067930986906
 20
388.79315375934823
 30
0.0
 11
359.067930986906
 21
387.79315375934823
 31
0.0
  0
LINE
  5
94
330
17
100
AcDbEntity
  8
0
  6
Continuous
 62
7
370
25
100
AcDbLine
 10
359.067930986906
 20
388.79315375934823
 30
0.0
 11
385.0679309869057
 21
388.793153759348
 31
0.0
  0
LINE
  5
95
330
17
100
AcDbEntity
  8
0
  6
Continuous
 62
7
370
25
100
AcDbLine
 10
512.0679309869049
 20
279.79315375934726
 30
0.0
 11
511.06793098690525
 21
278.7931537593472
 31
0.0
  0
LINE
  5
96
330
17
100
AcDbEntity
  8
0
  6
Continuous
 62
7
370
25
100
AcDbLine
 10
512.0679309869049
 20
279.79315375934726
 30
0.0
 11
511.06793098690525
 21
279.79315375934726
 31
0.0
  0
LINE
  5
97
330
17
100
AcDbEntity
  8
0
  6
Continuous
 62
7
370
25
100
AcDbLine
 10
512.0679309869057
 20
376.9602919890465
 30
0.0
 11
512.0679309869049
 21
279.79315375934726
 31
0.0
  0
ARC
  5
98
330
17
100
AcDbEntity
  8
0
  6
Continuous
 62
7
370
25
100
AcDbCircle
 10
345.067930986905
 20
283.7931537593483
 30
0.0
 40
5.0
100
AcDbArc
 50
179.9999999999987
 51
-89.9999999999993
  0
LINE
  5
99
330
17
100
AcDbEntity
  8
0
  6
Continuous
 62
7
370
25
100
AcDbLine
 10
340.0679309869057
 20
383.79315375934823
 30
0.0
 11
340.067930986905
 21
283.7931537593483
 31
0.0
  0
ARC
  5
9A
330
17
100
AcDbEntity
  8
0
  6
Continuous
 62
7
370
25
100
AcDbCircle
 10
345.0679309869057
 20
383.79315375934823
 30
0.0
 40
5.0
100
AcDbArc
 50
89.99999999999919
 51
179.9999999999982
  0
CIRCLE
  5
9B
330
17
100
AcDbEntity
  8
0
  6
Continuous
 62
7
370
25
100
AcDbCircle
 10
350.067930986905
 20
298.7931537593483
 30
0.0
 40
2.7499999999999853
  0
CIRCLE
  5
9C
330
17
100
AcDbEntity
  8
0
  6
Continuous
 62
7
370
25
100
AcDbCircle
 10
350.0679309869055
 20
368.79315375934823
 30
0.0
 40
2.7499999999999853
  0
LINE
  5
9D
330
17
100
AcDbEntity
  8
0
  6
Continuous
 62
7
370
25
100
AcDbLine
 10
359.06793098690576
 20
388.79315375934823
 30
0.0
 11
345.0679309869057
 21
388.79315375934823
 31
0.0
  0
LINE
  5
9E
330
17
100
AcDbEntity
  8
0
  6
Continuous
 62
7
370
25
100
AcDbLine
 10
345.067930986905
 20
278.7931537593483
 30
0.0
 11
359.067930986905
 21
278.7931537593483
 31
0.0
  0
LINE
  5
9F
330
17
100
AcDbEntity
  8
0
  6
Continuous
 62
7
370
25
100
AcDbLine
 10
530.067930986905
 20
283.793153759347
 30
0.0
 11
530.0679309869057
 21
378.2471212403038
 31
0.0
  0
ARC
  5
A0
330
17
100
AcDbEntity
  8
0
  6
Continuous
 62
7
370
25
100
AcDbCircle
 10
525.067930986905
 20
283.793153759347
 30
0.0
 40
5.0
100
AcDbArc
 50
-89.9999999999993
 51
-9.300331668585625e-13
  0
CIRCLE
  5
A1
330
17
100
AcDbEntity
  8
0
  6
Continuous
 62
7
370
25
100
AcDbCircle
 10
520.0679309869055
 20
368.79315375934704
 30
0.0
 40
2.7499999999999853
  0
CIRCLE
  5
A2
330
17
100
AcDbEntity
  8
0
  6
Continuous
 62
7
370
25
100
AcDbCircle
 10
520.067930986905
 20
298.793153759347
 30
0.0
 40
2.7499999999999853
  0
LINE
  5
A3
330
17
100
AcDbEntity
  8
0
  6
Continuous
 62
7
370
25
100
AcDbLine
 10
511.067930986905
 20
278.7931537593472
 30
0.0
 11
525.067930986905
 21
278.793153759347
 31
0.0
  0
LINE
  5
A4
330
17
100
AcDbEntity
  8
0
  6
Continuous
 62
7
370
25
100
AcDbLine
 10
485.0679309869057
 20
440.2931537593477
 30
0.0
 11
385.0679309869057
 21
440.2931537593477
 31
0.0
  0
SPLINE
  5
A5
330
17
100
AcDbEntity
  8
0
  6
Continuous
 62
7
370
25
100
AcDbSpline
210
0.0
220
0.0
230
2.5
 70
8
 71
3
 72
27
 73
23
 74
0
 42
1e-08
 40
0.0
 40
0.0
 40
0.0
 40
0.0
 40
0.0044418337230872
 40
0.0576189024863439
 40
0.1081265622018852
 40
0.1600376302078989
 40
0.21174277422434
 40
0.2648452074729482
 40
0.318377043259009
 40
0.3734710519045789
 40
0.4266792015154128
 40
0.4815637595741047
 40
0.5325878277226771
 40
0.5851327296084511
 40
0.6355949223495283
 40
0.6874234215279876
 40
0.7397282220081672
 40
0.7934641357683042
 40
0.8472187258737736
 40
0.9025934283440965
 40
0.9506765172496768
 40
1.0
 40
1.0
 40
1.0
 40
1.0
 10
485.06325583149
 20
373.8088099559825
 30
0.0
 10
485.0647880337203
 20
373.80367839981454
 30
0.0
 10
485.0846635663065
 20
373.737112505438
 30
0.0
 10
485.0076769596677
 20
373.9932607398135
 30
0.0
 10
484.8308199990835
 20
374.59701861989424
 30
0.0
 10
484.5509299963342
 20
375.60228616778824
 30
0.0
 10
484.2038558209745
 20
376.95852864978696
 30
0.0
 10
483.8206588036613
 20
378.6482132794563
 30
0.0
 10
483.4382394957605
 20
380.6578745849655
 30
0.0
 10
483.107386036259
 20
382.90925367793074
 30
0.0
 10
482.8667076856828
 20
385.35866686759596
 30
0.0
 10
482.7519386293852
 20
387.8547600868402
 30
0.0
 10
482.7698395032075
 20
390.36647592696954
 30
0.0
 10
482.9106534055925
 20
392.7634956226868
 30
0.0
 10
483.1581532119053
 20
395.0584743364268
 30
0.0
 10
483.48274685850197
 20
397.1797667774908
 30
0.0
 10
483.85852206240776
 20
399.11649433596574
 30
0.0
 10
484.2437543696335
 20
400.79283743405773
 30
0.0
 10
484.5997082339255
 20
402.16575300425177
 30
0.0
 10
484.8665071089913
 20
403.11316293082
 30
0.0
 10
485.03639978535347
 20
403.6886424501603
 30
0.0
 10
485.057331735906
 20
403.7580221581445
 30
0.0
 10
485.0679309869057
 20
403.7931537593477
 30
0.0
  0
SPLINE
  5
A6
330
17
100
AcDbEntity
  8
0
  6
Continuous
 62
7
370
25
100
AcDbSpline
210
0.0
220
0.0
230
2.5
 70
8
 71
3
 72
14
 73
10
 74
0
 42
1e-08
 40
0.0
 40
0.0
 40
0.0
 40
0.0
 40
0.1441672766397791
 40
0.2883549577644999
 40
0.4319586614196341
 40
0.575220714274732
 40
0.7191384780456308
 40
0.86355344312719
 40
1.0
 40
1.0
 40
1.0
 40
1.0
 10
484.87375372958275
 20
361.5016358270447
 30
0.0
 10
484.83142875868975
 20
362.0449966189915
 30
0.0
 10
484.746772826506
 20
363.13179510658597
 30
0.0
 10
484.678173538179
 20
365.19111880455574
 30
0.0
 10
484.69738086598727
 20
367.27876268946295
 30
0.0
 10
484.79608592724225
 20
369.2098235173057
 30
0.0
 10
484.929037965784
 20
370.7437605275228
 30
0.0
 10
485.04477863504127
 20
371.76316390931197
 30
0.0
 10
485.05901985632823
 20
371.87579002350475
 30
0.0
 10
485.0659384459475
 20
371.93050540562126
 30
0.0
  0
SPLINE
  5
A7
330
17
100
AcDbEntity
  8
0
  6
Continuous
 62
7
370
25
100
AcDbSpline
210
0.0
220
0.0
230
2.5
 70
8
 71
3
 72
10
 73
6
 74
0
 42
1e-08
 40
0.0
 40
0.0
 40
0.0
 40
0.0
 40
0.2974943280017947
 40
0.7153860000782862
 40
1.0
 40
1.0
 40
1.0
 40
1.0
 10
485.0593097735
 20
359.7102218695105
 30
0.0
 10
485.05854166700306
 20
359.716684516184
 30
0.0
 10
485.0566945977223
 20
359.73222527282525
 30
0.0
 10
484.97209152648225
 20
360.43168487074274
 30
0.0
 10
484.90210724589423
 20
361.1931392687693
 30
0.0
 10
484.87375372958275
 20
361.5016358270447
 30
0.0
  0
SPLINE
  5
A8
330
17
100
AcDbEntity
  8
0
  6
Continuous
 62
7
370
25
100
AcDbSpline
210
0.0
220
0.0
230
2.5
 70
8
 71
3
 72
10
 73
6
 74
0
 42
1e-08
 40
0.0
 40
0.0
 40
0.0
 40
0.0
 40
0.4217610348016957
 40
0.8436172090712472
 40
1.0
 40
1.0
 40
1.0
 40
1.0
 10
385.26210824422895
 20
288.20163582704475
 30
0.0
 10
385.220517135576
 20
287.7623505984358
 30
0.0
 10
385.1373255362845
 20
286.88368104869977
 30
0.0
 10
385.0656922168763
 20
286.32239851441176
 30
0.0
 10
385.0751910799055
 20
286.399214228639
 30
0.0
 10
385.07776001558875
 20
286.4199887812045
 30
0.0
  0
SPLINE
  5
A9
330
17
100
AcDbEntity
  8
0
  6
Continuous
 62
7
370
25
100
AcDbSpline
210
0.0
220
0.0
230
2.5
 70
8
 71
3
 72
15
 73
11
 74
0
 42
1e-08
 40
0.0
 40
0.0
 40
0.0
 40
0.0
 40
0.0418591021530761
 40
0.1842595576196456
 40
0.3270325426475686
 40
0.4709482699987941
 40
0.6152401742567106
 40
0.7588329473525874
 40
0.9019889526556257
 40
1.0
 40
1.0
 40
1.0
 40
1.0
 10
385.0766428300605
 20
298.57533759277896
 30
0.0
 10
385.07410915632823
 20
298.59624428327726
 30
0.0
 10
385.06295617938775
 20
298.6882734321217
 30
0.0
 10
385.128578322335
 20
298.15381784725776
 30
0.0
 10
385.248465116743
 20
297.014619064945
 30
0.0
 10
385.3787668539872
 20
295.3150087364935
 30
0.0
 10
385.4546762734032
 20
293.3037654062755
 30
0.0
 10
385.44417129417803
 20
291.2083349970525
 30
0.0
 10
385.3617448680672
 20
289.44264514255525
 30
0.0
 10
385.29089987274654
 20
288.56024572190597
 30
0.0
 10
385.26210824422895
 20
288.20163582704475
 30
0.0
  0
LINE
  5
AA
330
17
100
AcDbEntity
  8
0
  6
Continuous
 62
7
370
25
100
AcDbLine
 10
385.0679309869057
 20
267.293153759348
 30
0.0
 11
485.0679309869057
 21
267.293153759348
 31
0.0
  0
LINE
  5
AB
330
17
100
AcDbEntity
  8
0
  6
Continuous
 62
7
370
25
100
AcDbLine
 10
484.06793098690576
 20
266.2931537593478
 30
0.0
 11
386.06793098690605
 21
266.2931537593478
 31
0.0
  0
ARC
  5
AC
330
17
100
AcDbEntity
  8
0
  6
Continuous
 62
7
370
25
100
AcDbCircle
 10
467.5041095519958
 20
234.7931135015185
 30
0.0
 40
9.74995970790177
100
AcDbArc
 50
-115.51644051147656
 51
-64.48355948852178
  0
LINE
  5
AD
330
17
100
AcDbEntity
  8
0
  6
Continuous
 62
7
370
25
100
AcDbLine
 10
471.7182247728873
 20
225.99414813371033
 30
0.0
 11
471.7041003569645
 21
225.99414813371033
 31
0.0
  0
SPLINE
  5
AE
330
17
100
AcDbEntity
  8
0
  6
Continuous
 62
7
370
25
100
AcDbSpline
210
0.0
220
0.0
230
2.5
 70
8
 71
3
 72
13
 73
9
 74
0
 42
1e-08
 40
0.0
 40
0.0
 40
0.0
 40
0.0
 40
0.2491134374835681
 40
0.4987610504198123
 40
0.6235349398463763
 40
0.748949149877304
 40
0.8738563364000282
 40
1.0
 40
1.0
 40
1.0
 40
1.0
 10
474.7244957231953
 20
228.2187716591045
 30
0.0
 10
474.40995679987975
 20
227.90088934774963
 30
0.0
 10
473.78020448553053
 20
227.2644430880746
 30
0.0
 10
472.91829067365876
 20
226.65866167865104
 30
0.0
 10
472.3393405562415
 20
226.31221684533205
 30
0.0
 10
471.995979479997
 20
226.12879478685363
 30
0.0
 10
471.7640272942248
 20
226.01509016012682
 30
0.0
 10
471.73354232824227
 20
226.00115169245598
 30
0.0
 10
471.7182247728873
 20
225.99414813371033
 30
0.0
  0
ARC
  5
AF
330
17
100
AcDbEntity
  8
0
  6
Continuous
 62
7
370
25
100
AcDbCircle
 10
467.5244755873337
 20
234.7931537593479
 30
0.0
 40
9.750014869568878
100
AcDbArc
 50
-42.39939357638509
 51
42.39939357638576
  0
SPLINE
  5
B0
330
17
100
AcDbEntity
  8
0
  6
Continuous
 62
7
370
25
100
AcDbSpline
210
0.0
220
0.0
230
2.5
 70
8
 71
3
 72
13
 73
9
 74
0
 42
1e-08
 40
0.0
 40
0.0
 40
0.0
 40
0.0
 40
0.1251363600101143
 40
0.2506323174109519
 40
0.3760921940347143
 40
0.501272726983789
 40
0.7512478305963617
 40
1.0
 40
1.0
 40
1.0
 40
1.0
 10
471.7182247728873
 20
243.59215938498534
 30
0.0
 10
471.733309892366
 20
243.5852621397551
 30
0.0
 10
471.76352348059174
 20
243.5714478290651
 30
0.0
 10
471.99449059767824
 20
243.45828198096427
 30
0.0
 10
472.338470801189
 20
243.2745912374203
 30
0.0
 10
472.9182429129375
 20
242.92773115628268
 30
0.0
 10
473.780787983806
 20
242.32138576422875
 30
0.0
 10
474.4104411363612
 20
241.68496563705224
 30
0.0
 10
474.7244957231953
 20
241.36753585959121
 30
0.0
  0
LINE
  5
B1
330
17
100
AcDbEntity
  8
0
  6
Continuous
 62
7
370
25
100
AcDbLine
 10
471.7041003569645
 20
243.59215938498534
 30
0.0
 11
471.7182247728873
 21
243.59215938498534
 31
0.0
  0
ARC
  5
B2
330
17
100
AcDbEntity
  8
0
  6
Continuous
 62
7
370
25
100
AcDbCircle
 10
467.5041095519958
 20
234.7931940171776
 30
0.0
 40
9.749959707901386
100
AcDbArc
 50
64.48355948852156
 51
115.51644051147852
  0
SPLINE
  5
B3
330
17
100
AcDbEntity
  8
0
  6
Continuous
 62
7
370
25
100
AcDbSpline
210
0.0
220
0.0
230
2.5
 70
8
 71
3
 72
13
 73
9
 74
0
 42
1e-08
 40
0.0
 40
0.0
 40
0.0
 40
0.0
 40
0.255216935012293
 40
0.5109811332439721
 40
0.6388120923069956
 40
0.7672990603903307
 40
0.8952665824451791
 40
1.0
 40
1.0
 40
1.0
 40
1.0
 10
460.32452724901754
 20
241.36753585959121
 30
0.0
 10
460.6389743780335
 20
241.68542553353802
 30
0.0
 10
461.2685429069487
 20
242.32188653418467
 30
0.0
 10
462.12831149205846
 20
242.92757568162753
 30
0.0
 10
462.70515721290104
 20
243.27421271506063
 30
0.0
 10
463.045021145776
 20
243.4570448454991
 30
0.0
 10
463.2639292070465
 20
243.5656016107992
 30
0.0
 10
463.2916446530805
 20
243.5791266070629
 30
0.0
 10
463.30411874702725
 20
243.58521390126757
 30
0.0
  0
ARC
  5
B4
330
17
100
AcDbEntity
  8
0
  6
Continuous
 62
7
370
25
100
AcDbCircle
 10
467.5245473848795
 20
234.7931537593479
 30
0.0
 40
9.750014869569089
100
AcDbArc
 50
137.6006064236154
 51
-137.60060642361444
  0
SPLINE
  5
B5
330
17
100
AcDbEntity
  8
0
  6
Continuous
 62
7
370
25
100
AcDbSpline
210
0.0
220
0.0
230
2.5
 70
8
 71
3
 72
13
 73
9
 74
0
 42
1e-08
 40
0.0
 40
0.0
 40
0.0
 40
0.0
 40
0.1035222451945644
 40
0.2321186675229162
 40
0.3606781176735068
 40
0.4889513227695911
 40
0.7451022352094325
 40
0.9999999999999999
 40
0.9999999999999999
 40
0.9999999999999999
 40
0.9999999999999999
 10
463.30411874702725
 20
226.0010934618849
 30
0.0
 10
463.2918675909642
 20
226.00707449243995
 30
0.0
 10
463.2643979199225
 20
226.02048522208779
 30
0.0
 10
463.046483729427
 20
226.12850037832624
 30
0.0
 10
462.7060270982085
 20
226.3115922389613
 30
0.0
 10
462.12835777812353
 20
226.65864760362234
 30
0.0
 10
461.26796056324673
 20
227.2648993918077
 30
0.0
 10
460.6384905104585
 20
227.90133443961938
 30
0.0
 10
460.32452724901754
 20
228.2187716591045
 30
0.0
  0
ARC
  5
B6
330
17
100
AcDbEntity
  8
0
  6
Continuous
 62
7
370
25
100
AcDbCircle
 10
467.53150528931377
 20
234.7931537593479
 30
0.0
 40
9.75000000001333
100
AcDbArc
 50
-89.99990543491471
 51
89.99990543491845
  0
LINE
  5
B7
330
17
100
AcDbEntity
  8
0
  6
Continuous
 62
7
370
25
100
AcDbLine
 10
471.7182247728873
 20
225.99414813371033
 30
0.0
 11
471.7182247728873
 21
243.59215938498534
 31
0.0
  0
LINE
  5
B8
330
17
100
AcDbEntity
  8
0
  6
Continuous
 62
7
370
25
100
AcDbLine
 10
471.7041003569645
 20
225.99414813371033
 30
0.0
 11
471.7041003569645
 21
243.59215938498534
 31
0.0
  0
LINE
  5
B9
330
17
100
AcDbEntity
  8
0
  6
Continuous
 62
7
370
25
100
AcDbLine
 10
463.30411874702725
 20
243.59215938498534
 30
0.0
 11
463.30411874702725
 21
225.99414813371033
 31
0.0
  0
LINE
  5
BA
330
17
100
AcDbEntity
  8
0
  6
Continuous
 62
7
370
25
100
AcDbLine
 10
468.50410736270277
 20
239.79315375934786
 30
0.0
 11
466.50411174128897
 21
239.79315375934786
 31
0.0
  0
LINE
  5
BB
330
17
100
AcDbEntity
  8
0
  6
Continuous
 62
7
370
25
100
AcDbLine
 10
466.50411174128897
 20
239.79315375934786
 30
0.0
 11
466.50411174128897
 21
229.79315375934783
 31
0.0
  0
LINE
  5
BC
330
17
100
AcDbEntity
  8
0
  6
Continuous
 62
7
370
25
100
AcDbLine
 10
466.50411174128897
 20
229.79315375934783
 30
0.0
 11
468.50410736270277
 21
229.79315375934783
 31
0.0
  0
LINE
  5
BD
330
17
100
AcDbEntity
  8
0
  6
Continuous
 62
7
370
25
100
AcDbLine
 10
468.50410736270277
 20
229.79315375934783
 30
0.0
 11
468.50410736270277
 21
239.79315375934786
 31
0.0
  0
LINE
  5
BE
330
17
100
AcDbEntity
  8
0
  6
Continuous
 62
7
370
25
100
AcDbLine
 10
466.50829675341424
 20
239.79315375934786
 30
0.0
 11
466.50829675341424
 21
229.79315375934783
 31
0.0
  0
LINE
  5
BF
330
17
100
AcDbEntity
  8
0
  6
Continuous
 62
7
370
25
100
AcDbLine
 10
474.7244957231953
 20
228.2187716591045
 30
0.0
 11
474.7244957231953
 21
241.36753585959121
 31
0.0
  0
LINE
  5
C0
330
17
100
AcDbEntity
  8
0
  6
Continuous
 62
7
370
25
100
AcDbLine
 10
460.32452724901754
 20
228.2187716591045
 30
0.0
 11
460.32452724901754
 21
241.36753585959121
 31
0.0
  0
CIRCLE
  5
C1
330
17
100
AcDbEntity
  8
0
  6
Continuous
 62
7
370
25
100
AcDbCircle
 10
467.5315238865415
 20
234.79313572369045
 30
0.0
 40
11.999981964342844
  0
ARC
  5
C2
330
17
100
AcDbEntity
  8
0
  6
Continuous
 62
7
370
25
100
AcDbCircle
 10
467.53653820981197
 20
234.79318395304063
 30
0.0
 40
11.99996980630834
100
AcDbArc
 50
28.954939376203953
 51
89.99997523787358
  0
ARC
  5
C3
330
17
100
AcDbEntity
  8
0
  6
Continuous
 62
7
370
25
100
AcDbCircle
 10
467.53649469296954
 20
234.7931537593479
 30
0.0
 40
12.000022500997447
100
AcDbArc
 50
-28.95496493035278
 51
28.954964930353214
  0
ARC
  5
C4
330
17
100
AcDbEntity
  8
0
  6
Continuous
 62
7
370
25
100
AcDbCircle
 10
467.53653820981197
 20
234.79312356565504
 30
0.0
 40
11.99996980630834
100
AcDbArc
 50
-89.9999752378727
 51
-28.954939376203086
  0
LINE
  5
C5
330
17
100
AcDbEntity
  8
0
  6
Continuous
 62
7
370
25
100
AcDbLine
 10
467.53654339596653
 20
246.79315375934783
 30
0.0
 11
478.0365204083878
 21
246.79315375934783
 31
0.0
  0
ARC
  5
C6
330
17
100
AcDbEntity
  8
0
  6
Continuous
 62
7
370
25
100
AcDbCircle
 10
934.9387113769042
 20
247.7931493807698
 30
0.0
 40
477.90319122234
100
AcDbArc
 50
179.6403273267581
 51
-179.8801105087758
  0
LINE
  5
C7
330
17
100
AcDbEntity
  8
0
  6
Continuous
 62
7
370
25
100
AcDbLine
 10
457.0449364077957
 20
250.79315375934777
 30
0.0
 11
478.0448904326383
 21
250.79315375934777
 31
0.0
  0
ARC
  5
C8
330
17
100
AcDbEntity
  8
0
  6
Continuous
 62
7
370
25
100
AcDbCircle
 10
955.9386654037708
 20
247.79314938076553
 30
0.0
 40
477.9031912243637
100
AcDbArc
 50
179.6403273267591
 51
-179.88011050877694
  0
LINE
  5
C9
330
17
100
AcDbEntity
  8
0
  6
Continuous
 62
7
370
25
100
AcDbLine
 10
478.0877868069223
 20
253.99315375934776
 30
0.0
 11
478.0877868069223
 21
240.50898922047398
 31
0.0
  0
LINE
  5
CA
330
17
100
AcDbEntity
  8
0
  6
Continuous
 62
7
370
25
100
AcDbLine
 10
478.0877868069223
 20
229.07731829822168
 30
0.0
 11
478.0877868069223
 21
215.59315375934787
 31
0.0
  0
LINE
  5
CB
330
17
100
AcDbEntity
  8
0
  6
Continuous
 62
7
370
25
100
AcDbLine
 10
478.0877868069223
 20
215.59315375934787
 30
0.0
 11
478.0448904326383
 21
215.59315375934787
 31
0.0
  0
LINE
  5
CC
330
17
100
AcDbEntity
  8
0
  6
Continuous
 62
7
370
25
100
AcDbLine
 10
478.0448904326383
 20
215.59315375934787
 30
0.0
 11
478.0448904326383
 21
218.7931537593479
 31
0.0
  0
ARC
  5
CD
330
17
100
AcDbEntity
  8
0
  6
Continuous
 62
7
370
25
100
AcDbCircle
 10
955.9386654037567
 20
221.7931581379301
 30
0.0
 40
477.90319122435
100
AcDbArc
 50
179.8801105087776
 51
-179.64032732675832
  0
LINE
  5
CE
330
17
100
AcDbEntity
  8
0
  6
Continuous
 62
7
370
25
100
AcDbLine
 10
478.0365204083878
 20
222.79315375934786
 30
0.0
 11
478.0365204083878
 21
228.9836787400367
 31
0.0
  0
LINE
  5
CF
330
17
100
AcDbEntity
  8
0
  6
Continuous
 62
7
370
25
100
AcDbLine
 10
478.0365204083878
 20
240.60262877865895
 30
0.0
 11
478.0365204083878
 21
246.79315375934783
 31
0.0
  0
LINE
  5
D0
330
17
100
AcDbEntity
  8
0
  6
Continuous
 62
7
370
25
100
AcDbLine
 10
478.0448904326383
 20
250.79315375934777
 30
0.0
 11
478.0448904326383
 21
253.99315375934776
 31
0.0
  0
LINE
  5
D1
330
17
100
AcDbEntity
  8
0
  6
Continuous
 62
7
370
25
100
AcDbLine
 10
478.0448904326383
 20
253.99315375934776
 30
0.0
 11
478.0877868069223
 21
253.99315375934776
 31
0.0
  0
LWPOLYLINE
  5
D2
330
17
100
AcDbEntity
  8
0
  6
Continuous
 62
7
370
25
100
AcDbPolyline
 90
13
 70
128
 10
478.05050911339947
 20
217.99315375934782
 10
478.05255955812197
 20
218.69224446339592
 10
478.05424266314776
 20
219.58776261935094
 10
478.055477810251
 20
220.63681424033913
 10
478.0562058377237
 20
221.7891513150152
 10
478.0563918741335
 20
222.98957861252143
 10
478.0560270086133
 20
224.18059745189902
 10
478.05512871767854
 20
225.3051598033311
 10
478.0537400281278
 20
226.30940080386637
 10
478.051927456124
 20
227.14521880418755
 10
478.0497778211682
 20
227.77257936602436
 10
478.047394087576
 20
228.16143285216341
 10
478.0448904326383
 20
228.29315375934786
  0
LINE
  5
D3
330
17
100
AcDbEntity
  8
0
  6
Continuous
 62
7
370
25
100
AcDbLine
 10
478.05050911339947
 20
217.99315375934782
 30
0.0
 11
478.08632205267827
 21
217.99315375934782
 31
0.0
  0
LINE
  5
D4
330
17
100
AcDbEntity
  8
0
  6
Continuous
 62
7
370
25
100
AcDbLine
 10
478.08632205267827
 20
217.99315375934782
 30
0.0
 11
478.08632205267827
 21
229.07461522527964
 31
0.0
  0
LINE
  5
D5
330
17
100
AcDbEntity
  8
0
  6
Continuous
 62
7
370
25
100
AcDbLine
 10
478.08632205267827
 20
240.51169229341608
 30
0.0
 11
478.08632205267827
 21
251.59315375934773
 31
0.0
  0
LINE
  5
D6
330
17
100
AcDbEntity
  8
0
  6
Continuous
 62
7
370
25
100
AcDbLine
 10
478.08632205267827
 20
251.59315375934773
 30
0.0
 11
478.05050911339947
 21
251.59315375934773
 31
0.0
  0
LWPOLYLINE
  5
D7
330
17
100
AcDbEntity
  8
0
  6
Continuous
 62
7
370
25
100
AcDbPolyline
 90
13
 70
128
 10
478.0448904326383
 20
241.29315375934783
 10
478.047394087576
 20
241.42487466653228
 10
478.0497778211682
 20
241.81372815267133
 10
478.051927456124
 20
242.44108871450817
 10
478.0537400281278
 20
243.2769067148293
 10
478.05512871767854
 20
244.2811477153646
 10
478.0560270086133
 20
245.40571006679667
 10
478.0563918741335
 20
246.5967289061743
 10
478.0562058377237
 20
247.7971562036805
 10
478.055477810251
 20
248.94949327835656
 10
478.05424266314776
 20
249.99854489934478
 10
478.05255955812197
 20
250.89406305529977
 10
478.05050911339947
 20
251.59315375934773
  0
LINE
  5
D8
330
17
100
AcDbEntity
  8
0
  6
Continuous
 62
7
370
25
100
AcDbLine
 10
478.0448904326383
 20
241.29315375934783
 30
0.0
 11
478.0448904326383
 21
240.58747503524484
 31
0.0
  0
LINE
  5
D9
330
17
100
AcDbEntity
  8
0
  6
Continuous
 62
7
370
25
100
AcDbLine
 10
478.0448904326383
 20
228.99883248345083
 30
0.0
 11
478.0448904326383
 21
228.29315375934786
 31
0.0
  0
LWPOLYLINE
  5
DA
330
17
100
AcDbEntity
  8
0
  6
Continuous
 62
7
370
25
100
AcDbPolyline
 90
19
 70
128
 10
478.0448904326383
 20
244.69315375934784
 10
478.04338750626897
 20
244.81979925569746
 10
478.04206585500077
 20
245.184460428798
 10
478.041084889482
 20
245.74315375934785
 10
478.0405629286315
 20
246.42849258624727
 10
478.0405629286315
 20
247.1578149324484
 10
478.041084889482
 20
247.84315375934784
 10
478.04206585500077
 20
248.4018470898977
 10
478.04338750626897
 20
248.76650826299823
 10
478.0448904326383
 20
248.89315375934785
 10
478.04639335900754
 20
248.76650826299823
 10
478.047715010276
 20
248.40184708989767
 10
478.0486959757948
 20
247.84315375934784
 10
478.049217936645
 20
247.1578149324484
 10
478.049217936645
 20
246.42849258624727
 10
478.0486959757948
 20
245.74315375934785
 10
478.047715010276
 20
245.18446042879793
 10
478.04639335900754
 20
244.81979925569743
 10
478.0448904326383
 20
244.69315375934784
  0
LWPOLYLINE
  5
DB
330
17
100
AcDbEntity
  8
0
  6
Continuous
 62
7
370
25
100
AcDbPolyline
 90
19
 70
128
 10
478.0448904326383
 20
220.6931537593478
 10
478.04338750626897
 20
220.81979925569743
 10
478.04206585500077
 20
221.18446042879796
 10
478.041084889482
 20
221.74315375934782
 10
478.0405629286315
 20
222.42849258624727
 10
478.0405629286315
 20
223.15781493244842
 10
478.041084889482
 20
223.84315375934787
 10
478.04206585500077
 20
224.40184708989773
 10
478.04338750626897
 20
224.7665082629983
 10
478.0448904326383
 20
224.89315375934785
 10
478.04639335900754
 20
224.7665082629983
 10
478.047715010276
 20
224.40184708989773
 10
478.0486959757948
 20
223.84315375934787
 10
478.049217936645
 20
223.15781493244842
 10
478.049217936645
 20
222.42849258624727
 10
478.0486959757948
 20
221.74315375934782
 10
478.047715010276
 20
221.18446042879796
 10
478.04639335900754
 20
220.8197992556974
 10
478.0448904326383
 20
220.6931537593478
  0
LINE
  5
DC
330
17
100
AcDbEntity
  8
0
  6
Continuous
 62
7
370
25
100
AcDbLine
 10
467.53654339596653
 20
222.79315375934786
 30
0.0
 11
478.0365204083878
 21
222.79315375934786
 31
0.0
  0
LINE
  5
DD
330
17
100
AcDbEntity
  8
0
  6
Continuous
 62
7
370
25
100
AcDbLine
 10
457.0449364077957
 20
218.7931537593479
 30
0.0
 11
478.0448904326383
 21
218.7931537593479
 31
0.0
  0
ARC
  5
DE
330
17
100
AcDbEntity
  8
0
  6
Continuous
 62
7
370
25
100
AcDbCircle
 10
934.9387113768903
 20
221.79315813792596
 30
0.0
 40
477.90319122232603
100
AcDbArc
 50
179.8801105087767
 51
-179.64032732675733
  0
LINE
  5
DF
330
17
100
AcDbEntity
  8
0
  6
Continuous
 62
7
370
25
100
AcDbLine
 10
457.0365663835452
 20
240.61169630157477
 30
0.0
 11
457.0365663835452
 21
246.79315375934783
 31
0.0
  0
LINE
  5
E0
330
17
100
AcDbEntity
  8
0
  6
Continuous
 62
7
370
25
100
AcDbLine
 10
457.0365663835452
 20
222.79315375934786
 30
0.0
 11
457.0365663835452
 21
228.97461121712095
 31
0.0
  0
LINE
  5
E1
330
17
100
AcDbEntity
  8
0
  6
Continuous
 62
7
370
25
100
AcDbLine
 10
457.0449364077957
 20
253.99315375934776
 30
0.0
 11
478.0448904326383
 21
253.99315375934776
 31
0.0
  0
LINE
  5
E2
330
17
100
AcDbEntity
  8
0
  6
Continuous
 62
7
370
25
100
AcDbLine
 10
457.0449364077957
 20
250.79315375934777
 30
0.0
 11
457.0449364077957
 21
253.99315375934776
 31
0.0
  0
LINE
  5
E3
330
17
100
AcDbEntity
  8
0
  6
Continuous
 62
7
370
25
100
AcDbLine
 10
457.0449364077957
 20
215.59315375934787
 30
0.0
 11
478.0448904326383
 21
215.59315375934787
 31
0.0
  0
LINE
  5
E4
330
17
100
AcDbEntity
  8
0
  6
Continuous
 62
7
370
25
100
AcDbLine
 10
457.0449364077957
 20
215.59315375934787
 30
0.0
 11
457.0449364077957
 21
218.7931537593479
 31
0.0
  0
LINE
  5
E5
330
17
100
AcDbEntity
  8
0
  6
Continuous
 62
7
370
25
100
AcDbLine
 10
467.5473931349507
 20
266.1685695561315
 30
0.0
 11
467.5473931349507
 21
258.71773796256423
 31
0.0
  0
LINE
  5
E6
330
17
100
AcDbEntity
  8
0
  6
Continuous
 62
7
370
25
100
AcDbLine
 10
476.057643451936
 20
266.1685695561315
 30
0.0
 11
476.057643451936
 21
258.71773796256423
 31
0.0
  0
SPLINE
  5
E7
330
17
100
AcDbEntity
  8
0
  6
Continuous
 62
7
370
25
100
AcDbSpline
210
0.0
220
0.0
230
2.5
 70
8
 71
3
 72
9
 73
5
 74
0
 42
1e-08
 40
0.0
 40
0.0
 40
0.0
 40
0.0
 40
0.5601176780985383
 40
1.0
 40
1.0
 40
1.0
 40
1.0
 10
475.1799191834913
 20
258.59315375934773
 30
0.0
 10
475.34395567858076
 20
258.6149212334475
 30
0.0
 10
475.636816449636
 20
258.6537835564035
 30
0.0
 10
475.92908130760327
 20
258.69819996820877
 30
0.0
 10
476.057643451936
 20
258.71773796256423
 30
0.0
  0
LINE
  5
E8
330
17
100
AcDbEntity
  8
0
  6
Continuous
 62
7
370
25
100
AcDbLine
 10
475.1799191834913
 20
258.59315375934773
 30
0.0
 11
473.60312388497925
 21
258.59315375934773
 31
0.0
  0
LINE
  5
E9
330
17
100
AcDbEntity
  8
0
  6
Continuous
 62
7
370
25
100
AcDbLine
 10
470.0019127019075
 20
258.59315375934773
 30
0.0
 11
468.4251174033955
 21
258.59315375934773
 31
0.0
  0
SPLINE
  5
EA
330
17
100
AcDbEntity
  8
0
  6
Continuous
 62
7
370
25
100
AcDbSpline
210
0.0
220
0.0
230
2.5
 70
8
 71
3
 72
9
 73
5
 74
0
 42
1e-08
 40
0.0
 40
0.0
 40
0.0
 40
0.0
 40
0.5600631380498984
 40
1.0
 40
1.0
 40
1.0
 40
1.0
 10
467.5473931349507
 20
258.71773796256423
 30
0.0
 10
467.711094020101
 20
258.69297718650574
 30
0.0
 10
468.00338407461226
 20
258.64876649957375
 30
0.0
 10
468.2962672835415
 20
258.6101448476837
 30
0.0
 10
468.4251174033955
 20
258.59315375934773
 30
0.0
  0
LINE
  5
EB
330
17
100
AcDbEntity
  8
0
  6
Continuous
 62
7
370
25
100
AcDbLine
 10
466.671787085173
 20
258.59315375934773
 30
0.0
 11
468.4251174033955
 21
258.59315375934773
 31
0.0
  0
SPLINE
  5
EC
330
17
100
AcDbEntity
  8
0
  6
Continuous
 62
7
370
25
100
AcDbSpline
210
0.0
220
0.0
230
2.5
 70
8
 71
3
 72
9
 73
5
 74
0
 42
1e-08
 40
0.0
 40
0.0
 40
0.0
 40
0.0
 40
0.5601176780985372
 40
1.0
 40
1.0
 40
1.0
 40
1.0
 10
466.671787085173
 20
258.59315375934773
 30
0.0
 10
466.8354277097387
 20
258.6149212334475
 30
0.0
 10
467.12758171766274
 20
258.6537835564035
 30
0.0
 10
467.4191412506207
 20
258.69819996820877
 30
0.0
 10
467.5473931349507
 20
258.71773796256423
 30
0.0
  0
LINE
  5
ED
330
17
100
AcDbEntity
  8
0
  6
Continuous
 62
7
370
25
100
AcDbLine
 10
459.0576806699205
 20
266.1685695561315
 30
0.0
 11
459.0576806699205
 21
258.71773796256423
 31
0.0
  0
LINE
  5
EE
330
17
100
AcDbEntity
  8
0
  6
Continuous
 62
7
370
25
100
AcDbLine
 10
466.671787085173
 20
258.59315375934773
 30
0.0
 11
465.09879707877326
 21
258.59315375934773
 31
0.0
  0
LINE
  5
EF
330
17
100
AcDbEntity
  8
0
  6
Continuous
 62
7
370
25
100
AcDbLine
 10
461.506276726098
 20
258.59315375934773
 30
0.0
 11
459.93328671969846
 21
258.59315375934773
 31
0.0
  0
SPLINE
  5
F0
330
17
100
AcDbEntity
  8
0
  6
Continuous
 62
7
370
25
100
AcDbSpline
210
0.0
220
0.0
230
2.5
 70
8
 71
3
 72
9
 73
5
 74
0
 42
1e-08
 40
0.0
 40
0.0
 40
0.0
 40
0.0
 40
0.5600631380499013
 40
1.0
 40
1.0
 40
1.0
 40
1.0
 10
459.0576806699205
 20
258.71773796256423
 30
0.0
 10
459.22098649447696
 20
258.69297718650574
 30
0.0
 10
459.51257116317174
 20
258.64876649957375
 30
0.0
 10
459.8047475548205
 20
258.6101448476837
 30
0.0
 10
459.93328671969846
 20
258.59315375934773
 30
0.0
  0
LINE
  5
F1
330
17
100
AcDbEntity
  8
0
  6
Continuous
 62
7
370
25
100
AcDbLine
 10
459.0636041806997
 20
258.59315375934773
 30
0.0
 11
458.8179309869057
 21
258.59315375934773
 31
0.0
  0
LINE
  5
F2
330
17
100
AcDbEntity
  8
0
  6
Continuous
 62
7
370
25
100
AcDbLine
 10
465.09879707877326
 20
258.59315375934773
 30
0.0
 11
461.506276726098
 21
258.59315375934773
 31
0.0
  0
LINE
  5
F3
330
17
100
AcDbEntity
  8
0
  6
Continuous
 62
7
370
25
100
AcDbLine
 10
473.60312388497925
 20
258.59315375934773
 30
0.0
 11
470.0019127019075
 21
258.59315375934773
 31
0.0
  0
LINE
  5
F4
330
17
100
AcDbEntity
  8
0
  6
Continuous
 62
7
370
25
100
AcDbLine
 10
476.3179309869057
 20
258.59315375934773
 30
0.0
 11
476.06356696271524
 21
258.59315375934773
 31
0.0
  0
LINE
  5
F5
330
17
100
AcDbEntity
  8
0
  6
Continuous
 62
7
370
25
100
AcDbLine
 10
458.8179309869057
 20
205.8471537593479
 30
0.0
 11
476.3179309869057
 21
205.8471537593479
 31
0.0
  0
LINE
  5
F6
330
17
100
AcDbEntity
  8
0
  6
Continuous
 62
7
370
25
100
AcDbLine
 10
458.8179309869057
 20
203.59315375934787
 30
0.0
 11
476.3179309869057
 21
203.59315375934787
 31
0.0
  0
LINE
  5
F7
330
17
100
AcDbEntity
  8
0
  6
Continuous
 62
7
370
25
100
AcDbLine
 10
458.8179309869057
 20
202.59315375934784
 30
0.0
 11
476.3179309869057
 21
202.59315375934784
 31
0.0
  0
LINE
  5
F8
330
17
100
AcDbEntity
  8
0
  6
Continuous
 62
7
370
25
100
AcDbLine
 10
460.21793098690574
 20
204.55915375934782
 30
0.0
 11
474.91793098690573
 21
204.55915375934782
 31
0.0
  0
SPLINE
  5
F9
330
17
100
AcDbEntity
  8
0
  6
Continuous
 62
7
370
25
100
AcDbSpline
210
0.0
220
0.0
230
2.5
 70
8
 71
3
 72
9
 73
5
 74
0
 42
1e-08
 40
0.0
 40
0.0
 40
0.0
 40
0.0
 40
0.5600902825157403
 40
1.0
 40
1.0
 40
1.0
 40
1.0
 10
476.057643451936
 20
258.71773796256423
 30
0.0
 10
476.05803853168754
 20
258.692976022892
 30
0.0
 10
476.05874391752224
 20
258.64876540105973
 30
0.0
 10
476.05945073480973
 20
258.61014378399824
 30
0.0
 10
476.059761670603
 20
258.59315375934773
 30
0.0
  0
LINE
  5
FA
330
17
100
AcDbEntity
  8
0
  6
Continuous
 62
7
370
25
100
AcDbLine
 10
475.1799191834913
 20
258.59315375934773
 30
0.0
 11
476.059761670603
 21
258.59315375934773
 31
0.0
  0
SPLINE
  5
FB
330
17
100
AcDbEntity
  8
0
  6
Continuous
 62
7
370
25
100
AcDbSpline
210
0.0
220
0.0
230
2.5
 70
8
 71
3
 72
9
 73
5
 74
0
 42
1e-08
 40
0.0
 40
0.0
 40
0.0
 40
0.0
 40
0.560108206551828
 40
1.0
 40
1.0
 40
1.0
 40
1.0
 10
459.05979888858775
 20
258.59315375934773
 30
0.0
 10
459.0594030247565
 20
258.614920858498
 30
0.0
 10
459.058696261623
 20
258.6537831692005
 30
0.0
 10
459.057990936607
 20
258.6981995577478
 30
0.0
 10
459.0576806699205
 20
258.71773796256423
 30
0.0
  0
LINE
  5
FC
330
17
100
AcDbEntity
  8
0
  6
Continuous
 62
7
370
25
100
AcDbLine
 10
459.05979888858775
 20
258.59315375934773
 30
0.0
 11
459.93328671969846
 21
258.59315375934773
 31
0.0
  0
LINE
  5
FD
330
17
100
AcDbEntity
  8
0
  6
Continuous
 62
7
370
25
100
AcDbLine
 10
476.07818130389126
 20
266.1685695561315
 30
0.0
 11
476.07818130389126
 21
258.71773796256423
 31
0.0
  0
SPLINE
  5
FE
330
17
100
AcDbEntity
  8
0
  6
Continuous
 62
7
370
25
100
AcDbSpline
210
0.0
220
0.0
230
2.5
 70
8
 71
3
 72
9
 73
5
 74
0
 42
1e-08
 40
0.0
 40
0.0
 40
0.0
 40
0.0
 40
0.5601082065518267
 40
1.0
 40
1.0
 40
1.0
 40
1.0
 10
476.0760630852243
 20
258.59315375934773
 30
0.0
 10
476.0764589490555
 20
258.614920858498
 30
0.0
 10
476.07716571218873
 20
258.6537831692005
 30
0.0
 10
476.077871037205
 20
258.6981995577478
 30
0.0
 10
476.07818130389126
 20
258.71773796256423
 30
0.0
  0
LINE
  5
FF
330
17
100
AcDbEntity
  8
0
  6
Continuous
 62
7
370
25
100
AcDbLine
 10
476.06356696271524
 20
258.59315375934773
 30
0.0
 11
476.059761670603
 21
258.59315375934773
 31
0.0
  0
LINE
  5
100
330
17
100
AcDbEntity
  8
0
  6
Continuous
 62
7
370
25
100
AcDbLine
 10
522.3669366125433
 20
384.7413898287405
 30
0.0
 11
522.3669366125433
 21
384.7085944564425
 31
0.0
  0
ARC
  5
101
330
17
100
AcDbEntity
  8
0
  6
Continuous
 62
7
370
25
100
AcDbCircle
 10
513.5681480242649
 20
388.9413402563977
 30
0.0
 40
9.74978277788776
100
AcDbArc
 50
-25.51667388592631
 51
25.516673885927062
  0
SPLINE
  5
102
330
17
100
AcDbEntity
  8
0
  6
Continuous
 62
7
370
25
100
AcDbSpline
210
0.0
220
0.0
230
2.5
 70
8
 71
3
 72
13
 73
9
 74
0
 42
1e-08
 40
0.0
 40
0.0
 40
0.0
 40
0.0
 40
0.2641561383169304
 40
0.5288787082410404
 40
0.6611870619238048
 40
0.7941744019344128
 40
0.92662410185095
 40
1.0
 40
1.0
 40
1.0
 40
1.0
 10
520.1423130871492
 20
396.09388418191975
 30
0.0
 10
520.4602161941948
 20
395.7794835136492
 30
0.0
 10
521.0967040898432
 20
395.1500080058515
 30
0.0
 10
521.7022249046813
 20
394.29188153548404
 30
0.0
 10
522.049212608517
 20
393.715982376313
 30
0.0
 10
522.2309684112726
 20
393.379814007941
 30
0.0
 10
522.3327857357815
 20
393.1760027615495
 30
0.0
 10
522.3457694078985
 20
393.150413234963
 30
0.0
 10
522.3503980284968
 20
393.141290684055
 30
0.0
  0
ARC
  5
103
330
17
100
AcDbEntity
  8
0
  6
Continuous
 62
7
370
25
100
AcDbCircle
 10
513.567930986906
 20
388.893775624336
 30
0.0
 40
9.750080165875062
100
AcDbArc
 50
47.60095679051991
 51
132.3990432094795
  0
SPLINE
  5
104
330
17
100
AcDbEntity
  8
0
  6
Continuous
 62
7
370
25
100
AcDbSpline
210
0.0
220
0.0
230
2.5
 70
8
 71
3
 72
13
 73
9
 74
0
 42
1e-08
 40
0.0
 40
0.0
 40
0.0
 40
0.0
 40
0.0718385773713623
 40
0.204979904809145
 40
0.3380829533839727
 40
0.4708896403195144
 40
0.7360935386018442
 40
1.0
 40
1.0
 40
1.0
 40
1.0
 10
504.7854670735377
 20
393.141290684055
 30
0.0
 10
504.78998246366524
 20
393.150185842749
 30
0.0
 10
504.80286640809175
 20
393.1755667571412
 30
0.0
 10
504.9041472455955
 20
393.37839245176656
 30
0.0
 10
505.0861422910768
 20
393.7151058094855
 30
0.0
 10
505.4335553048285
 20
394.2918398622865
 30
0.0
 10
506.0396356636078
 20
395.1505886280623
 30
0.0
 10
506.67609803759376
 20
395.7799667654737
 30
0.0
 10
506.9935488866625
 20
396.09388418191975
 30
0.0
  0
ARC
  5
105
330
17
100
AcDbEntity
  8
0
  6
Continuous
 62
7
370
25
100
AcDbCircle
 10
513.5677139495469
 20
388.9413402563977
 30
0.0
 40
9.749782777888015
100
AcDbArc
 50
154.4833261140737
 51
-154.48332611407284
  0
LINE
  5
106
330
17
100
AcDbEntity
  8
0
  6
Continuous
 62
7
370
25
100
AcDbLine
 10
504.7689253612685
 20
384.7085944564425
 30
0.0
 11
504.7689253612685
 21
384.7413898287405
 31
0.0
  0
SPLINE
  5
107
330
17
100
AcDbEntity
  8
0
  6
Continuous
 62
7
370
25
100
AcDbSpline
210
0.0
220
0.0
230
2.5
 70
8
 71
3
 72
13
 73
9
 74
0
 42
1e-08
 40
0.0
 40
0.0
 40
0.0
 40
0.0
 40
0.2491134374835721
 40
0.4987610504198112
 40
0.6235349398463799
 40
0.7489491498773058
 40
0.8738563364000286
 40
1.0
 40
1.0
 40
1.0
 40
1.0
 10
506.9935488866625
 20
381.69405414423727
 30
0.0
 10
506.6756665753078
 20
382.008660490162
 30
0.0
 10
506.03922031563275
 20
382.63854779430454
 30
0.0
 10
505.43343890620923
 20
383.5017487179783
 30
0.0
 10
505.0869940728902
 20
384.0823393471342
 30
0.0
 10
504.9035720144118
 20
384.42722534412275
 30
0.0
 10
504.789867387685
 20
384.6609241406532
 30
0.0
 10
504.77592892001394
 20
384.6926522620048
 30
0.0
 10
504.7689253612685
 20
384.7085944564425
 30
0.0
  0
ARC
  5
108
330
17
100
AcDbEntity
  8
0
  6
Continuous
 62
7
370
25
100
AcDbCircle
 10
513.567930986906
 20
388.89416270182124
 30
0.0
 40
9.750080165875168
100
AcDbArc
 50
-132.3990432094781
 51
-47.60095679051971
  0
SPLINE
  5
109
330
17
100
AcDbEntity
  8
0
  6
Continuous
 62
7
370
25
100
AcDbSpline
210
0.0
220
0.0
230
2.5
 70
8
 71
3
 72
13
 73
9
 74
0
 42
1e-08
 40
0.0
 40
0.0
 40
0.0
 40
0.0
 40
0.1251363600101176
 40
0.2506323174109515
 40
0.3760921940347206
 40
0.5012727269837893
 40
0.7512478305963555
 40
1.0
 40
1.0
 40
1.0
 40
1.0
 10
522.3669366125433
 20
384.7085944564425
 30
0.0
 10
522.3600393673132
 20
384.692889720493
 30
0.0
 10
522.3462250566232
 20
384.66143511876874
 30
0.0
 10
522.2330592085223
 20
384.42872193527376
 30
0.0
 10
522.0493684649782
 20
384.083211775181
 30
0.0
 10
521.7025083838407
 20
383.50179595140753
 30
0.0
 10
521.0961629917867
 20
382.63796390258074
 30
0.0
 10
520.4597428646102
 20
382.00817596055003
 30
0.0
 10
520.1423130871492
 20
381.69405414423727
 30
0.0
  0
ARC
  5
10A
330
17
100
AcDbEntity
  8
0
  6
Continuous
 62
7
370
25
100
AcDbCircle
 10
513.5679900393656
 20
388.8777489674465
 30
0.0
 40
9.749940947701447
100
AcDbArc
 50
-90.00034702330129
 51
-0.0003292392631717013
  0
ARC
  5
10B
330
17
100
AcDbEntity
  8
0
  6
Continuous
 62
7
370
25
100
AcDbCircle
 10
513.5678719344462
 20
388.8777489674465
 30
0.0
 40
9.749940947701353
100
AcDbArc
 50
-179.99967076073614
 51
-89.9996529766971
  0
LINE
  5
10C
330
17
100
AcDbEntity
  8
0
  6
Continuous
 62
7
370
25
100
AcDbLine
 10
522.3669366125433
 20
384.7085944564425
 30
0.0
 11
504.7689253612685
 21
384.7085944564425
 31
0.0
  0
LINE
  5
10D
330
17
100
AcDbEntity
  8
0
  6
Continuous
 62
7
370
25
100
AcDbLine
 10
504.7689253612685
 20
384.7413898287405
 30
0.0
 11
522.3669366125433
 21
384.7413898287405
 31
0.0
  0
LINE
  5
10E
330
17
100
AcDbEntity
  8
0
  6
Continuous
 62
7
370
25
100
AcDbLine
 10
522.3669366125433
 20
393.141290684055
 30
0.0
 11
504.7689253612685
 21
393.141290684055
 31
0.0
  0
LINE
  5
10F
330
17
100
AcDbEntity
  8
0
  6
Continuous
 62
7
370
25
100
AcDbLine
 10
508.56793098690605
 20
389.94132845345905
 30
0.0
 11
508.56793098690605
 21
387.9413520593365
 31
0.0
  0
LINE
  5
110
330
17
100
AcDbEntity
  8
0
  6
Continuous
 62
7
370
25
100
AcDbLine
 10
508.56793098690605
 20
387.9413520593365
 30
0.0
 11
518.567930986906
 21
387.9413520593365
 31
0.0
  0
LINE
  5
111
330
17
100
AcDbEntity
  8
0
  6
Continuous
 62
7
370
25
100
AcDbLine
 10
518.567930986906
 20
387.9413520593365
 30
0.0
 11
518.567930986906
 21
389.94132845345905
 31
0.0
  0
LINE
  5
112
330
17
100
AcDbEntity
  8
0
  6
Continuous
 62
7
370
25
100
AcDbLine
 10
518.567930986906
 20
389.94132845345905
 30
0.0
 11
508.56793098690605
 21
389.94132845345905
 31
0.0
  0
LINE
  5
113
330
17
100
AcDbEntity
  8
0
  6
Continuous
 62
7
370
25
100
AcDbLine
 10
518.567930986906
 20
389.9316113061115
 30
0.0
 11
508.56793098690605
 21
389.9316113061115
 31
0.0
  0
LINE
  5
114
330
17
100
AcDbEntity
  8
0
  6
Continuous
 62
7
370
25
100
AcDbLine
 10
520.1423130871492
 20
381.69405414423727
 30
0.0
 11
506.9935488866625
 21
381.69405414423727
 31
0.0
  0
LINE
  5
115
330
17
100
AcDbEntity
  8
0
  6
Continuous
 62
7
370
25
100
AcDbLine
 10
520.1423130871492
 20
396.09388418191975
 30
0.0
 11
506.9935488866625
 21
396.09388418191975
 31
0.0
  0
ARC
  5
116
330
17
100
AcDbEntity
  8
0
  6
Continuous
 62
7
370
25
100
AcDbCircle
 10
513.5680937666527
 20
388.8660603242345
 30
0.0
 40
11.999837220285887
100
AcDbArc
 50
-61.045433859647915
 51
-0.00013349992702019084
  0
ARC
  5
117
330
17
100
AcDbEntity
  8
0
  6
Continuous
 62
7
370
25
100
AcDbCircle
 10
513.567930986906
 20
388.8662949337855
 30
0.0
 40
12.00012130885299
100
AcDbArc
 50
-118.9547039099541
 51
-61.045296090044204
  0
ARC
  5
118
330
17
100
AcDbEntity
  8
0
  6
Continuous
 62
7
370
25
100
AcDbCircle
 10
513.5677682071595
 20
388.8660603242347
 30
0.0
 40
11.999837220286157
100
AcDbArc
 50
-179.99986650007114
 51
-118.95456614035182
  0
CIRCLE
  5
119
330
17
100
AcDbEntity
  8
0
  6
Continuous
 62
7
370
25
100
AcDbCircle
 10
513.5680282204497
 20
388.87770644699106
 30
0.0
 40
11.999902766463817
  0
LINE
  5
11A
330
17
100
AcDbEntity
  8
0
  6
Continuous
 62
7
370
25
100
AcDbLine
 10
497.567930986906
 20
378.34672200061596
 30
0.0
 11
494.367930986906
 21
378.34672200061596
 31
0.0
  0
ARC
  5
11B
330
17
100
AcDbEntity
  8
0
  6
Continuous
 62
7
370
25
100
AcDbCircle
 10
500.56795459263753
 20
172.52985857524774
 30
0.0
 40
205.83872670586456
100
AcDbArc
 50
89.72165270700721
 51
90.83509444413147
  0
LINE
  5
11C
330
17
100
AcDbEntity
  8
0
  6
Continuous
 62
7
370
25
100
AcDbLine
 10
507.7584559675947
 20
378.36615629531104
 30
0.0
 11
501.56793098690576
 21
378.36615629531104
 31
0.0
  0
LINE
  5
11D
330
17
100
AcDbEntity
  8
0
  6
Continuous
 62
7
370
25
100
AcDbLine
 10
525.5679309869059
 20
378.36615629531104
 30
0.0
 11
519.377406006217
 21
378.36615629531104
 31
0.0
  0
ARC
  5
11E
330
17
100
AcDbEntity
  8
0
  6
Continuous
 62
7
370
25
100
AcDbCircle
 10
526.5679073811742
 20
172.52985857524519
 30
0.0
 40
205.83872670586712
100
AcDbArc
 50
89.16490555586856
 51
90.2783472929928
  0
LINE
  5
11F
330
17
100
AcDbEntity
  8
0
  6
Continuous
 62
7
370
25
100
AcDbLine
 10
532.767930986906
 20
378.34672200061596
 30
0.0
 11
529.567930986906
 21
378.34672200061596
 31
0.0
  0
LINE
  5
120
330
17
100
AcDbEntity
  8
0
  6
Continuous
 62
7
370
25
100
AcDbLine
 10
532.767930986906
 20
378.2471212403038
 30
0.0
 11
532.767930986906
 21
378.34672200061596
 31
0.0
  0
LINE
  5
121
330
17
100
AcDbEntity
  8
0
  6
Continuous
 62
7
370
25
100
AcDbLine
 10
494.367930986906
 20
378.2471212403038
 30
0.0
 11
507.9790075967117
 21
378.2471212403038
 31
0.0
  0
LINE
  5
122
330
17
100
AcDbEntity
  8
0
  6
Continuous
 62
7
370
25
100
AcDbLine
 10
519.1568543771
 20
378.2471212403038
 30
0.0
 11
532.767930986906
 21
378.2471212403038
 31
0.0
  0
LINE
  5
123
330
17
100
AcDbEntity
  8
0
  6
Continuous
 62
7
370
25
100
AcDbLine
 10
494.367930986906
 20
378.34672200061596
 30
0.0
 11
494.367930986906
 21
378.2471212403038
 31
0.0
  0
LINE
  5
124
330
17
100
AcDbEntity
  8
0
  6
Continuous
 62
7
370
25
100
AcDbLine
 10
496.76793098690604
 20
378.25501642252345
 30
0.0
 11
496.76793098690604
 21
378.33367602913
 31
0.0
  0
LINE
  5
125
330
17
100
AcDbEntity
  8
0
  6
Continuous
 62
7
370
25
100
AcDbLine
 10
530.367930986906
 20
378.25501642252345
 30
0.0
 11
519.1718298761534
 21
378.25501642252345
 31
0.0
  0
LINE
  5
126
330
17
100
AcDbEntity
  8
0
  6
Continuous
 62
7
370
25
100
AcDbLine
 10
507.9640320976583
 20
378.25501642252345
 30
0.0
 11
496.76793098690604
 21
378.25501642252345
 31
0.0
  0
LINE
  5
127
330
17
100
AcDbEntity
  8
0
  6
Continuous
 62
7
370
25
100
AcDbLine
 10
530.367930986906
 20
378.33367602913
 30
0.0
 11
530.367930986906
 21
378.25501642252345
 31
0.0
  0
ARC
  5
128
330
17
100
AcDbEntity
  8
0
  6
Continuous
 62
7
370
25
100
AcDbCircle
 10
525.9141110648183
 20
927.9853373790247
 30
0.0
 40
549.6697056747787
100
AcDbArc
 50
-90.60939825637188
 51
-89.5357432399515
  0
LINE
  5
129
330
17
100
AcDbEntity
  8
0
  6
Continuous
 62
7
370
25
100
AcDbLine
 10
507.06793098690605
 20
378.34672200061596
 30
0.0
 11
507.793721318596
 21
378.34672200061596
 31
0.0
  0
LINE
  5
12A
330
17
100
AcDbEntity
  8
0
  6
Continuous
 62
7
370
25
100
AcDbLine
 10
519.3421406552158
 20
378.34672200061596
 30
0.0
 11
520.067930986906
 21
378.34672200061596
 31
0.0
  0
ARC
  5
12B
330
17
100
AcDbEntity
  8
0
  6
Continuous
 62
7
370
25
100
AcDbCircle
 10
501.2217509089935
 20
927.98533737902
 30
0.0
 40
549.6697056747739
100
AcDbArc
 50
-90.46425676004705
 51
-89.39060174362652
  0
LWPOLYLINE
  5
12C
330
17
100
AcDbEntity
  8
0
  6
Continuous
 62
7
370
25
100
AcDbPolyline
 90
19
 70
128
 10
503.667930986906
 20
378.34672200061596
 10
503.5412854905562
 20
378.35021163375103
 10
503.1766243174558
 20
378.3532803656283
 10
502.617930986906
 20
378.355558061894
 10
501.9325921600065
 20
378.3567699987633
 10
501.2032698138052
 20
378.3567699987633
 10
500.51793098690604
 20
378.355558061894
 10
499.95923765635604
 20
378.3532803656283
 10
499.5945764832555
 20
378.35021163375103
 10
499.46793098690597
 20
378.34672200061596
 10
499.5945764832555
 20
378.343232367481
 10
499.95923765635604
 20
378.3401636356035
 10
500.51793098690604
 20
378.33788593933775
 10
501.2032698138052
 20
378.3366740024687
 10
501.9325921600065
 20
378.3366740024687
 10
502.617930986906
 20
378.33788593933775
 10
503.1766243174558
 20
378.3401636356035
 10
503.5412854905562
 20
378.343232367481
 10
503.667930986906
 20
378.34672200061596
  0
LWPOLYLINE
  5
12D
330
17
100
AcDbEntity
  8
0
  6
Continuous
 62
7
370
25
100
AcDbPolyline
 90
19
 70
128
 10
527.667930986906
 20
378.34672200061596
 10
527.5412854905562
 20
378.35021163375103
 10
527.1766243174558
 20
378.3532803656283
 10
526.617930986906
 20
378.355558061894
 10
525.9325921600065
 20
378.3567699987633
 10
525.2032698138053
 20
378.3567699987633
 10
524.5179309869058
 20
378.355558061894
 10
523.959237656356
 20
378.3532803656283
 10
523.5945764832555
 20
378.35021163375103
 10
523.4679309869058
 20
378.34672200061596
 10
523.5945764832555
 20
378.343232367481
 10
523.959237656356
 20
378.3401636356035
 10
524.517930986906
 20
378.33788593933775
 10
525.2032698138053
 20
378.3366740024687
 10
525.9325921600065
 20
378.3366740024687
 10
526.617930986906
 20
378.33788593933775
 10
527.1766243174558
 20
378.3401636356035
 10
527.5412854905562
 20
378.343232367481
 10
527.667930986906
 20
378.34672200061596
  0
LINE
  5
12E
330
17
100
AcDbEntity
  8
0
  6
Continuous
 62
7
370
25
100
AcDbLine
 10
501.56793098690576
 20
378.36615629531104
 30
0.0
 11
501.56793098690576
 21
388.86603236445455
 31
0.0
  0
LINE
  5
12F
330
17
100
AcDbEntity
  8
0
  6
Continuous
 62
7
370
25
100
AcDbLine
 10
497.567930986906
 20
378.34672200061596
 30
0.0
 11
497.567930986906
 21
399.34647413890275
 31
0.0
  0
ARC
  5
130
330
17
100
AcDbEntity
  8
0
  6
Continuous
 62
7
370
25
100
AcDbCircle
 10
500.56795459264845
 20
193.52961071129246
 30
0.0
 40
205.83872670810652
100
AcDbArc
 50
89.72165270701323
 51
90.83509444412537
  0
LINE
  5
131
330
17
100
AcDbEntity
  8
0
  6
Continuous
 62
7
370
25
100
AcDbLine
 10
529.567930986906
 20
378.34672200061596
 30
0.0
 11
529.567930986906
 21
399.34647413890275
 31
0.0
  0
LINE
  5
132
330
17
100
AcDbEntity
  8
0
  6
Continuous
 62
7
370
25
100
AcDbLine
 10
525.5679309869059
 20
378.36615629531104
 30
0.0
 11
525.5679309869059
 21
388.86603236445455
 31
0.0
  0
ARC
  5
133
330
17
100
AcDbEntity
  8
0
  6
Continuous
 62
7
370
25
100
AcDbCircle
 10
526.5679073811635
 20
193.5296107112899
 30
0.0
 40
205.83872670810908
100
AcDbArc
 50
89.16490555587464
 51
90.27834729298675
  0
LINE
  5
134
330
17
100
AcDbEntity
  8
0
  6
Continuous
 62
7
370
25
100
AcDbLine
 10
507.737430233871
 20
399.3659084335977
 30
0.0
 11
501.56793098690576
 21
399.3659084335977
 31
0.0
  0
LINE
  5
135
330
17
100
AcDbEntity
  8
0
  6
Continuous
 62
7
370
25
100
AcDbLine
 10
525.5679309869059
 20
399.3659084335977
 30
0.0
 11
519.3984317399407
 21
399.3659084335977
 31
0.0
  0
LINE
  5
136
330
17
100
AcDbEntity
  8
0
  6
Continuous
 62
7
370
25
100
AcDbLine
 10
494.367930986906
 20
378.34672200061596
 30
0.0
 11
494.367930986906
 21
399.34647413890275
 31
0.0
  0
LINE
  5
137
330
17
100
AcDbEntity
  8
0
  6
Continuous
 62
7
370
25
100
AcDbLine
 10
497.567930986906
 20
399.34647413890275
 30
0.0
 11
494.367930986906
 21
399.34647413890275
 31
0.0
  0
LINE
  5
138
330
17
100
AcDbEntity
  8
0
  6
Continuous
 62
7
370
25
100
AcDbLine
 10
532.767930986906
 20
378.34672200061596
 30
0.0
 11
532.767930986906
 21
399.34647413890275
 31
0.0
  0
LINE
  5
139
330
17
100
AcDbEntity
  8
0
  6
Continuous
 62
7
370
25
100
AcDbLine
 10
532.767930986906
 20
399.34647413890275
 30
0.0
 11
529.567930986906
 21
399.34647413890275
 31
0.0
  0
LINE
  5
13A
330
17
100
AcDbEntity
  8
0
  6
Continuous
 62
7
370
25
100
AcDbLine
 10
483.5180036206648
 20
380.31709742428376
 30
0.0
 11
489.6433467836895
 21
380.31709742428376
 31
0.0
  0
LINE
  5
13B
330
17
100
AcDbEntity
  8
0
  6
Continuous
 62
7
370
25
100
AcDbLine
 10
482.7793361664885
 20
388.840840439261
 30
0.0
 11
489.6433467836895
 21
388.840840439261
 31
0.0
  0
SPLINE
  5
13C
330
17
100
AcDbEntity
  8
0
  6
Continuous
 62
7
370
25
100
AcDbSpline
210
0.0
220
0.0
230
2.5
 70
8
 71
3
 72
9
 73
5
 74
0
 42
1e-08
 40
0.0
 40
0.0
 40
0.0
 40
0.0
 40
0.5601176780985362
 40
1.0
 40
1.0
 40
1.0
 40
1.0
 10
489.76793098690575
 20
387.9617245703305
 30
0.0
 10
489.7461635128062
 20
388.12602113942575
 30
0.0
 10
489.7073011898502
 20
388.4193462307758
 30
0.0
 10
489.66288477804494
 20
388.7120744642392
 30
0.0
 10
489.6433467836895
 20
388.840840439261
 30
0.0
  0
LINE
  5
13D
330
17
100
AcDbEntity
  8
0
  6
Continuous
 62
7
370
25
100
AcDbLine
 10
489.76793098690575
 20
387.9617245703305
 30
0.0
 11
489.76793098690575
 21
386.3824293191772
 31
0.0
  0
LINE
  5
13E
330
17
100
AcDbEntity
  8
0
  6
Continuous
 62
7
370
25
100
AcDbLine
 10
489.76793098690575
 20
382.7755085443675
 30
0.0
 11
489.76793098690575
 21
381.19621329321427
 31
0.0
  0
SPLINE
  5
13F
330
17
100
AcDbEntity
  8
0
  6
Continuous
 62
7
370
25
100
AcDbSpline
210
0.0
220
0.0
230
2.5
 70
8
 71
3
 72
9
 73
5
 74
0
 42
1e-08
 40
0.0
 40
0.0
 40
0.0
 40
0.0
 40
0.5600631380499008
 40
1.0
 40
1.0
 40
1.0
 40
1.0
 10
489.6433467836895
 20
380.31709742428376
 30
0.0
 10
489.66810755974797
 20
380.481057851342
 30
0.0
 10
489.71231824668
 20
380.7738113212972
 30
0.0
 10
489.75093989857
 20
381.06715888609597
 30
0.0
 10
489.76793098690575
 20
381.19621329321427
 30
0.0
  0
SPLINE
  5
140
330
17
100
AcDbEntity
  8
0
  6
Continuous
 62
7
370
25
100
AcDbSpline
210
0.0
220
0.0
230
2.5
 70
8
 71
3
 72
9
 73
5
 74
0
 42
1e-08
 40
0.0
 40
0.0
 40
0.0
 40
0.0
 40
0.5600631380499026
 40
1.0
 40
1.0
 40
1.0
 40
1.0
 10
489.6433467836895
 20
388.840840439261
 30
0.0
 10
489.66810755974797
 20
389.00388357817627
 30
0.0
 10
489.71231824668
 20
389.29499921824976
 30
0.0
 10
489.75093989857
 20
389.586705629461
 30
0.0
 10
489.76793098690575
 20
389.7150380326202
 30
0.0
  0
LINE
  5
141
330
17
100
AcDbEntity
  8
0
  6
Continuous
 62
7
370
25
100
AcDbLine
 10
489.76793098690575
 20
387.9617245703305
 30
0.0
 11
489.76793098690575
 21
389.7150380326202
 31
0.0
  0
LINE
  5
142
330
17
100
AcDbEntity
  8
0
  6
Continuous
 62
7
370
25
100
AcDbLine
 10
483.523655207521
 20
397.3168967743253
 30
0.0
 11
489.6433467836895
 21
397.3168967743253
 31
0.0
  0
SPLINE
  5
143
330
17
100
AcDbEntity
  8
0
  6
Continuous
 62
7
370
25
100
AcDbSpline
210
0.0
220
0.0
230
2.5
 70
8
 71
3
 72
9
 73
5
 74
0
 42
1e-08
 40
0.0
 40
0.0
 40
0.0
 40
0.0
 40
0.5601176780985344
 40
1.0
 40
1.0
 40
1.0
 40
1.0
 10
489.76793098690575
 20
396.44269918096626
 30
0.0
 10
489.7461635128062
 20
396.60607658134774
 30
0.0
 10
489.7073011898502
 20
396.89776064484
 30
0.0
 10
489.66288477804494
 20
397.1888511896088
 30
0.0
 10
489.6433467836895
 20
397.3168967743253
 30
0.0
  0
LINE
  5
144
330
17
100
AcDbEntity
  8
0
  6
Continuous
 62
7
370
25
100
AcDbLine
 10
489.76793098690575
 20
396.44269918096626
 30
0.0
 11
489.76793098690575
 21
394.8722394081935
 31
0.0
  0
LINE
  5
145
330
17
100
AcDbEntity
  8
0
  6
Continuous
 62
7
370
25
100
AcDbLine
 10
489.76793098690575
 20
391.285497805393
 30
0.0
 11
489.76793098690575
 21
389.7150380326202
 31
0.0
  0
LINE
  5
146
330
17
100
AcDbEntity
  8
0
  6
Continuous
 62
7
370
25
100
AcDbLine
 10
489.76793098690575
 20
380.30334367033174
 30
0.0
 11
489.76793098690575
 21
380.0431537593477
 31
0.0
  0
LINE
  5
147
330
17
100
AcDbEntity
  8
0
  6
Continuous
 62
7
370
25
100
AcDbLine
 10
489.76793098690575
 20
386.3824293191772
 30
0.0
 11
489.76793098690575
 21
382.7755085443675
 31
0.0
  0
LINE
  5
148
330
17
100
AcDbEntity
  8
0
  6
Continuous
 62
7
370
25
100
AcDbLine
 10
489.76793098690575
 20
394.8722394081935
 30
0.0
 11
489.76793098690575
 21
391.285497805393
 31
0.0
  0
LINE
  5
149
330
17
100
AcDbEntity
  8
0
  6
Continuous
 62
7
370
25
100
AcDbLine
 10
489.76793098690575
 20
397.5431537593477
 30
0.0
 11
489.76793098690575
 21
397.3031430203733
 31
0.0
  0
LINE
  5
14A
330
17
100
AcDbEntity
  8
0
  6
Continuous
 62
7
370
25
100
AcDbLine
 10
542.513930986906
 20
380.0431537593477
 30
0.0
 11
542.513930986906
 21
397.5431537593477
 31
0.0
  0
LINE
  5
14B
330
17
100
AcDbEntity
  8
0
  6
Continuous
 62
7
370
25
100
AcDbLine
 10
545.7679309869058
 20
380.0431537593477
 30
0.0
 11
545.7679309869058
 21
397.5431537593477
 31
0.0
  0
LINE
  5
14C
330
17
100
AcDbEntity
  8
0
  6
Continuous
 62
7
370
25
100
AcDbLine
 10
544.767930986906
 20
380.0431537593477
 30
0.0
 11
544.767930986906
 21
397.5431537593477
 31
0.0
  0
LINE
  5
14D
330
17
100
AcDbEntity
  8
0
  6
Continuous
 62
7
370
25
100
AcDbLine
 10
543.801930986906
 20
381.44315375934775
 30
0.0
 11
543.801930986906
 21
396.14315375934774
 31
0.0
  0
SPLINE
  5
14E
330
17
100
AcDbEntity
  8
0
  6
Continuous
 62
7
370
25
100
AcDbSpline
210
0.0
220
0.0
230
2.5
 70
8
 71
3
 72
9
 73
5
 74
0
 42
1e-08
 40
0.0
 40
0.0
 40
0.0
 40
0.0
 40
0.5601082065518278
 40
1.0
 40
1.0
 40
1.0
 40
1.0
 10
489.76793098690575
 20
380.3121791487123
 30
0.0
 10
489.74616388775576
 20
380.313098301886
 30
0.0
 10
489.7073015770533
 20
380.3147393297497
 30
0.0
 10
489.662885188506
 20
380.31637701846
 30
0.0
 10
489.6433467836895
 20
380.31709742428376
 30
0.0
  0
LINE
  5
14F
330
17
100
AcDbEntity
  8
0
  6
Continuous
 62
7
370
25
100
AcDbLine
 10
489.76793098690575
 20
380.3121791487123
 30
0.0
 11
489.76793098690575
 21
381.19621329321427
 31
0.0
  0
SPLINE
  5
150
330
17
100
AcDbEntity
  8
0
  6
Continuous
 62
7
370
25
100
AcDbSpline
210
0.0
220
0.0
230
2.5
 70
8
 71
3
 72
9
 73
5
 74
0
 42
1e-08
 40
0.0
 40
0.0
 40
0.0
 40
0.0
 40
0.5600902825157408
 40
1.0
 40
1.0
 40
1.0
 40
1.0
 10
489.64334678368976
 20
397.3168967743253
 30
0.0
 10
489.66810872336174
 20
397.3159794417003
 30
0.0
 10
489.71231934519403
 20
397.3143416117757
 30
0.0
 10
489.75094096225547
 20
397.312700458172
 30
0.0
 10
489.76793098690575
 20
397.3119784987537
 30
0.0
  0
LINE
  5
151
330
17
100
AcDbEntity
  8
0
  6
Continuous
 62
7
370
25
100
AcDbLine
 10
489.76793098690575
 20
396.44269918096626
 30
0.0
 11
489.76793098690575
 21
397.3119784987537
 31
0.0
  0
LINE
  5
152
330
17
100
AcDbEntity
  8
0
  6
Continuous
 62
7
370
25
100
AcDbLine
 10
483.526947476269
 20
380.2694107443705
 30
0.0
 11
489.6433467836895
 21
380.2694107443705
 31
0.0
  0
LINE
  5
153
330
17
100
AcDbEntity
  8
0
  6
Continuous
 62
7
370
25
100
AcDbLine
 10
489.76793098690575
 20
380.3121791487123
 30
0.0
 11
489.76793098690575
 21
380.30334367033174
 31
0.0
  0
ARC
  5
154
330
17
100
AcDbEntity
  8
0
  6
Continuous
 62
7
370
25
100
AcDbCircle
 10
402.43300958188377
 20
234.79297383955515
 30
0.0
 40
9.749819927051108
100
AcDbArc
 50
-115.51662488485871
 51
-64.48337511513975
  0
LINE
  5
155
330
17
100
AcDbEntity
  8
0
  6
Continuous
 62
7
370
25
100
AcDbLine
 10
406.6628281426173
 20
225.99414813371033
 30
0.0
 11
406.6329684874075
 21
225.99414813371033
 31
0.0
  0
SPLINE
  5
156
330
17
100
AcDbEntity
  8
0
  6
Continuous
 62
7
370
25
100
AcDbSpline
210
0.0
220
0.0
230
2.5
 70
8
 71
3
 72
13
 73
9
 74
0
 42
1e-08
 40
0.0
 40
0.0
 40
0.0
 40
0.0
 40
0.2491134374835678
 40
0.4987610504198122
 40
0.623534939846376
 40
0.748949149877303
 40
0.8738563364000276
 40
1.0
 40
1.0
 40
1.0
 40
1.0
 10
409.67606974729074
 20
228.2187716591045
 30
0.0
 10
409.3614738430945
 20
227.90088934774963
 30
0.0
 10
408.73160744479895
 20
227.26444308807453
 30
0.0
 10
407.8686084629635
 20
226.65866167865113
 30
0.0
 10
407.28827548586275
 20
226.31221684533202
 30
0.0
 10
406.9436290854315
 20
226.12879478685363
 30
0.0
 10
406.71020479932275
 20
226.01509016012685
 30
0.0
 10
406.6786721298135
 20
226.00115169245595
 30
0.0
 10
406.6628281426173
 20
225.99414813371033
 30
0.0
  0
ARC
  5
157
330
17
100
AcDbEntity
  8
0
  6
Continuous
 62
7
370
25
100
AcDbCircle
 10
402.475979755396
 20
234.7931537593479
 30
0.0
 40
9.750066455742004
100
AcDbArc
 50
-42.39911677475695
 51
42.39911677475749
  0
SPLINE
  5
158
330
17
100
AcDbEntity
  8
0
  6
Continuous
 62
7
370
25
100
AcDbSpline
210
0.0
220
0.0
230
2.5
 70
8
 71
3
 72
13
 73
9
 74
0
 42
1e-08
 40
0.0
 40
0.0
 40
0.0
 40
0.0
 40
0.1251363600101153
 40
0.2506323174109519
 40
0.3760921940347151
 40
0.5012727269837897
 40
0.751247830596362
 40
1.0
 40
1.0
 40
1.0
 40
1.0
 10
406.6628281426173
 20
243.59215938498534
 30
0.0
 10
406.6784354609368
 20
243.58526213975512
 30
0.0
 10
406.709694947458
 20
243.5714478290651
 30
0.0
 10
406.9421337056225
 20
243.45828198096427
 30
0.0
 10
407.28740347766296
 20
243.27459123742028
 30
0.0
 10
407.8685611466012
 20
242.92773115628268
 30
0.0
 10
408.73219127495474
 20
242.32138576422875
 30
0.0
 10
409.36195834258524
 20
241.6849656370522
 30
0.0
 10
409.67606974729074
 20
241.36753585959121
 30
0.0
  0
LINE
  5
159
330
17
100
AcDbEntity
  8
0
  6
Continuous
 62
7
370
25
100
AcDbLine
 10
406.6329684874075
 20
243.59215938498534
 30
0.0
 11
406.6628281426173
 21
243.59215938498534
 31
0.0
  0
ARC
  5
15A
330
17
100
AcDbEntity
  8
0
  6
Continuous
 62
7
370
25
100
AcDbCircle
 10
402.43300958188377
 20
234.79333367914094
 30
0.0
 40
9.749819927050723
100
AcDbArc
 50
64.4833751151394
 51
115.51662488486062
  0
SPLINE
  5
15B
330
17
100
AcDbEntity
  8
0
  6
Continuous
 62
7
370
25
100
AcDbSpline
210
0.0
220
0.0
230
2.5
 70
8
 71
3
 72
13
 73
9
 74
0
 42
1e-08
 40
0.0
 40
0.0
 40
0.0
 40
0.0
 40
0.2626784708461786
 40
0.5259202047282191
 40
0.6574884364831297
 40
0.7897318563728257
 40
0.9214406436824272
 40
1.0
 40
1.0
 40
1.0
 40
1.0
 10
395.27621064263826
 20
241.36753585959121
 30
0.0
 10
395.5906180244673
 20
241.68543648184013
 30
0.0
 10
396.2201069737785
 20
242.32191940256763
 30
0.0
 10
397.07850148969
 20
242.9274713548428
 30
0.0
 10
397.65453016645824
 20
243.2743941931838
 30
0.0
 10
397.9913399599385
 20
243.45634909038023
 30
0.0
 10
398.1974748962895
 20
243.55921162424377
 30
0.0
 10
398.22337427649023
 20
243.57227925144338
 30
0.0
 10
398.2330506763603
 20
243.57716151446095
 30
0.0
  0
ARC
  5
15C
330
17
100
AcDbEntity
  8
0
  6
Continuous
 62
7
370
25
100
AcDbCircle
 10
402.476300634533
 20
234.7931537593479
 30
0.0
 40
9.750066455741795
100
AcDbArc
 50
137.6008832252414
 51
-137.60088322524044
  0
SPLINE
  5
15D
330
17
100
AcDbEntity
  8
0
  6
Continuous
 62
7
370
25
100
AcDbSpline
210
0.0
220
0.0
230
2.5
 70
8
 71
3
 72
13
 73
9
 74
0
 42
1e-08
 40
0.0
 40
0.0
 40
0.0
 40
0.0
 40
0.0770782101438689
 40
0.2094679316156933
 40
0.3418195903154161
 40
0.4738765603888725
 40
0.737583336508005
 40
1.0
 40
1.0
 40
1.0
 40
1.0
 10
398.2330506763603
 20
226.00914833139336
 30
0.0
 10
398.22359954722106
 20
226.01391925027343
 30
0.0
 10
398.1979151356535
 20
226.02688471104187
 30
0.0
 10
397.99276953902154
 20
226.12920883439432
 30
0.0
 10
397.6554052539438
 20
226.31140716942187
 30
0.0
 10
397.07854412796996
 20
226.65875389459148
 30
0.0
 10
396.21952601357646
 20
227.26486602700734
 30
0.0
 10
395.5901346539705
 20
227.90132333621506
 30
0.0
 10
395.27621064263826
 20
228.2187716591045
 30
0.0
  0
ARC
  5
15E
330
17
100
AcDbEntity
  8
0
  6
Continuous
 62
7
370
25
100
AcDbCircle
 10
402.49088751208325
 20
234.79315375934777
 30
0.0
 40
9.750000000265297
100
AcDbArc
 50
-89.9995773676969
 51
89.99957736769895
  0
LINE
  5
15F
330
17
100
AcDbEntity
  8
0
  6
Continuous
 62
7
370
25
100
AcDbLine
 10
406.6628281426173
 20
225.99414813371033
 30
0.0
 11
406.6628281426173
 21
243.59215938498534
 31
0.0
  0
LINE
  5
160
330
17
100
AcDbEntity
  8
0
  6
Continuous
 62
7
370
25
100
AcDbLine
 10
406.6329684874075
 20
225.99414813371033
 30
0.0
 11
406.6329684874075
 21
243.59215938498534
 31
0.0
  0
LINE
  5
161
330
17
100
AcDbEntity
  8
0
  6
Continuous
 62
7
370
25
100
AcDbLine
 10
398.2330506763603
 20
243.59215938498534
 30
0.0
 11
398.2330506763603
 21
225.99414813371033
 31
0.0
  0
LINE
  5
162
330
17
100
AcDbEntity
  8
0
  6
Continuous
 62
7
370
25
100
AcDbLine
 10
403.43299979748474
 20
239.79315375934786
 30
0.0
 11
401.43301936628296
 21
239.79315375934786
 31
0.0
  0
LINE
  5
163
330
17
100
AcDbEntity
  8
0
  6
Continuous
 62
7
370
25
100
AcDbLine
 10
401.43301936628296
 20
239.79315375934786
 30
0.0
 11
401.43301936628296
 21
229.79315375934783
 31
0.0
  0
LINE
  5
164
330
17
100
AcDbEntity
  8
0
  6
Continuous
 62
7
370
25
100
AcDbLine
 10
401.43301936628296
 20
229.79315375934783
 30
0.0
 11
403.43299979748474
 21
229.79315375934783
 31
0.0
  0
LINE
  5
165
330
17
100
AcDbEntity
  8
0
  6
Continuous
 62
7
370
25
100
AcDbLine
 10
403.43299979748474
 20
229.79315375934783
 30
0.0
 11
403.43299979748474
 21
239.79315375934786
 31
0.0
  0
LINE
  5
166
330
17
100
AcDbEntity
  8
0
  6
Continuous
 62
7
370
25
100
AcDbLine
 10
401.4418666715302
 20
239.79315375934786
 30
0.0
 11
401.4418666715302
 21
229.79315375934783
 31
0.0
  0
LINE
  5
167
330
17
100
AcDbEntity
  8
0
  6
Continuous
 62
7
370
25
100
AcDbLine
 10
409.67606974729074
 20
228.2187716591045
 30
0.0
 11
409.67606974729074
 21
241.36753585959121
 31
0.0
  0
LINE
  5
168
330
17
100
AcDbEntity
  8
0
  6
Continuous
 62
7
370
25
100
AcDbLine
 10
395.27621064263826
 20
228.2187716591045
 30
0.0
 11
395.27621064263826
 21
241.36753585959121
 31
0.0
  0
ARC
  5
169
330
17
100
AcDbEntity
  8
0
  6
Continuous
 62
7
370
25
100
AcDbCircle
 10
402.501553019478
 20
234.7932887006243
 30
0.0
 40
11.99986505874595
100
AcDbArc
 50
28.95464450751049
 51
89.99988933160982
  0
ARC
  5
16A
330
17
100
AcDbEntity
  8
0
  6
Continuous
 62
7
370
25
100
AcDbCircle
 10
402.5013585330685
 20
234.7931537593479
 30
0.0
 40
12.000100562383944
100
AcDbArc
 50
-28.954758715424685
 51
28.95475871542508
  0
ARC
  5
16B
330
17
100
AcDbEntity
  8
0
  6
Continuous
 62
7
370
25
100
AcDbCircle
 10
402.501553019478
 20
234.79301881807135
 30
0.0
 40
11.99986505874592
100
AcDbArc
 50
-89.99988933160891
 51
-28.954644507509492
  0
CIRCLE
  5
16C
330
17
100
AcDbEntity
  8
0
  6
Continuous
 62
7
370
25
100
AcDbCircle
 10
402.49097062721273
 20
234.79307315461165
 30
0.0
 40
11.999919395268996
  0
LINE
  5
16D
330
17
100
AcDbEntity
  8
0
  6
Continuous
 62
7
370
25
100
AcDbLine
 10
402.5015761975507
 20
246.79315375934783
 30
0.0
 11
413.00147346135975
 21
246.79315375934783
 31
0.0
  0
ARC
  5
16E
330
17
100
AcDbEntity
  8
0
  6
Continuous
 62
7
370
25
100
AcDbCircle
 10
618.0724831269073
 20
247.79313419064746
 30
0.0
 40
226.0730157922603
100
AcDbArc
 50
179.2396549213688
 51
-179.74656486559903
  0
LINE
  5
16F
330
17
100
AcDbEntity
  8
0
  6
Continuous
 62
7
370
25
100
AcDbLine
 10
392.01937354423626
 20
250.79315375934777
 30
0.0
 11
413.0191680718545
 21
250.79315375934777
 31
0.0
  0
ARC
  5
170
330
17
100
AcDbEntity
  8
0
  6
Continuous
 62
7
370
25
100
AcDbCircle
 10
639.0722776555895
 20
247.79313419064678
 30
0.0
 40
226.07301579332446
100
AcDbArc
 50
179.2396549213722
 51
-179.74656486560042
  0
LINE
  5
171
330
17
100
AcDbEntity
  8
0
  6
Continuous
 62
7
370
25
100
AcDbLine
 10
413.1098529506397
 20
253.99315375934776
 30
0.0
 11
413.1098529506397
 21
240.4022768737349
 31
0.0
  0
LINE
  5
172
330
17
100
AcDbEntity
  8
0
  6
Continuous
 62
7
370
25
100
AcDbLine
 10
413.1098529506397
 20
229.18403064496079
 30
0.0
 11
413.1098529506397
 21
215.59315375934787
 31
0.0
  0
LINE
  5
173
330
17
100
AcDbEntity
  8
0
  6
Continuous
 62
7
370
25
100
AcDbLine
 10
413.1098529506397
 20
215.59315375934787
 30
0.0
 11
413.0191680718545
 21
215.59315375934787
 31
0.0
  0
LINE
  5
174
330
17
100
AcDbEntity
  8
0
  6
Continuous
 62
7
370
25
100
AcDbLine
 10
413.0191680718545
 20
215.59315375934787
 30
0.0
 11
413.0191680718545
 21
218.7931537593479
 31
0.0
  0
ARC
  5
175
330
17
100
AcDbEntity
  8
0
  6
Continuous
 62
7
370
25
100
AcDbCircle
 10
639.072277655583
 20
221.79317332804897
 30
0.0
 40
226.07301579331786
100
AcDbArc
 50
179.7465648656012
 51
-179.2396549213713
  0
LINE
  5
176
330
17
100
AcDbEntity
  8
0
  6
Continuous
 62
7
370
25
100
AcDbLine
 10
413.00147346135975
 20
222.79315375934786
 30
0.0
 11
413.00147346135975
 21
228.9836787400367
 31
0.0
  0
LINE
  5
177
330
17
100
AcDbEntity
  8
0
  6
Continuous
 62
7
370
25
100
AcDbLine
 10
413.00147346135975
 20
240.60262877865895
 30
0.0
 11
413.00147346135975
 21
246.79315375934783
 31
0.0
  0
LINE
  5
178
330
17
100
AcDbEntity
  8
0
  6
Continuous
 62
7
370
25
100
AcDbLine
 10
413.0191680718545
 20
250.79315375934777
 30
0.0
 11
413.0191680718545
 21
253.99315375934776
 31
0.0
  0
LINE
  5
179
330
17
100
AcDbEntity
  8
0
  6
Continuous
 62
7
370
25
100
AcDbLine
 10
413.0191680718545
 20
253.99315375934776
 30
0.0
 11
413.1098529506397
 21
253.99315375934776
 31
0.0
  0
ARC
  5
17A
330
17
100
AcDbEntity
  8
0
  6
Continuous
 62
7
370
25
100
AcDbCircle
 10
-190.66080297094462
 20
222.44697228385493
 30
0.0
 40
603.7082782901682
100
AcDbArc
 50
-0.42269971807703494
 51
0.5548487113537921
  0
LINE
  5
17B
330
17
100
AcDbEntity
  8
0
  6
Continuous
 62
7
370
25
100
AcDbLine
 10
413.0310462175547
 20
217.99315375934782
 30
0.0
 11
413.10675639380327
 21
217.99315375934782
 31
0.0
  0
LINE
  5
17C
330
17
100
AcDbEntity
  8
0
  6
Continuous
 62
7
370
25
100
AcDbLine
 10
413.10675639380327
 20
217.99315375934782
 30
0.0
 11
413.10675639380327
 21
229.1781780627876
 31
0.0
  0
LINE
  5
17D
330
17
100
AcDbEntity
  8
0
  6
Continuous
 62
7
370
25
100
AcDbLine
 10
413.10675639380327
 20
240.40812945590812
 30
0.0
 11
413.10675639380327
 21
251.59315375934773
 31
0.0
  0
LINE
  5
17E
330
17
100
AcDbEntity
  8
0
  6
Continuous
 62
7
370
25
100
AcDbLine
 10
413.10675639380327
 20
251.59315375934773
 30
0.0
 11
413.0310462175547
 21
251.59315375934773
 31
0.0
  0
ARC
  5
17F
330
17
100
AcDbEntity
  8
0
  6
Continuous
 62
7
370
25
100
AcDbCircle
 10
-190.66080297094112
 20
247.13933523484076
 30
0.0
 40
603.7082782901648
100
AcDbArc
 50
-0.5548487113530022
 51
0.42269971807785617
  0
LINE
  5
180
330
17
100
AcDbEntity
  8
0
  6
Continuous
 62
7
370
25
100
AcDbLine
 10
413.0191680718545
 20
241.29315375934783
 30
0.0
 11
413.0191680718545
 21
240.5705317492715
 31
0.0
  0
LINE
  5
181
330
17
100
AcDbEntity
  8
0
  6
Continuous
 62
7
370
25
100
AcDbLine
 10
413.0191680718545
 20
229.01577576942418
 30
0.0
 11
413.0191680718545
 21
228.29315375934786
 31
0.0
  0
LWPOLYLINE
  5
182
330
17
100
AcDbEntity
  8
0
  6
Continuous
 62
7
370
25
100
AcDbPolyline
 90
19
 70
128
 10
413.0191680718545
 20
244.69315375934784
 10
413.01599081741523
 20
244.81979925569746
 10
413.01319678675276
 20
245.184460428798
 10
413.0111229812005
 20
245.74315375934785
 10
413.0100195323138
 20
246.42849258624727
 10
413.0100195323138
 20
247.1578149324484
 10
413.0111229812005
 20
247.84315375934784
 10
413.01319678675276
 20
248.4018470898977
 10
413.01599081741523
 20
248.76650826299823
 10
413.0191680718545
 20
248.89315375934785
 10
413.02234532629376
 20
248.76650826299823
 10
413.02513935695623
 20
248.40184708989767
 10
413.02721316250876
 20
247.84315375934784
 10
413.0283166113955
 20
247.1578149324484
 10
413.0283166113955
 20
246.42849258624727
 10
413.02721316250876
 20
245.74315375934785
 10
413.02513935695623
 20
245.18446042879793
 10
413.02234532629376
 20
244.81979925569743
 10
413.0191680718545
 20
244.69315375934784
  0
LWPOLYLINE
  5
183
330
17
100
AcDbEntity
  8
0
  6
Continuous
 62
7
370
25
100
AcDbPolyline
 90
19
 70
128
 10
413.0191680718545
 20
220.6931537593478
 10
413.01599081741523
 20
220.81979925569743
 10
413.01319678675276
 20
221.18446042879796
 10
413.0111229812005
 20
221.74315375934782
 10
413.0100195323138
 20
222.42849258624727
 10
413.0100195323138
 20
223.15781493244842
 10
413.0111229812005
 20
223.84315375934787
 10
413.01319678675276
 20
224.40184708989773
 10
413.01599081741523
 20
224.7665082629983
 10
413.0191680718545
 20
224.89315375934785
 10
413.02234532629376
 20
224.7665082629983
 10
413.02513935695623
 20
224.40184708989773
 10
413.02721316250876
 20
223.84315375934787
 10
413.0283166113955
 20
223.15781493244842
 10
413.0283166113955
 20
222.42849258624727
 10
413.02721316250876
 20
221.74315375934782
 10
413.02513935695623
 20
221.18446042879796
 10
413.02234532629376
 20
220.8197992556974
 10
413.0191680718545
 20
220.6931537593478
  0
LINE
  5
184
330
17
100
AcDbEntity
  8
0
  6
Continuous
 62
7
370
25
100
AcDbLine
 10
392.01937354423626
 20
218.7931537593479
 30
0.0
 11
413.0191680718545
 21
218.7931537593479
 31
0.0
  0
ARC
  5
185
330
17
100
AcDbEntity
  8
0
  6
Continuous
 62
7
370
25
100
AcDbCircle
 10
618.0724831269008
 20
221.79317332804825
 30
0.0
 40
226.07301579225376
100
AcDbArc
 50
179.7465648655998
 51
-179.23965492136793
  0
LINE
  5
186
330
17
100
AcDbEntity
  8
0
  6
Continuous
 62
7
370
25
100
AcDbLine
 10
402.5015761975507
 20
222.79315375934786
 30
0.0
 11
413.00147346135975
 21
222.79315375934786
 31
0.0
  0
LINE
  5
187
330
17
100
AcDbEntity
  8
0
  6
Continuous
 62
7
370
25
100
AcDbLine
 10
392.0016789337417
 20
222.79315375934786
 30
0.0
 11
392.0016789337417
 21
228.96453114711994
 31
0.0
  0
LINE
  5
188
330
17
100
AcDbEntity
  8
0
  6
Continuous
 62
7
370
25
100
AcDbLine
 10
392.0016789337417
 20
240.62177637157575
 30
0.0
 11
392.0016789337417
 21
246.79315375934783
 31
0.0
  0
LINE
  5
189
330
17
100
AcDbEntity
  8
0
  6
Continuous
 62
7
370
25
100
AcDbLine
 10
392.01937354423626
 20
253.99315375934776
 30
0.0
 11
413.0191680718545
 21
253.99315375934776
 31
0.0
  0
LINE
  5
18A
330
17
100
AcDbEntity
  8
0
  6
Continuous
 62
7
370
25
100
AcDbLine
 10
392.01937354423626
 20
250.79315375934777
 30
0.0
 11
392.01937354423626
 21
253.99315375934776
 31
0.0
  0
LINE
  5
18B
330
17
100
AcDbEntity
  8
0
  6
Continuous
 62
7
370
25
100
AcDbLine
 10
392.01937354423626
 20
215.59315375934787
 30
0.0
 11
413.0191680718545
 21
215.59315375934787
 31
0.0
  0
LINE
  5
18C
330
17
100
AcDbEntity
  8
0
  6
Continuous
 62
7
370
25
100
AcDbLine
 10
392.01937354423626
 20
215.59315375934787
 30
0.0
 11
392.01937354423626
 21
218.7931537593479
 31
0.0
  0
LINE
  5
18D
330
17
100
AcDbEntity
  8
0
  6
Continuous
 62
7
370
25
100
AcDbLine
 10
402.52451303734347
 20
266.1685695561315
 30
0.0
 11
402.52451303734347
 21
258.71773796256423
 31
0.0
  0
LINE
  5
18E
330
17
100
AcDbEntity
  8
0
  6
Continuous
 62
7
370
25
100
AcDbLine
 10
411.046138844732
 20
266.1685695561315
 30
0.0
 11
411.046138844732
 21
258.71773796256423
 31
0.0
  0
SPLINE
  5
18F
330
17
100
AcDbEntity
  8
0
  6
Continuous
 62
7
370
25
100
AcDbSpline
210
0.0
220
0.0
230
2.5
 70
8
 71
3
 72
9
 73
5
 74
0
 42
1e-08
 40
0.0
 40
0.0
 40
0.0
 40
0.0
 40
0.5601176780985331
 40
1.0
 40
1.0
 40
1.0
 40
1.0
 10
410.16724133888306
 20
258.59315375934773
 30
0.0
 10
410.33149709844827
 20
258.6149212334475
 30
0.0
 10
410.624749330949
 20
258.6537835564035
 30
0.0
 10
410.917404853816
 20
258.69819996820877
 30
0.0
 10
411.046138844732
 20
258.71773796256423
 30
0.0
  0
LINE
  5
190
330
17
100
AcDbEntity
  8
0
  6
Continuous
 62
7
370
25
100
AcDbLine
 10
410.16724133888306
 20
258.59315375934773
 30
0.0
 11
408.588338367962
 21
258.59315375934773
 31
0.0
  0
LINE
  5
191
330
17
100
AcDbEntity
  8
0
  6
Continuous
 62
7
370
25
100
AcDbLine
 10
404.98231351411346
 20
258.59315375934773
 30
0.0
 11
403.40341054319276
 21
258.59315375934773
 31
0.0
  0
SPLINE
  5
192
330
17
100
AcDbEntity
  8
0
  6
Continuous
 62
7
370
25
100
AcDbSpline
210
0.0
220
0.0
230
2.5
 70
8
 71
3
 72
9
 73
5
 74
0
 42
1e-08
 40
0.0
 40
0.0
 40
0.0
 40
0.0
 40
0.560063138049897
 40
1.0
 40
1.0
 40
1.0
 40
1.0
 10
402.52451303734347
 20
258.71773796256423
 30
0.0
 10
402.68843273836626
 20
258.69297718650574
 30
0.0
 10
402.981113491457
 20
258.64876649957375
 30
0.0
 10
403.27438819182396
 20
258.6101448476837
 30
0.0
 10
403.40341054319276
 20
258.59315375934773
 30
0.0
  0
LINE
  5
193
330
17
100
AcDbEntity
  8
0
  6
Continuous
 62
7
370
25
100
AcDbLine
 10
401.6500935417287
 20
258.59315375934773
 30
0.0
 11
403.40341054319276
 21
258.59315375934773
 31
0.0
  0
SPLINE
  5
194
330
17
100
AcDbEntity
  8
0
  6
Continuous
 62
7
370
25
100
AcDbSpline
210
0.0
220
0.0
230
2.5
 70
8
 71
3
 72
9
 73
5
 74
0
 42
1e-08
 40
0.0
 40
0.0
 40
0.0
 40
0.0
 40
0.5601176780985397
 40
1.0
 40
1.0
 40
1.0
 40
1.0
 10
401.6500935417287
 20
258.59315375934773
 30
0.0
 10
401.8135124130708
 20
258.6149212334475
 30
0.0
 10
402.1052705162902
 20
258.6537835564035
 30
0.0
 10
402.39643495013075
 20
258.69819996820877
 30
0.0
 10
402.52451303734347
 20
258.71773796256423
 30
0.0
  0
LINE
  5
195
330
17
100
AcDbEntity
  8
0
  6
Continuous
 62
7
370
25
100
AcDbLine
 10
394.0463051795172
 20
266.1685695561315
 30
0.0
 11
394.0463051795172
 21
258.71773796256423
 31
0.0
  0
LINE
  5
196
330
17
100
AcDbEntity
  8
0
  6
Continuous
 62
7
370
25
100
AcDbLine
 10
401.6500935417287
 20
258.59315375934773
 30
0.0
 11
400.07923513074354
 21
258.59315375934773
 31
0.0
  0
LINE
  5
197
330
17
100
AcDbEntity
  8
0
  6
Continuous
 62
7
370
25
100
AcDbLine
 10
396.49158308611754
 20
258.59315375934773
 30
0.0
 11
394.920724675132
 21
258.59315375934773
 31
0.0
  0
SPLINE
  5
198
330
17
100
AcDbEntity
  8
0
  6
Continuous
 62
7
370
25
100
AcDbSpline
210
0.0
220
0.0
230
2.5
 70
8
 71
3
 72
9
 73
5
 74
0
 42
1e-08
 40
0.0
 40
0.0
 40
0.0
 40
0.0
 40
0.560063138049902
 40
1.0
 40
1.0
 40
1.0
 40
1.0
 10
394.0463051795172
 20
258.71773796256423
 30
0.0
 10
394.20938970454523
 20
258.69297718650574
 30
0.0
 10
394.5005792400605
 20
258.64876649957375
 30
0.0
 10
394.792359696672
 20
258.6101448476837
 30
0.0
 10
394.920724675132
 20
258.59315375934773
 30
0.0
  0
LINE
  5
199
330
17
100
AcDbEntity
  8
0
  6
Continuous
 62
7
370
25
100
AcDbLine
 10
394.0588277496872
 20
258.59315375934773
 30
0.0
 11
393.8179309869057
 21
258.59315375934773
 31
0.0
  0
LINE
  5
19A
330
17
100
AcDbEntity
  8
0
  6
Continuous
 62
7
370
25
100
AcDbLine
 10
400.07923513074354
 20
258.59315375934773
 30
0.0
 11
396.49158308611754
 21
258.59315375934773
 31
0.0
  0
LINE
  5
19B
330
17
100
AcDbEntity
  8
0
  6
Continuous
 62
7
370
25
100
AcDbLine
 10
408.588338367962
 20
258.59315375934773
 30
0.0
 11
404.98231351411346
 21
258.59315375934773
 31
0.0
  0
LINE
  5
19C
330
17
100
AcDbEntity
  8
0
  6
Continuous
 62
7
370
25
100
AcDbLine
 10
411.317930986906
 20
258.59315375934773
 30
0.0
 11
411.058661414902
 21
258.59315375934773
 31
0.0
  0
LINE
  5
19D
330
17
100
AcDbEntity
  8
0
  6
Continuous
 62
7
370
25
100
AcDbLine
 10
393.8179309869057
 20
205.8471537593479
 30
0.0
 11
411.317930986906
 21
205.8471537593479
 31
0.0
  0
LINE
  5
19E
330
17
100
AcDbEntity
  8
0
  6
Continuous
 62
7
370
25
100
AcDbLine
 10
393.8179309869057
 20
202.59315375934784
 30
0.0
 11
411.317930986906
 21
202.59315375934784
 31
0.0
  0
LINE
  5
19F
330
17
100
AcDbEntity
  8
0
  6
Continuous
 62
7
370
25
100
AcDbLine
 10
393.8179309869057
 20
203.59315375934787
 30
0.0
 11
411.317930986906
 21
203.59315375934787
 31
0.0
  0
LINE
  5
1A0
330
17
100
AcDbEntity
  8
0
  6
Continuous
 62
7
370
25
100
AcDbLine
 10
395.21793098690574
 20
204.55915375934782
 30
0.0
 11
409.91793098690573
 21
204.55915375934782
 31
0.0
  0
SPLINE
  5
1A1
330
17
100
AcDbEntity
  8
0
  6
Continuous
 62
7
370
25
100
AcDbSpline
210
0.0
220
0.0
230
2.5
 70
8
 71
3
 72
9
 73
5
 74
0
 42
1e-08
 40
0.0
 40
0.0
 40
0.0
 40
0.0
 40
0.5600902825157408
 40
1.0
 40
1.0
 40
1.0
 40
1.0
 10
411.046138844732
 20
258.71773796256423
 30
0.0
 10
411.04697406122705
 20
258.692976022892
 30
0.0
 10
411.04846527884126
 20
258.64876540105973
 30
0.0
 10
411.04995952261174
 20
258.61014378399824
 30
0.0
 10
411.0506168549665
 20
258.59315375934773
 30
0.0
  0
LINE
  5
1A2
330
17
100
AcDbEntity
  8
0
  6
Continuous
 62
7
370
25
100
AcDbLine
 10
410.16724133888306
 20
258.59315375934773
 30
0.0
 11
411.0506168549665
 21
258.59315375934773
 31
0.0
  0
SPLINE
  5
1A3
330
17
100
AcDbEntity
  8
0
  6
Continuous
 62
7
370
25
100
AcDbSpline
210
0.0
220
0.0
230
2.5
 70
8
 71
3
 72
9
 73
5
 74
0
 42
1e-08
 40
0.0
 40
0.0
 40
0.0
 40
0.0
 40
0.5601082065518277
 40
1.0
 40
1.0
 40
1.0
 40
1.0
 10
394.05078318975177
 20
258.59315375934773
 30
0.0
 10
394.04994631567706
 20
258.614920858498
 30
0.0
 10
394.04845218639053
 20
258.6537831692005
 30
0.0
 10
394.04696109734977
 20
258.6981995577478
 30
0.0
 10
394.0463051795172
 20
258.71773796256423
 30
0.0
  0
LINE
  5
1A4
330
17
100
AcDbEntity
  8
0
  6
Continuous
 62
7
370
25
100
AcDbLine
 10
394.05078318975177
 20
258.59315375934773
 30
0.0
 11
394.920724675132
 21
258.59315375934773
 31
0.0
  0
LINE
  5
1A5
330
17
100
AcDbEntity
  8
0
  6
Continuous
 62
7
370
25
100
AcDbLine
 10
411.0895567942945
 20
266.1685695561315
 30
0.0
 11
411.0895567942945
 21
258.71773796256423
 31
0.0
  0
SPLINE
  5
1A6
330
17
100
AcDbEntity
  8
0
  6
Continuous
 62
7
370
25
100
AcDbSpline
210
0.0
220
0.0
230
2.5
 70
8
 71
3
 72
9
 73
5
 74
0
 42
1e-08
 40
0.0
 40
0.0
 40
0.0
 40
0.0
 40
0.5601082065518265
 40
1.0
 40
1.0
 40
1.0
 40
1.0
 10
411.08507878406
 20
258.59315375934773
 30
0.0
 10
411.085915658135
 20
258.614920858498
 30
0.0
 10
411.0874097874213
 20
258.6537831692005
 30
0.0
 10
411.08890087646205
 20
258.6981995577478
 30
0.0
 10
411.0895567942945
 20
258.71773796256423
 30
0.0
  0
LINE
  5
1A7
330
17
100
AcDbEntity
  8
0
  6
Continuous
 62
7
370
25
100
AcDbLine
 10
411.058661414902
 20
258.59315375934773
 30
0.0
 11
411.0506168549665
 21
258.59315375934773
 31
0.0
  0
CIRCLE
  5
1A8
330
17
100
AcDbEntity
  8
0
  6
Continuous
 62
7
370
25
100
AcDbCircle
 10
375.0679309869057
 20
333.7931537593477
 30
0.0
 40
5.999999999999997
  0
CIRCLE
  5
1A9
330
17
100
AcDbEntity
  8
0
  6
Continuous
 62
7
370
25
100
AcDbCircle
 10
375.0679309869057
 20
333.7931537593477
 30
0.0
 40
8.999999999999993
  0
CIRCLE
  5
1AA
330
17
100
AcDbEntity
  8
0
  6
Continuous
 62
7
370
25
100
AcDbCircle
 10
375.0679309869057
 20
333.7931537593477
 30
0.0
 40
3.0000000000000298
  0
LINE
  5
1AB
330
17
100
AcDbEntity
  8
0
  6
Continuous
 62
7
370
25
100
AcDbLine
 10
366.109610210134
 20
328.5254703158922
 30
0.0
 11
370.63016424489047
 21
325.96332449278896
 31
0.0
  0
LINE
  5
1AC
330
17
100
AcDbEntity
  8
0
  6
Continuous
 62
7
370
25
100
AcDbLine
 10
366.06821656376326
 20
333.7214578607235
 30
0.0
 11
366.109610210134
 21
328.5254703158922
 31
0.0
  0
LINE
  5
1AD
330
17
100
AcDbEntity
  8
0
  6
Continuous
 62
7
370
25
100
AcDbLine
 10
375.15071827964726
 20
323.40117866968546
 30
0.0
 11
379.62987866803303
 21
326.03502039141347
 31
0.0
  0
LINE
  5
1AE
330
17
100
AcDbEntity
  8
0
  6
Continuous
 62
7
370
25
100
AcDbLine
 10
370.63016424489047
 20
325.96332449278896
 30
0.0
 11
375.15071827964726
 21
323.40117866968546
 31
0.0
  0
LINE
  5
1AF
330
17
100
AcDbEntity
  8
0
  6
Continuous
 62
7
370
25
100
AcDbLine
 10
370.5059833057788
 20
341.5512871272823
 30
0.0
 11
366.0268229173928
 21
338.91744540555453
 31
0.0
  0
LINE
  5
1B0
330
17
100
AcDbEntity
  8
0
  6
Continuous
 62
7
370
25
100
AcDbLine
 10
366.0268229173928
 20
338.91744540555453
 30
0.0
 11
366.06821656376326
 21
333.7214578607235
 31
0.0
  0
LINE
  5
1B1
330
17
100
AcDbEntity
  8
0
  6
Continuous
 62
7
370
25
100
AcDbLine
 10
374.9851436941648
 20
344.18512884901025
 30
0.0
 11
370.5059833057788
 21
341.5512871272823
 31
0.0
  0
LINE
  5
1B2
330
17
100
AcDbEntity
  8
0
  6
Continuous
 62
7
370
25
100
AcDbLine
 10
379.50569772892123
 20
341.62298302590676
 30
0.0
 11
374.9851436941648
 21
344.18512884901025
 31
0.0
  0
LINE
  5
1B3
330
17
100
AcDbEntity
  8
0
  6
Continuous
 62
7
370
25
100
AcDbLine
 10
384.0262517636778
 20
339.0608372028035
 30
0.0
 11
379.50569772892123
 21
341.62298302590676
 31
0.0
  0
LINE
  5
1B4
330
17
100
AcDbEntity
  8
0
  6
Continuous
 62
7
370
25
100
AcDbLine
 10
384.0676454100485
 20
333.86484965797223
 30
0.0
 11
384.0262517636778
 21
339.0608372028035
 31
0.0
  0
LINE
  5
1B5
330
17
100
AcDbEntity
  8
0
  6
Continuous
 62
7
370
25
100
AcDbLine
 10
379.62987866803303
 20
326.03502039141347
 30
0.0
 11
384.109039056419
 21
328.66886211314124
 31
0.0
  0
LINE
  5
1B6
330
17
100
AcDbEntity
  8
0
  6
Continuous
 62
7
370
25
100
AcDbLine
 10
384.109039056419
 20
328.66886211314124
 30
0.0
 11
384.0676454100485
 21
333.86484965797223
 31
0.0
  0
LINE
  5
1B7
330
17
100
AcDbEntity
  8
0
  6
Continuous
 62
7
370
25
100
AcDbLine
 10
437.8928236320565
 20
457.09315375934773
 30
0.0
 11
437.8928236320565
 21
451.2931537593477
 31
0.0
  0
LINE
  5
1B8
330
17
100
AcDbEntity
  8
0
  6
Continuous
 62
7
370
25
100
AcDbLine
 10
437.8928236320565
 20
457.09315375934773
 30
0.0
 11
441.5171600811868
 21
457.09315375934773
 31
0.0
  0
LINE
  5
1B9
330
17
100
AcDbEntity
  8
0
  6
Continuous
 62
7
370
25
100
AcDbLine
 10
441.5171600811868
 20
457.09315375934773
 30
0.0
 11
445.141496530317
 21
457.09315375934773
 31
0.0
  0
LINE
  5
1BA
330
17
100
AcDbEntity
  8
0
  6
Continuous
 62
7
370
25
100
AcDbLine
 10
445.141496530317
 20
457.09315375934773
 30
0.0
 11
445.141496530317
 21
451.2931537593477
 31
0.0
  0
LINE
  5
1BB
330
17
100
AcDbEntity
  8
0
  6
Continuous
 62
7
370
25
100
AcDbLine
 10
429.067930986906
 20
475.09315375934796
 30
0.0
 11
441.06793098690605
 21
475.09315375934796
 31
0.0
  0
LINE
  5
1BC
330
17
100
AcDbEntity
  8
0
  6
Continuous
 62
7
370
25
100
AcDbLine
 10
427.8192580886455
 20
457.09315375934773
 30
0.0
 11
427.8192580886455
 21
451.2931537593477
 31
0.0
  0
LINE
  5
1BD
330
17
100
AcDbEntity
  8
0
  6
Continuous
 62
7
370
25
100
AcDbLine
 10
427.8192580886455
 20
457.09315375934773
 30
0.0
 11
432.856040860351
 21
457.09315375934773
 31
0.0
  0
LINE
  5
1BE
330
17
100
AcDbEntity
  8
0
  6
Continuous
 62
7
370
25
100
AcDbLine
 10
432.856040860351
 20
457.09315375934773
 30
0.0
 11
437.8928236320565
 21
457.09315375934773
 31
0.0
  0
LINE
  5
1BF
330
17
100
AcDbEntity
  8
0
  6
Continuous
 62
7
370
25
100
AcDbLine
 10
424.9943654434947
 20
457.09315375934773
 30
0.0
 11
424.9943654434947
 21
451.2931537593477
 31
0.0
  0
LINE
  5
1C0
330
17
100
AcDbEntity
  8
0
  6
Continuous
 62
7
370
25
100
AcDbLine
 10
424.9943654434947
 20
457.09315375934773
 30
0.0
 11
426.40681176607006
 21
457.09315375934773
 31
0.0
  0
LINE
  5
1C1
330
17
100
AcDbEntity
  8
0
  6
Continuous
 62
7
370
25
100
AcDbLine
 10
426.40681176607006
 20
457.09315375934773
 30
0.0
 11
427.8192580886455
 21
457.09315375934773
 31
0.0
  0
CIRCLE
  5
1C2
330
17
100
AcDbEntity
  8
0
  6
Continuous
 62
7
370
25
100
AcDbCircle
 10
375.0679309869057
 20
360.7931537593478
 30
0.0
 40
6.000000000000022
  0
CIRCLE
  5
1C3
330
17
100
AcDbEntity
  8
0
  6
Continuous
 62
7
370
25
100
AcDbCircle
 10
375.0679309869057
 20
360.7931537593478
 30
0.0
 40
9.00000000000002
  0
CIRCLE
  5
1C4
330
17
100
AcDbEntity
  8
0
  6
Continuous
 62
7
370
25
100
AcDbCircle
 10
375.0679309869057
 20
360.7931537593478
 30
0.0
 40
2.999999999999998
  0
LINE
  5
1C5
330
17
100
AcDbEntity
  8
0
  6
Continuous
 62
7
370
25
100
AcDbLine
 10
374.89316505964973
 20
350.402318524841
 30
0.0
 11
379.4362201812745
 21
352.9243514671077
 31
0.0
  0
LINE
  5
1C6
330
17
100
AcDbEntity
  8
0
  6
Continuous
 62
7
370
25
100
AcDbLine
 10
370.437492901653
 20
353.0757031998275
 30
0.0
 11
374.89316505964973
 21
350.402318524841
 31
0.0
  0
LINE
  5
1C7
330
17
100
AcDbEntity
  8
0
  6
Continuous
 62
7
370
25
100
AcDbLine
 10
383.9792753028993
 20
355.4463844093748
 30
0.0
 11
384.06665826652727
 21
360.64180202662794
 31
0.0
  0
LINE
  5
1C8
330
17
100
AcDbEntity
  8
0
  6
Continuous
 62
7
370
25
100
AcDbLine
 10
379.4362201812745
 20
352.9243514671077
 30
0.0
 11
383.9792753028993
 21
355.4463844093748
 31
0.0
  0
LINE
  5
1C9
330
17
100
AcDbEntity
  8
0
  6
Continuous
 62
7
370
25
100
AcDbLine
 10
375.242696914162
 20
371.18398899385477
 30
0.0
 11
370.69964179253725
 21
368.6619560515877
 31
0.0
  0
LINE
  5
1CA
330
17
100
AcDbEntity
  8
0
  6
Continuous
 62
7
370
25
100
AcDbLine
 10
379.6983690721588
 20
368.5106043188682
 30
0.0
 11
375.242696914162
 21
371.18398899385477
 31
0.0
  0
LINE
  5
1CB
330
17
100
AcDbEntity
  8
0
  6
Continuous
 62
7
370
25
100
AcDbLine
 10
370.69964179253725
 20
368.6619560515877
 30
0.0
 11
366.15658667091253
 21
366.139923109321
 31
0.0
  0
LINE
  5
1CC
330
17
100
AcDbEntity
  8
0
  6
Continuous
 62
7
370
25
100
AcDbLine
 10
366.15658667091253
 20
366.139923109321
 30
0.0
 11
366.06920370728454
 21
360.9445054920675
 31
0.0
  0
LINE
  5
1CD
330
17
100
AcDbEntity
  8
0
  6
Continuous
 62
7
370
25
100
AcDbLine
 10
366.06920370728454
 20
360.9445054920675
 30
0.0
 11
365.9818207436565
 21
355.749087874814
 31
0.0
  0
LINE
  5
1CE
330
17
100
AcDbEntity
  8
0
  6
Continuous
 62
7
370
25
100
AcDbLine
 10
365.9818207436565
 20
355.749087874814
 30
0.0
 11
370.437492901653
 21
353.0757031998275
 31
0.0
  0
LINE
  5
1CF
330
17
100
AcDbEntity
  8
0
  6
Continuous
 62
7
370
25
100
AcDbLine
 10
384.06665826652727
 20
360.64180202662794
 30
0.0
 11
384.15404123015526
 21
365.83721964388144
 31
0.0
  0
LINE
  5
1D0
330
17
100
AcDbEntity
  8
0
  6
Continuous
 62
7
370
25
100
AcDbLine
 10
384.15404123015526
 20
365.83721964388144
 30
0.0
 11
379.6983690721588
 21
368.5106043188682
 31
0.0
  0
LINE
  5
1D1
330
17
100
AcDbEntity
  8
0
  6
Continuous
 62
8
370
25
100
AcDbLine
 10
457.0365663835452
 20
246.79315375934783
 30
0.0
 11
467.53152138141604
 21
246.79315375934783
 31
0.0
  0
LINE
  5
1D2
330
17
100
AcDbEntity
  8
0
  6
Continuous
 62
8
370
25
100
AcDbLine
 10
457.0365663835452
 20
222.79315375934786
 30
0.0
 11
467.5315213814165
 21
222.79315375934786
 31
0.0
  0
LINE
  5
1D3
330
17
100
AcDbEntity
  8
0
  6
Continuous
 62
8
370
25
100
AcDbLine
 10
501.56793098690576
 20
388.87769294127156
 30
0.0
 11
501.56793098690576
 21
399.3659084335977
 31
0.0
  0
LINE
  5
1D4
330
17
100
AcDbEntity
  8
0
  6
Continuous
 62
8
370
25
100
AcDbLine
 10
525.5679309869059
 20
388.87769294127156
 30
0.0
 11
525.5679309869059
 21
399.3659084335977
 31
0.0
  0
LINE
  5
1D5
330
17
100
AcDbEntity
  8
0
  6
Continuous
 62
8
370
25
100
AcDbLine
 10
392.0016789337417
 20
246.79315375934783
 30
0.0
 11
402.49095943125394
 21
246.79315375934783
 31
0.0
  0
LINE
  5
1D6
330
17
100
AcDbEntity
  8
0
  6
Continuous
 62
8
370
25
100
AcDbLine
 10
392.0016789337417
 20
222.79315375934786
 30
0.0
 11
402.49095943125394
 21
222.79315375934786
 31
0.0
  0
LINE
  5
1D7
330
17
100
AcDbEntity
  8
0
  6
Continuous
 62
8
370
25
100
AcDbLine
 10
444.067930986906
 20
472.09315375934773
 30
0.0
 11
426.06793098690605
 21
472.09315375934773
 31
0.0
  0
DIMENSION
  5
1D8
330
17
100
AcDbEntity
  8
0
  6
Continuous
 62
7
370
18
100
AcDbDimension
280
0
  2
_D
  3
SLDDIMSTYLE0
 10
561.1842668016859
 20
298.7931537593472
 30
0.0
 11
561.1842668016862
 21
328.9924961206842
 31
0.0
 70
160
 71
2
 42
-1.0
 73
0
 74
0
 75
0
  1
<>
100
AcDbAlignedDimension
 13
520.0679309869055
 23
368.79315375934755
 33
0.0
 14
520.0679309869053
 24
298.7931537593472
 34
0.0
 50
90.0000000000002
100
AcDbRotatedDimension
  0
DIMENSION
  5
1E2
330
17
100
AcDbEntity
  8
0
  6
Continuous
 62
7
370
18
100
AcDbDimension
280
0
  2
_D_1
  3
SLDDIMSTYLE0
 10
350.06793098690474
 20
177.59315375934787
 30
0.0
 11
438.54025349140625
 21
177.59315375934756
 31
0.0
 70
160
 71
2
 42
-1.0
 73
0
 74
0
 75
0
  1
<>
100
AcDbAlignedDimension
 13
520.0679309869053
 23
298.7931537593472
 33
0.0
 14
350.06793098690525
 24
298.793153759348
 34
0.0
 50
-2.036e-13
100
AcDbRotatedDimension
  0
DIMENSION
  5
1EC
330
17
100
AcDbEntity
  8
0
  6
Continuous
 62
7
370
18
100
AcDbDimension
280
0
  2
_D_2
  3
SLDDIMSTYLE1
 10
518.1233873386423
 20
300.73769740761026
 30
0.0
 11
551.484093098279
 21
267.3770416479737
 31
0.0
 70
163
 71
1
 42
-1.0
 73
0
 74
0
 75
0
  1
<>
100
AcDbDiametricDimension
 15
522.0124746351682
 25
296.8486101110842
 35
0.0
 40
0.0
  0
DIMENSION
  5
1F5
330
17
100
AcDbEntity
  8
0
  6
Continuous
 62
7
370
18
100
AcDbDimension
280
0
  2
_D_3
  3
SLDDIMSTYLE0
 10
485.0679309869055
 20
489.3409279716923
 30
0.0
 11
435.54876496762375
 21
489.340927971692
 31
0.0
 70
160
 71
2
 42
-1.0
 73
0
 74
0
 75
0
  1
%%c<>
100
AcDbAlignedDimension
 13
385.0679309869055
 23
448.2931537593478
 33
0.0
 14
485.0679309869055
 24
441.493153759348
 34
0.0
 50
1.628e-13
100
AcDbRotatedDimension
  0
DIMENSION
  5
200
330
17
100
AcDbEntity
  8
0
  6
Continuous
 62
7
370
18
100
AcDbDimension
280
0
  2
_D_4
  3
SLDDIMSTYLE0
 10
318.8400626326695
 20
278.793153759348
 30
0.0
 11
318.84006263266974
 21
336.05035595787746
 31
0.0
 70
160
 71
2
 42
-1.0
 73
0
 74
0
 75
0
  1
<>
100
AcDbAlignedDimension
 13
345.0679309869055
 23
388.793153759348
 33
0.0
 14
345.06793098690525
 24
278.793153759348
 34
0.0
 50
90.0000000000002
100
AcDbRotatedDimension
  0
LINE
  5
20A
330
17
100
AcDbEntity
  8
0
  6
Continuous
 62
7
370
25
100
AcDbLine
 10
525.5679309869059
 20
574.1160216976638
 30
0.0
 11
525.5679309869059
 21
576.5159933706107
 31
0.0
  0
LINE
  5
20B
330
17
100
AcDbEntity
  8
0
  6
Continuous
 62
7
370
25
100
AcDbLine
 10
501.56793098690576
 20
576.5159933706107
 30
0.0
 11
501.56793098690576
 21
574.1160216976638
 31
0.0
  0
LINE
  5
20C
330
17
100
AcDbEntity
  8
0
  6
Continuous
 62
7
370
25
100
AcDbLine
 10
503.817930986906
 20
574.1160216976638
 30
0.0
 11
503.817930986906
 21
561.016176316161
 31
0.0
  0
LINE
  5
20D
330
17
100
AcDbEntity
  8
0
  6
Continuous
 62
7
370
25
100
AcDbLine
 10
523.317930986906
 20
561.016176316161
 30
0.0
 11
523.317930986906
 21
574.1160216976638
 31
0.0
  0
LINE
  5
20E
330
17
100
AcDbEntity
  8
0
  6
Continuous
 62
7
370
25
100
AcDbLine
 10
545.7679309869058
 20
600.26581632653
 30
0.0
 11
544.767930986906
 21
600.26581632653
 31
0.0
  0
LINE
  5
20F
330
17
100
AcDbEntity
  8
0
  6
Continuous
 62
7
370
25
100
AcDbLine
 10
544.767930986906
 20
582.7658163265298
 30
0.0
 11
545.7679309869058
 21
582.7658163265298
 31
0.0
  0
LINE
  5
210
330
17
100
AcDbEntity
  8
0
  6
Continuous
 62
7
370
25
100
AcDbLine
 10
542.513930986906
 20
600.26581632653
 30
0.0
 11
532.767930986906
 21
600.26581632653
 31
0.0
  0
LINE
  5
211
330
17
100
AcDbEntity
  8
0
  6
Continuous
 62
7
370
25
100
AcDbLine
 10
532.767930986906
 20
582.7658163265298
 30
0.0
 11
542.513930986906
 21
582.7658163265298
 31
0.0
  0
LINE
  5
212
330
17
100
AcDbEntity
  8
0
  6
Continuous
 62
7
370
25
100
AcDbLine
 10
494.367930986906
 20
600.2658163265298
 30
0.0
 11
489.76793098690575
 21
600.2658163265298
 31
0.0
  0
LINE
  5
213
330
17
100
AcDbEntity
  8
0
  6
Continuous
 62
7
370
25
100
AcDbLine
 10
489.76793098690575
 20
582.7658163265298
 30
0.0
 11
494.367930986906
 21
582.7658163265298
 31
0.0
  0
LINE
  5
214
330
17
100
AcDbEntity
  8
0
  6
Continuous
 62
7
370
25
100
AcDbLine
 10
543.801930986906
 20
598.8658163265297
 30
0.0
 11
542.513930986906
 21
598.8658163265297
 31
0.0
  0
LINE
  5
215
330
17
100
AcDbEntity
  8
0
  6
Continuous
 62
7
370
25
100
AcDbLine
 10
542.513930986906
 20
584.1658163265298
 30
0.0
 11
543.801930986906
 21
584.1658163265298
 31
0.0
  0
LINE
  5
216
330
17
100
AcDbEntity
  8
0
  6
Continuous
 62
7
370
25
100
AcDbLine
 10
520.767930986906
 20
601.0667192221865
 30
0.0
 11
520.767930986906
 21
602.0156923956732
 31
0.0
  0
LINE
  5
217
330
17
100
AcDbEntity
  8
0
  6
Continuous
 62
7
370
25
100
AcDbLine
 10
506.367930986906
 20
602.0156923956732
 30
0.0
 11
506.367930986906
 21
601.0667192221865
 31
0.0
  0
LINE
  5
218
330
17
100
AcDbEntity
  8
0
  6
Continuous
 62
7
370
25
100
AcDbLine
 10
544.767930986906
 20
597.6408163265297
 30
0.0
 11
543.801930986906
 21
597.6408163265297
 31
0.0
  0
LINE
  5
219
330
17
100
AcDbEntity
  8
0
  6
Continuous
 62
7
370
25
100
AcDbLine
 10
543.801930986906
 20
585.3908163265297
 30
0.0
 11
544.767930986906
 21
585.3908163265297
 31
0.0
  0
LINE
  5
21A
330
17
100
AcDbEntity
  8
0
  6
Continuous
 62
7
370
25
100
AcDbLine
 10
489.6506572453023
 20
581.7281447644638
 30
0.0
 11
489.76793098690575
 21
582.1658163265297
 31
0.0
  0
LINE
  5
21B
330
17
100
AcDbEntity
  8
0
  6
Continuous
 62
7
370
25
100
AcDbLine
 10
489.76793098690575
 20
600.8658163265297
 30
0.0
 11
489.6506572453023
 21
601.303487888596
 31
0.0
  0
LINE
  5
21C
330
17
100
AcDbEntity
  8
0
  6
Continuous
 62
7
370
25
100
AcDbLine
 10
366.06793098690605
 20
618.7158163265298
 30
0.0
 11
366.06793098690605
 21
603.7158163265298
 31
0.0
  0
LINE
  5
21D
330
17
100
AcDbEntity
  8
0
  6
Continuous
 62
7
370
25
100
AcDbLine
 10
384.067930986906
 20
603.7158163265298
 30
0.0
 11
384.067930986906
 21
618.7158163265298
 31
0.0
  0
ARC
  5
21E
330
17
100
AcDbEntity
  8
0
  6
Continuous
 62
7
370
25
100
AcDbCircle
 10
381.06793098690605
 20
603.7158163265298
 30
0.0
 40
3.0000000000000426
100
AcDbArc
 50
-89.9999999999993
 51
6.785e-13
  0
ARC
  5
21F
330
17
100
AcDbEntity
  8
0
  6
Continuous
 62
7
370
25
100
AcDbCircle
 10
369.067930986906
 20
603.7158163265298
 30
0.0
 40
3.0000000000000426
100
AcDbArc
 50
179.9999999999995
 51
-89.9999999999993
  0
CIRCLE
  5
220
330
17
100
AcDbEntity
  8
0
  6
Continuous
 62
7
370
25
100
AcDbCircle
 10
435.067930986906
 20
591.5158163265298
 30
0.0
 40
24.650000000000034
  0
CIRCLE
  5
221
330
17
100
AcDbEntity
  8
0
  6
Continuous
 62
7
370
25
100
AcDbCircle
 10
435.067930986906
 20
591.5158163265298
 30
0.0
 40
24.850000000000065
  0
CIRCLE
  5
222
330
17
100
AcDbEntity
  8
0
  6
Continuous
 62
7
370
25
100
AcDbCircle
 10
416.56793098690576
 20
591.5158163265298
 30
0.0
 40
3.2500000000001
  0
CIRCLE
  5
223
330
17
100
AcDbEntity
  8
0
  6
Continuous
 62
7
370
25
100
AcDbCircle
 10
435.067930986906
 20
573.0158163265297
 30
0.0
 40
3.2499999999999574
  0
CIRCLE
  5
224
330
17
100
AcDbEntity
  8
0
  6
Continuous
 62
7
370
25
100
AcDbCircle
 10
453.56793098690605
 20
591.5158163265298
 30
0.0
 40
3.2500000000001
  0
CIRCLE
  5
225
330
17
100
AcDbEntity
  8
0
  6
Continuous
 62
7
370
25
100
AcDbCircle
 10
435.0679309869057
 20
610.0158163265297
 30
0.0
 40
3.2499999999999574
  0
LINE
  5
226
330
17
100
AcDbEntity
  8
0
  6
Continuous
 62
7
370
25
100
AcDbLine
 10
432.6312324007035
 20
593.2658163265297
 30
0.0
 11
437.504629573108
 21
593.2658163265297
 31
0.0
  0
CIRCLE
  5
227
330
17
100
AcDbEntity
  8
0
  6
Continuous
 62
7
370
25
100
AcDbCircle
 10
435.067930986906
 20
591.5158163265298
 30
0.0
 40
49.99999999999993
  0
CIRCLE
  5
228
330
17
100
AcDbEntity
  8
0
  6
Continuous
 62
7
370
25
100
AcDbCircle
 10
435.067930986906
 20
591.5158163265298
 30
0.0
 40
46.99999999999995
  0
CIRCLE
  5
229
330
17
100
AcDbEntity
  8
0
  6
Continuous
 62
7
370
25
100
AcDbCircle
 10
435.067930986906
 20
591.5158163265298
 30
0.0
 40
25.000000000000075
  0
LINE
  5
22A
330
17
100
AcDbEntity
  8
0
  6
Continuous
 62
7
370
25
100
AcDbLine
 10
340.0679309869057
 20
644.515816326529
 30
0.0
 11
340.0679309869055
 21
659.515816326529
 31
0.0
  0
LINE
  5
22B
330
17
100
AcDbEntity
  8
0
  6
Continuous
 62
7
370
25
100
AcDbLine
 10
340.0679309869055
 20
659.515816326529
 30
0.0
 11
345.0679309869055
 21
659.5158163265294
 31
0.0
  0
LINE
  5
22C
330
17
100
AcDbEntity
  8
0
  6
Continuous
 62
7
370
25
100
AcDbLine
 10
345.0679309869055
 20
659.5158163265294
 30
0.0
 11
345.0679309869057
 21
644.515816326529
 31
0.0
  0
LINE
  5
22D
330
17
100
AcDbEntity
  8
0
  6
Continuous
 62
7
370
25
100
AcDbLine
 10
345.0679309869057
 20
644.515816326529
 30
0.0
 11
340.0679309869057
 21
644.515816326529
 31
0.0
  0
LINE
  5
22E
330
17
100
AcDbEntity
  8
0
  6
Continuous
 62
7
370
25
100
AcDbLine
 10
359.067930986906
 20
625.5158163265293
 30
0.0
 11
398.407325427259
 21
625.5158163265297
 31
0.0
  0
LINE
  5
22F
330
17
100
AcDbEntity
  8
0
  6
Continuous
 62
7
370
25
100
AcDbLine
 10
471.72853654655177
 20
625.5158163265303
 30
0.0
 11
511.06793098690605
 21
625.5158163265307
 31
0.0
  0
LINE
  5
230
330
17
100
AcDbEntity
  8
0
  6
Continuous
 62
7
370
25
100
AcDbLine
 10
359.06793098690576
 20
644.5158163265294
 30
0.0
 11
359.067930986906
 21
625.5158163265293
 31
0.0
  0
LINE
  5
231
330
17
100
AcDbEntity
  8
0
  6
Continuous
 62
7
370
25
100
AcDbLine
 10
525.0679309869057
 20
644.515816326531
 30
0.0
 11
525.0679309869055
 21
659.515816326531
 31
0.0
  0
LINE
  5
232
330
17
100
AcDbEntity
  8
0
  6
Continuous
 62
7
370
25
100
AcDbLine
 10
525.0679309869057
 20
644.515816326531
 30
0.0
 11
511.0679309869057
 21
644.5158163265307
 31
0.0
  0
LINE
  5
233
330
17
100
AcDbEntity
  8
0
  6
Continuous
 62
7
370
25
100
AcDbLine
 10
511.06793098690605
 20
625.5158163265307
 30
0.0
 11
511.0679309869057
 21
644.5158163265307
 31
0.0
  0
LINE
  5
234
330
17
100
AcDbEntity
  8
0
  6
Continuous
 62
7
370
25
100
AcDbLine
 10
525.0679309869055
 20
659.515816326531
 30
0.0
 11
345.0679309869055
 21
659.5158163265294
 31
0.0
  0
LINE
  5
235
330
17
100
AcDbEntity
  8
0
  6
Continuous
 62
7
370
25
100
AcDbLine
 10
359.06793098690576
 20
644.5158163265294
 30
0.0
 11
345.0679309869057
 21
644.515816326529
 31
0.0
  0
LINE
  5
236
330
17
100
AcDbEntity
  8
0
  6
Continuous
 62
7
370
25
100
AcDbLine
 10
359.067930986906
 20
624.5158163265293
 30
0.0
 11
358.067930986906
 21
625.5158163265293
 31
0.0
  0
LINE
  5
237
330
17
100
AcDbEntity
  8
0
  6
Continuous
 62
7
370
25
100
AcDbLine
 10
359.067930986906
 20
625.5158163265293
 30
0.0
 11
358.067930986906
 21
625.5158163265293
 31
0.0
  0
LINE
  5
238
330
17
100
AcDbEntity
  8
0
  6
Continuous
 62
7
370
25
100
AcDbLine
 10
359.067930986906
 20
625.5158163265293
 30
0.0
 11
359.067930986906
 21
624.5158163265293
 31
0.0
  0
LINE
  5
239
330
17
100
AcDbEntity
  8
0
  6
Continuous
 62
7
370
25
100
AcDbLine
 10
358.067930986906
 20
625.5158163265293
 30
0.0
 11
358.06793098690576
 21
644.5158163265294
 31
0.0
  0
LINE
  5
23A
330
17
100
AcDbEntity
  8
0
  6
Continuous
 62
7
370
25
100
AcDbLine
 10
511.06793098690605
 20
625.5158163265307
 30
0.0
 11
511.06793098690605
 21
624.5158163265307
 31
0.0
  0
LINE
  5
23B
330
17
100
AcDbEntity
  8
0
  6
Continuous
 62
7
370
25
100
AcDbLine
 10
511.06793098690605
 20
624.5158163265307
 30
0.0
 11
472.631210928891
 21
624.5158163265305
 31
0.0
  0
LINE
  5
23C
330
17
100
AcDbEntity
  8
0
  6
Continuous
 62
7
370
25
100
AcDbLine
 10
397.50465104491974
 20
624.5158163265295
 30
0.0
 11
359.067930986906
 21
624.5158163265293
 31
0.0
  0
LINE
  5
23D
330
17
100
AcDbEntity
  8
0
  6
Continuous
 62
7
370
25
100
AcDbLine
 10
512.0679309869057
 20
644.5158163265307
 30
0.0
 11
512.067930986906
 21
625.5158163265307
 31
0.0
  0
LINE
  5
23E
330
17
100
AcDbEntity
  8
0
  6
Continuous
 62
7
370
25
100
AcDbLine
 10
512.067930986906
 20
625.5158163265307
 30
0.0
 11
511.06793098690605
 21
625.5158163265307
 31
0.0
  0
LINE
  5
23F
330
17
100
AcDbEntity
  8
0
  6
Continuous
 62
7
370
25
100
AcDbLine
 10
512.067930986906
 20
625.5158163265307
 30
0.0
 11
511.06793098690605
 21
624.5158163265307
 31
0.0
  0
LINE
  5
240
330
17
100
AcDbEntity
  8
0
  6
Continuous
 62
7
370
25
100
AcDbLine
 10
530.0679309869055
 20
659.515816326531
 30
0.0
 11
530.0679309869057
 21
644.515816326531
 31
0.0
  0
LINE
  5
241
330
17
100
AcDbEntity
  8
0
  6
Continuous
 62
7
370
25
100
AcDbLine
 10
530.0679309869057
 20
644.515816326531
 30
0.0
 11
525.0679309869057
 21
644.515816326531
 31
0.0
  0
LINE
  5
242
330
17
100
AcDbEntity
  8
0
  6
Continuous
 62
7
370
25
100
AcDbLine
 10
525.0679309869055
 20
659.515816326531
 30
0.0
 11
530.0679309869055
 21
659.515816326531
 31
0.0
  0
CIRCLE
  5
243
330
17
100
AcDbEntity
  8
0
  6
Continuous
 62
7
370
25
100
AcDbCircle
 10
435.0679309869057
 20
610.0158163265297
 30
0.0
 40
2.7499999999999876
  0
CIRCLE
  5
244
330
17
100
AcDbEntity
  8
0
  6
Continuous
 62
7
370
25
100
AcDbCircle
 10
435.0679309869057
 20
610.0158163265297
 30
0.0
 40
2.6499999999999826
  0
LINE
  5
245
330
17
100
AcDbEntity
  8
0
  6
Continuous
 62
7
370
25
100
AcDbLine
 10
434.95628958932525
 20
611.454867934944
 30
0.0
 11
436.25836553835904
 21
610.8320264171557
 31
0.0
  0
LINE
  5
246
330
17
100
AcDbEntity
  8
0
  6
Continuous
 62
7
370
25
100
AcDbLine
 10
433.765855037872
 20
610.638657844318
 30
0.0
 11
434.95628958932525
 21
611.454867934944
 31
0.0
  0
LINE
  5
247
330
17
100
AcDbEntity
  8
0
  6
Continuous
 62
7
370
25
100
AcDbLine
 10
433.87749643545277
 20
609.1996062359037
 30
0.0
 11
433.765855037872
 21
610.638657844318
 31
0.0
  0
LINE
  5
248
330
17
100
AcDbEntity
  8
0
  6
Continuous
 62
7
370
25
100
AcDbLine
 10
435.1795723844865
 20
608.5767647181156
 30
0.0
 11
433.87749643545277
 21
609.1996062359037
 31
0.0
  0
LINE
  5
249
330
17
100
AcDbEntity
  8
0
  6
Continuous
 62
7
370
25
100
AcDbLine
 10
436.3700069359397
 20
609.3929748087415
 30
0.0
 11
435.1795723844865
 21
608.5767647181156
 31
0.0
  0
LINE
  5
24A
330
17
100
AcDbEntity
  8
0
  6
Continuous
 62
7
370
25
100
AcDbLine
 10
436.25836553835904
 20
610.8320264171557
 30
0.0
 11
436.3700069359397
 21
609.3929748087415
 31
0.0
  0
ARC
  5
24B
330
17
100
AcDbEntity
  8
0
  6
Continuous
 62
7
370
25
100
AcDbCircle
 10
435.0679309869057
 20
610.0158163265297
 30
0.0
 40
1.2500000000000613
100
AcDbArc
 50
124.43611203219092
 51
-175.56388796781224
  0
ARC
  5
24C
330
17
100
AcDbEntity
  8
0
  6
Continuous
 62
7
370
25
100
AcDbCircle
 10
435.0679309869057
 20
610.0158163265297
 30
0.0
 40
1.250000000000029
100
AcDbArc
 50
64.43611203218853
 51
124.43611203219092
  0
ARC
  5
24D
330
17
100
AcDbEntity
  8
0
  6
Continuous
 62
7
370
25
100
AcDbCircle
 10
435.0679309869057
 20
610.0158163265297
 30
0.0
 40
1.2500000000000335
100
AcDbArc
 50
-55.56388796781276
 51
4.436112032187523
  0
ARC
  5
24E
330
17
100
AcDbEntity
  8
0
  6
Continuous
 62
7
370
25
100
AcDbCircle
 10
435.0679309869057
 20
610.0158163265297
 30
0.0
 40
1.2500000000000335
100
AcDbArc
 50
-115.56388796781071
 51
-55.56388796781276
  0
ARC
  5
24F
330
17
100
AcDbEntity
  8
0
  6
Continuous
 62
7
370
25
100
AcDbCircle
 10
435.0679309869057
 20
610.0158163265297
 30
0.0
 40
1.250000000000029
100
AcDbArc
 50
4.436112032187523
 51
64.43611203218853
  0
ARC
  5
250
330
17
100
AcDbEntity
  8
0
  6
Continuous
 62
7
370
25
100
AcDbCircle
 10
435.0679309869057
 20
610.0158163265297
 30
0.0
 40
1.2500000000000613
100
AcDbArc
 50
-175.56388796781224
 51
-115.56388796781071
  0
LINE
  5
251
330
17
100
AcDbEntity
  8
0
  6
Continuous
 62
7
370
25
100
AcDbLine
 10
435.17957238448673
 20
571.5767647181158
 30
0.0
 11
433.877496435453
 21
572.1996062359037
 31
0.0
  0
LINE
  5
252
330
17
100
AcDbEntity
  8
0
  6
Continuous
 62
7
370
25
100
AcDbLine
 10
436.37000693593995
 20
572.3929748087418
 30
0.0
 11
435.17957238448673
 21
571.5767647181158
 31
0.0
  0
LINE
  5
253
330
17
100
AcDbEntity
  8
0
  6
Continuous
 62
7
370
25
100
AcDbLine
 10
436.25836553835927
 20
573.8320264171558
 30
0.0
 11
436.37000693593995
 21
572.3929748087418
 31
0.0
  0
LINE
  5
254
330
17
100
AcDbEntity
  8
0
  6
Continuous
 62
7
370
25
100
AcDbLine
 10
434.9562895893255
 20
574.454867934944
 30
0.0
 11
436.25836553835927
 21
573.8320264171558
 31
0.0
  0
LINE
  5
255
330
17
100
AcDbEntity
  8
0
  6
Continuous
 62
7
370
25
100
AcDbLine
 10
433.76585503787226
 20
573.638657844318
 30
0.0
 11
434.9562895893255
 21
574.454867934944
 31
0.0
  0
LINE
  5
256
330
17
100
AcDbEntity
  8
0
  6
Continuous
 62
7
370
25
100
AcDbLine
 10
433.877496435453
 20
572.1996062359037
 30
0.0
 11
433.76585503787226
 21
573.638657844318
 31
0.0
  0
CIRCLE
  5
257
330
17
100
AcDbEntity
  8
0
  6
Continuous
 62
7
370
25
100
AcDbCircle
 10
435.067930986906
 20
573.0158163265297
 30
0.0
 40
2.6499999999999524
  0
CIRCLE
  5
258
330
17
100
AcDbEntity
  8
0
  6
Continuous
 62
7
370
25
100
AcDbCircle
 10
435.067930986906
 20
573.0158163265297
 30
0.0
 40
2.7499999999999876
  0
ARC
  5
259
330
17
100
AcDbEntity
  8
0
  6
Continuous
 62
7
370
25
100
AcDbCircle
 10
435.067930986906
 20
573.0158163265297
 30
0.0
 40
1.2499999999999907
100
AcDbArc
 50
-55.563887967811034
 51
4.436112032187271
  0
ARC
  5
25A
330
17
100
AcDbEntity
  8
0
  6
Continuous
 62
7
370
25
100
AcDbCircle
 10
435.067930986906
 20
573.0158163265297
 30
0.0
 40
1.250000000000029
100
AcDbArc
 50
64.43611203218853
 51
124.43611203218819
  0
ARC
  5
25B
330
17
100
AcDbEntity
  8
0
  6
Continuous
 62
7
370
25
100
AcDbCircle
 10
435.067930986906
 20
573.0158163265297
 30
0.0
 40
1.250000000000029
100
AcDbArc
 50
4.436112032187271
 51
64.43611203218853
  0
ARC
  5
25C
330
17
100
AcDbEntity
  8
0
  6
Continuous
 62
7
370
25
100
AcDbCircle
 10
435.067930986906
 20
573.0158163265297
 30
0.0
 40
1.250000000000029
100
AcDbArc
 50
-175.56388796781192
 51
-115.56388796781071
  0
ARC
  5
25D
330
17
100
AcDbEntity
  8
0
  6
Continuous
 62
7
370
25
100
AcDbCircle
 10
435.067930986906
 20
573.0158163265297
 30
0.0
 40
1.2499999999999907
100
AcDbArc
 50
124.43611203218819
 51
-175.56388796781192
  0
ARC
  5
25E
330
17
100
AcDbEntity
  8
0
  6
Continuous
 62
7
370
25
100
AcDbCircle
 10
435.067930986906
 20
573.0158163265297
 30
0.0
 40
1.250000000000029
100
AcDbArc
 50
-115.56388796781071
 51
-55.563887967811034
  0
LINE
  5
25F
330
17
100
AcDbEntity
  8
0
  6
Continuous
 62
7
370
25
100
AcDbLine
 10
455.0069825953202
 20
591.6274577241105
 30
0.0
 11
454.38414107753204
 21
590.3253817750765
 31
0.0
  0
LINE
  5
260
330
17
100
AcDbEntity
  8
0
  6
Continuous
 62
7
370
25
100
AcDbLine
 10
454.1907725046943
 20
592.8178922755637
 30
0.0
 11
455.0069825953202
 21
591.6274577241105
 31
0.0
  0
LINE
  5
261
330
17
100
AcDbEntity
  8
0
  6
Continuous
 62
7
370
25
100
AcDbLine
 10
452.7517208962797
 20
592.706250877983
 30
0.0
 11
454.1907725046943
 21
592.8178922755637
 31
0.0
  0
LINE
  5
262
330
17
100
AcDbEntity
  8
0
  6
Continuous
 62
7
370
25
100
AcDbLine
 10
452.1288793784918
 20
591.404174928949
 30
0.0
 11
452.7517208962797
 21
592.706250877983
 31
0.0
  0
LINE
  5
263
330
17
100
AcDbEntity
  8
0
  6
Continuous
 62
7
370
25
100
AcDbLine
 10
452.94508946911776
 20
590.213740377496
 30
0.0
 11
452.1288793784918
 21
591.404174928949
 31
0.0
  0
LINE
  5
264
330
17
100
AcDbEntity
  8
0
  6
Continuous
 62
7
370
25
100
AcDbLine
 10
454.38414107753204
 20
590.3253817750765
 30
0.0
 11
452.94508946911776
 21
590.213740377496
 31
0.0
  0
CIRCLE
  5
265
330
17
100
AcDbEntity
  8
0
  6
Continuous
 62
7
370
25
100
AcDbCircle
 10
453.56793098690605
 20
591.5158163265298
 30
0.0
 40
2.6499999999999524
  0
CIRCLE
  5
266
330
17
100
AcDbEntity
  8
0
  6
Continuous
 62
7
370
25
100
AcDbCircle
 10
453.56793098690605
 20
591.5158163265298
 30
0.0
 40
2.7499999999999876
  0
ARC
  5
267
330
17
100
AcDbEntity
  8
0
  6
Continuous
 62
7
370
25
100
AcDbCircle
 10
453.56793098690605
 20
591.5158163265298
 30
0.0
 40
1.2500000000000613
100
AcDbArc
 50
94.43611203218701
 51
154.4361120321842
  0
ARC
  5
268
330
17
100
AcDbEntity
  8
0
  6
Continuous
 62
7
370
25
100
AcDbCircle
 10
453.56793098690605
 20
591.5158163265298
 30
0.0
 40
1.2499999999999958
100
AcDbArc
 50
154.4361120321842
 51
-145.56388796781374
  0
ARC
  5
269
330
17
100
AcDbEntity
  8
0
  6
Continuous
 62
7
370
25
100
AcDbCircle
 10
453.56793098690605
 20
591.5158163265298
 30
0.0
 40
1.2500000000000735
100
AcDbArc
 50
34.43611203218905
 51
94.43611203218701
  0
ARC
  5
26A
330
17
100
AcDbEntity
  8
0
  6
Continuous
 62
7
370
25
100
AcDbCircle
 10
453.56793098690605
 20
591.5158163265298
 30
0.0
 40
1.2499999999999984
100
AcDbArc
 50
-85.5638879678085
 51
-25.563887967807705
  0
ARC
  5
26B
330
17
100
AcDbEntity
  8
0
  6
Continuous
 62
7
370
25
100
AcDbCircle
 10
453.56793098690605
 20
591.5158163265298
 30
0.0
 40
1.2500000000000735
100
AcDbArc
 50
-25.563887967807705
 51
34.43611203218905
  0
ARC
  5
26C
330
17
100
AcDbEntity
  8
0
  6
Continuous
 62
7
370
25
100
AcDbCircle
 10
453.56793098690605
 20
591.5158163265298
 30
0.0
 40
1.2499999999999347
100
AcDbArc
 50
-145.56388796781374
 51
-85.5638879678085
  0
LINE
  5
26D
330
17
100
AcDbEntity
  8
0
  6
Continuous
 62
7
370
25
100
AcDbLine
 10
415.1288793784917
 20
591.404174928949
 30
0.0
 11
415.75172089627995
 21
592.7062508779827
 31
0.0
  0
LINE
  5
26E
330
17
100
AcDbEntity
  8
0
  6
Continuous
 62
7
370
25
100
AcDbLine
 10
415.94508946911776
 20
590.2137403774957
 30
0.0
 11
415.1288793784917
 21
591.404174928949
 31
0.0
  0
LINE
  5
26F
330
17
100
AcDbEntity
  8
0
  6
Continuous
 62
7
370
25
100
AcDbLine
 10
417.3841410775317
 20
590.3253817750765
 30
0.0
 11
415.94508946911776
 21
590.2137403774957
 31
0.0
  0
LINE
  5
270
330
17
100
AcDbEntity
  8
0
  6
Continuous
 62
7
370
25
100
AcDbLine
 10
418.00698259532
 20
591.6274577241105
 30
0.0
 11
417.3841410775317
 21
590.3253817750765
 31
0.0
  0
LINE
  5
271
330
17
100
AcDbEntity
  8
0
  6
Continuous
 62
7
370
25
100
AcDbLine
 10
417.190772504694
 20
592.8178922755637
 30
0.0
 11
418.00698259532
 21
591.6274577241105
 31
0.0
  0
LINE
  5
272
330
17
100
AcDbEntity
  8
0
  6
Continuous
 62
7
370
25
100
AcDbLine
 10
415.75172089627995
 20
592.7062508779827
 30
0.0
 11
417.190772504694
 21
592.8178922755637
 31
0.0
  0
CIRCLE
  5
273
330
17
100
AcDbEntity
  8
0
  6
Continuous
 62
7
370
25
100
AcDbCircle
 10
416.56793098690576
 20
591.5158163265298
 30
0.0
 40
2.6499999999999524
  0
CIRCLE
  5
274
330
17
100
AcDbEntity
  8
0
  6
Continuous
 62
7
370
25
100
AcDbCircle
 10
416.56793098690576
 20
591.5158163265298
 30
0.0
 40
2.749999999999955
  0
ARC
  5
275
330
17
100
AcDbEntity
  8
0
  6
Continuous
 62
7
370
25
100
AcDbCircle
 10
416.56793098690576
 20
591.5158163265298
 30
0.0
 40
1.2499999999999907
100
AcDbArc
 50
94.43611203218728
 51
154.4361120321871
  0
ARC
  5
276
330
17
100
AcDbEntity
  8
0
  6
Continuous
 62
7
370
25
100
AcDbCircle
 10
416.56793098690576
 20
591.5158163265298
 30
0.0
 40
1.2500000000000335
100
AcDbArc
 50
34.43611203218637
 51
94.43611203218728
  0
ARC
  5
277
330
17
100
AcDbEntity
  8
0
  6
Continuous
 62
7
370
25
100
AcDbCircle
 10
416.56793098690576
 20
591.5158163265298
 30
0.0
 40
1.2500000000000335
100
AcDbArc
 50
-25.563887967810604
 51
34.43611203218637
  0
ARC
  5
278
330
17
100
AcDbEntity
  8
0
  6
Continuous
 62
7
370
25
100
AcDbCircle
 10
416.56793098690576
 20
591.5158163265298
 30
0.0
 40
1.249999999999996
100
AcDbArc
 50
-145.56388796781104
 51
-85.5638879678087
  0
ARC
  5
279
330
17
100
AcDbEntity
  8
0
  6
Continuous
 62
7
370
25
100
AcDbCircle
 10
416.56793098690576
 20
591.5158163265298
 30
0.0
 40
1.250000000000029
100
AcDbArc
 50
-85.5638879678087
 51
-25.563887967810604
  0
ARC
  5
27A
330
17
100
AcDbEntity
  8
0
  6
Continuous
 62
7
370
25
100
AcDbCircle
 10
416.56793098690576
 20
591.5158163265298
 30
0.0
 40
1.2499999999999751
100
AcDbArc
 50
154.4361120321871
 51
-145.56388796781104
  0
LWPOLYLINE
  5
27B
330
17
100
AcDbEntity
  8
0
  6
Continuous
 62
7
370
25
100
AcDbPolyline
 90
27
 70
128
 10
525.5679309869059
 20
574.1160216976638
 10
525.4400514038073
 20
574.1245106656687
 10
525.0591381858068
 20
574.132818706059
 10
524.4333098368237
 20
574.1407687473775
 10
523.5759048015846
 20
574.1481913482958
 10
522.5051971798313
 20
574.1549283089623
 10
521.2440072456125
 20
574.1608360427567
 10
519.8192150727609
 20
574.1657886365898
 10
518.2611876327878
 20
574.1696805345225
 10
516.603131575606
 20
574.1724287875074
 10
514.8803854874402
 20
574.1739748213038
 10
513.129666710214
 20
574.1742856848848
 10
511.38828877515255
 20
574.1733547527333
 10
509.69336612964855
 20
574.1712018660518
 10
508.08102310725025
 20
574.167872909882
 10
506.5856240002105
 20
574.1634388351455
 10
505.2390406442583
 20
574.1579941464468
 10
504.06997312575476
 20
574.1516548878727
 10
503.1033380891802
 20
574.1445561697137
 10
502.3597376821152
 20
574.1368492888234
 10
501.85502045623474
 20
574.1286985039873
 10
501.5999435829433
 20
574.120277535033
 10
501.5999435829433
 20
574.1117658602943
 10
501.85502045623474
 20
574.10334489134
 10
502.3597376821152
 20
574.095194106504
 10
503.1033380891802
 20
574.0874872256135
 10
503.817930986906
 20
574.0820333789293
  0
ARC
  5
27C
330
17
100
AcDbEntity
  8
0
  6
Continuous
 62
7
370
25
100
AcDbCircle
 10
523.471164591776
 20
638.4291995049748
 30
0.0
 40
64.34734857778184
100
AcDbArc
 50
-90.1364414747559
 51
-88.1326793141154
  0
ARC
  5
27D
330
17
100
AcDbEntity
  8
0
  6
Continuous
 62
7
370
25
100
AcDbCircle
 10
513.567930986906
 20
-182.2976066383037
 30
0.0
 40
756.4764633697358
100
AcDbArc
 50
89.26151130267323
 51
90.73848869732676
  0
ARC
  5
27E
330
17
100
AcDbEntity
  8
0
  6
Continuous
 62
7
370
25
100
AcDbCircle
 10
506.672323519467
 20
332.7394040820287
 30
0.0
 40
243.83002339396273
100
AcDbArc
 50
89.74477707787764
 51
91.19953035566328
  0
LWPOLYLINE
  5
27F
330
17
100
AcDbEntity
  8
0
  6
Continuous
 62
7
370
25
100
AcDbPolyline
 90
9
 70
128
 10
519.377406006217
 20
576.5670083941852
 10
518.0080576547163
 20
576.5701583561718
 10
516.567930986906
 20
576.5724448953853
 10
515.0799824966988
 20
576.5738315630012
 10
513.567930986906
 20
576.5742962546959
 10
512.0558794771132
 20
576.5738315630012
 10
510.56793098690576
 20
576.5724448953853
 10
509.12780431909573
 20
576.5701583561718
 10
507.7584559675947
 20
576.5670083941852
  0
ARC
  5
280
330
17
100
AcDbEntity
  8
0
  6
Continuous
 62
7
370
25
100
AcDbCircle
 10
520.4635384543448
 20
332.7394040820393
 30
0.0
 40
243.83002339395222
100
AcDbArc
 50
88.80046964433664
 51
90.2552229221224
  0
LINE
  5
281
330
17
100
AcDbEntity
  8
0
  6
Continuous
 62
7
370
25
100
AcDbLine
 10
494.367930986906
 20
601.0667192221865
 30
0.0
 11
532.767930986906
 21
601.0667192221865
 31
0.0
  0
LINE
  5
282
330
17
100
AcDbEntity
  8
0
  6
Continuous
 62
7
370
25
100
AcDbLine
 10
532.767930986906
 20
601.0667192221865
 30
0.0
 11
532.767930986906
 21
580.5669611824305
 31
0.0
  0
LINE
  5
283
330
17
100
AcDbEntity
  8
0
  6
Continuous
 62
7
370
25
100
AcDbLine
 10
532.767930986906
 20
580.5669611824305
 30
0.0
 11
529.567930986906
 21
580.5669611824305
 31
0.0
  0
ARC
  5
284
330
17
100
AcDbEntity
  8
0
  6
Continuous
 62
7
370
25
100
AcDbCircle
 10
525.567954592644
 20
580.566984788447
 30
0.0
 40
3.9999763943314774
100
AcDbArc
 50
-90.00033812928591
 51
-0.00033813327661674823
  0
LINE
  5
285
330
17
100
AcDbEntity
  8
0
  6
Continuous
 62
7
370
25
100
AcDbLine
 10
525.5679309869059
 20
576.5670083941852
 30
0.0
 11
519.377406006217
 21
576.5670083941852
 31
0.0
  0
LINE
  5
286
330
17
100
AcDbEntity
  8
0
  6
Continuous
 62
7
370
25
100
AcDbLine
 10
507.7584559675947
 20
576.5670083941852
 30
0.0
 11
501.56793098690576
 21
576.5670083941852
 31
0.0
  0
ARC
  5
287
330
17
100
AcDbEntity
  8
0
  6
Continuous
 62
7
370
25
100
AcDbCircle
 10
501.56790738116774
 20
580.566984788447
 30
0.0
 40
3.9999763943314077
100
AcDbArc
 50
-179.99966186672282
 51
-89.99966187071249
  0
LINE
  5
288
330
17
100
AcDbEntity
  8
0
  6
Continuous
 62
7
370
25
100
AcDbLine
 10
497.567930986906
 20
580.5669611824305
 30
0.0
 11
494.367930986906
 21
580.5669611824305
 31
0.0
  0
LINE
  5
289
330
17
100
AcDbEntity
  8
0
  6
Continuous
 62
7
370
25
100
AcDbLine
 10
494.367930986906
 20
580.5669611824305
 30
0.0
 11
494.367930986906
 21
601.0667192221865
 31
0.0
  0
ARC
  5
28A
330
17
100
AcDbEntity
  8
0
  6
Continuous
 62
7
370
25
100
AcDbCircle
 10
525.5679391589352
 20
580.5668981420258
 30
0.0
 40
5.500008172390492
100
AcDbArc
 50
29.22319685621603
 51
179.9993432829527
  0
LINE
  5
28B
330
17
100
AcDbEntity
  8
0
  6
Continuous
 62
7
370
25
100
AcDbLine
 10
530.367930986906
 20
583.252073806256
 30
0.0
 11
530.367930986906
 21
600.3667274842437
 31
0.0
  0
LINE
  5
28C
330
17
100
AcDbEntity
  8
0
  6
Continuous
 62
7
370
25
100
AcDbLine
 10
530.367930986906
 20
600.3667274842437
 30
0.0
 11
496.76793098690604
 21
600.3667274842437
 31
0.0
  0
LINE
  5
28D
330
17
100
AcDbEntity
  8
0
  6
Continuous
 62
7
370
25
100
AcDbLine
 10
496.76793098690604
 20
600.3667274842437
 30
0.0
 11
496.76793098690604
 21
583.252073806256
 31
0.0
  0
ARC
  5
28E
330
17
100
AcDbEntity
  8
0
  6
Continuous
 62
7
370
25
100
AcDbCircle
 10
501.56792281487674
 20
580.5668981420258
 30
0.0
 40
5.500008172390444
100
AcDbArc
 50
0.0006567170465813
 51
150.7768031437853
  0
LINE
  5
28F
330
17
100
AcDbEntity
  8
0
  6
Continuous
 62
7
370
25
100
AcDbLine
 10
507.06793098690605
 20
580.5669611824305
 30
0.0
 11
520.067930986906
 21
580.5669611824305
 31
0.0
  0
CIRCLE
  5
290
330
17
100
AcDbEntity
  8
0
  6
Continuous
 62
7
370
25
100
AcDbCircle
 10
501.56794979550597
 20
580.566956021513
 30
0.0
 40
2.0999811914064463
  0
CIRCLE
  5
291
330
17
100
AcDbEntity
  8
0
  6
Continuous
 62
7
370
25
100
AcDbCircle
 10
525.567949795506
 20
580.566956021513
 30
0.0
 40
2.099981191406304
  0
LINE
  5
292
330
17
100
AcDbEntity
  8
0
  6
Continuous
 62
7
370
25
100
AcDbLine
 10
529.567930986906
 20
580.4649311352812
 30
0.0
 11
529.567930986906
 21
580.5669611824305
 31
0.0
  0
ARC
  5
293
330
17
100
AcDbEntity
  8
0
  6
Continuous
 62
7
370
25
100
AcDbCircle
 10
525.5679545926442
 20
580.464954741298
 30
0.0
 40
3.9999763943314077
100
AcDbArc
 50
-90.00033812928677
 51
-0.00033813327559897074
  0
LINE
  5
294
330
17
100
AcDbEntity
  8
0
  6
Continuous
 62
7
370
25
100
AcDbLine
 10
525.5679309869059
 20
576.5159933706107
 30
0.0
 11
525.5679309869059
 21
576.5670083941852
 31
0.0
  0
LINE
  5
295
330
17
100
AcDbEntity
  8
0
  6
Continuous
 62
7
370
25
100
AcDbLine
 10
501.56793098690576
 20
576.5159933706107
 30
0.0
 11
501.56793098690576
 21
576.5670083941852
 31
0.0
  0
ARC
  5
296
330
17
100
AcDbEntity
  8
0
  6
Continuous
 62
7
370
25
100
AcDbCircle
 10
501.56790738116774
 20
580.464954741298
 30
0.0
 40
3.999976394331405
100
AcDbArc
 50
-179.99966186672282
 51
-89.99966187071152
  0
LINE
  5
297
330
17
100
AcDbEntity
  8
0
  6
Continuous
 62
7
370
25
100
AcDbLine
 10
497.567930986906
 20
580.4649311352812
 30
0.0
 11
497.567930986906
 21
580.5669611824305
 31
0.0
  0
ARC
  5
298
330
17
100
AcDbEntity
  8
0
  6
Continuous
 62
7
370
25
100
AcDbCircle
 10
525.5679309869059
 20
580.464911774999
 30
0.0
 40
2.1000004557784693
100
AcDbArc
 50
1.392543869907439
 51
178.6074561326523
  0
ARC
  5
299
330
17
100
AcDbEntity
  8
0
  6
Continuous
 62
7
370
25
100
AcDbCircle
 10
501.567930986906
 20
580.464911774999
 30
0.0
 40
2.1000004557783885
100
AcDbArc
 50
1.3925438907965129
 51
178.6074561151084
  0
LINE
  5
29A
330
17
100
AcDbEntity
  8
0
  6
Continuous
 62
7
370
25
100
AcDbLine
 10
532.767930986906
 20
580.4649311352812
 30
0.0
 11
532.767930986906
 21
580.5669611824305
 31
0.0
  0
LINE
  5
29B
330
17
100
AcDbEntity
  8
0
  6
Continuous
 62
7
370
25
100
AcDbLine
 10
532.767930986906
 20
580.4649311352812
 30
0.0
 11
529.567930986906
 21
580.4649311352812
 31
0.0
  0
LINE
  5
29C
330
17
100
AcDbEntity
  8
0
  6
Continuous
 62
7
370
25
100
AcDbLine
 10
497.567930986906
 20
580.4649311352812
 30
0.0
 11
494.367930986906
 21
580.4649311352812
 31
0.0
  0
LINE
  5
29D
330
17
100
AcDbEntity
  8
0
  6
Continuous
 62
7
370
25
100
AcDbLine
 10
494.367930986906
 20
580.4649311352812
 30
0.0
 11
494.367930986906
 21
580.5669611824305
 31
0.0
  0
LINE
  5
29E
330
17
100
AcDbEntity
  8
0
  6
Continuous
 62
7
370
25
100
AcDbLine
 10
496.76793098690604
 20
600.3642981974067
 30
0.0
 11
530.367930986906
 21
600.3642981974067
 31
0.0
  0
LWPOLYLINE
  5
29F
330
17
100
AcDbEntity
  8
0
  6
Continuous
 62
7
370
25
100
AcDbPolyline
 90
9
 70
128
 10
522.3669366125433
 20
560.9957703067313
 10
522.7791044981212
 20
561.0006465159868
 10
523.0772107927053
 20
561.0057150301328
 10
523.257564058043
 20
561.010913085963
 10
523.317930986906
 20
561.016176316161
 10
523.2575640580428
 20
561.021439546359
 10
523.0772107927053
 20
561.026637602189
 10
522.7791044981212
 20
561.0317061163353
 10
522.3669366125433
 20
561.0365823255908
  0
LINE
  5
2A0
330
17
100
AcDbEntity
  8
0
  6
Continuous
 62
7
370
25
100
AcDbLine
 10
522.3669366125433
 20
567.7865026557545
 30
0.0
 11
522.3669366125433
 21
561.0365823255908
 31
0.0
  0
SPLINE
  5
2A1
330
17
100
AcDbEntity
  8
0
  6
Continuous
 62
7
370
25
100
AcDbSpline
210
0.0
220
0.0
230
2.5
 70
8
 71
3
 72
13
 73
9
 74
0
 42
1e-08
 40
0.0
 40
0.0
 40
0.0
 40
0.0
 40
0.2491134374835657
 40
0.498761050419812
 40
0.6235349398463761
 40
0.7489491498773037
 40
0.8738563364000277
 40
1.0
 40
1.0
 40
1.0
 40
1.0
 10
520.1423130871492
 20
570.8010429679596
 30
0.0
 10
520.4601953985043
 20
570.7740474006595
 30
0.0
 10
521.0966416581792
 20
570.7199983793007
 30
0.0
 10
521.7024230676025
 20
570.2475068619435
 30
0.0
 10
522.0488679009218
 20
569.6496147346535
 30
0.0
 10
522.2322899594
 20
569.0954737233831
 30
0.0
 10
522.345994586127
 20
568.4621172687945
 30
0.0
 10
522.3599330537977
 20
568.012445768313
 30
0.0
 10
522.3669366125433
 20
567.7865026557545
 30
0.0
  0
LWPOLYLINE
  5
2A2
330
17
100
AcDbEntity
  8
0
  6
Continuous
 62
7
370
25
100
AcDbPolyline
 90
10
 70
128
 10
506.9935488866625
 20
570.8010429679596
 10
508.26093073896453
 20
570.8058001672025
 10
509.6715052689195
 20
570.8094851366577
 10
511.18721256800325
 20
570.8119984490368
 10
512.7671560512238
 20
570.8132722905254
 10
514.3687059225883
 20
570.8132722905254
 10
515.9486494058085
 20
570.8119984490368
 10
517.4643567048922
 20
570.8094851366577
 10
518.8749312348473
 20
570.8058001672025
 10
520.1423130871492
 20
570.8010429679596
  0
SPLINE
  5
2A3
330
17
100
AcDbEntity
  8
0
  6
Continuous
 62
7
370
25
100
AcDbSpline
210
0.0
220
0.0
230
2.5
 70
8
 71
3
 72
13
 73
9
 74
0
 42
1e-08
 40
0.0
 40
0.0
 40
0.0
 40
0.0
 40
0.1251363600101148
 40
0.2506323174109519
 40
0.3760921940347137
 40
0.5012727269837894
 40
0.7512478305963619
 40
1.0
 40
1.0
 40
1.0
 40
1.0
 10
504.7689253612685
 20
567.7865026557545
 30
0.0
 10
504.7758226064985
 20
568.0106280892245
 30
0.0
 10
504.7896369171888
 20
568.4595230129445
 30
0.0
 10
504.9028027652895
 20
569.0926744680625
 30
0.0
 10
505.08649350883354
 20
569.6486411626067
 30
0.0
 10
505.433353589971
 20
570.247697087058
 30
0.0
 10
506.039698982025
 20
570.7201454789817
 30
0.0
 10
506.6761191092015
 20
570.7741212564842
 30
0.0
 10
506.9935488866625
 20
570.8010429679596
 30
0.0
  0
LINE
  5
2A4
330
17
100
AcDbEntity
  8
0
  6
Continuous
 62
7
370
25
100
AcDbLine
 10
504.7689253612685
 20
561.0365823255908
 30
0.0
 11
504.7689253612685
 21
567.7865026557545
 31
0.0
  0
LWPOLYLINE
  5
2A5
330
17
100
AcDbEntity
  8
0
  6
Continuous
 62
7
370
25
100
AcDbPolyline
 90
9
 70
128
 10
504.7689253612685
 20
561.0365823255908
 10
504.35675747569053
 20
561.0317061163353
 10
504.0586511811065
 20
561.026637602189
 10
503.878297915769
 20
561.021439546359
 10
503.817930986906
 20
561.016176316161
 10
503.878297915769
 20
561.010913085963
 10
504.0586511811065
 20
561.0057150301328
 10
504.35675747569053
 20
561.0006465159868
 10
504.7689253612685
 20
560.9957703067313
  0
LINE
  5
2A6
330
17
100
AcDbEntity
  8
0
  6
Continuous
 62
7
370
25
100
AcDbLine
 10
520.1423130871492
 20
570.8010429679596
 30
0.0
 11
506.9935488866625
 21
570.8010429679596
 31
0.0
  0
LINE
  5
2A7
330
17
100
AcDbEntity
  8
0
  6
Continuous
 62
7
370
25
100
AcDbLine
 10
545.7679309869058
 20
582.7658163265298
 30
0.0
 11
545.7679309869058
 21
600.265713050816
 31
0.0
  0
LINE
  5
2A8
330
17
100
AcDbEntity
  8
0
  6
Continuous
 62
7
370
25
100
AcDbLine
 10
544.767930986906
 20
582.7658163265298
 30
0.0
 11
544.767930986906
 21
600.265713050816
 31
0.0
  0
LINE
  5
2A9
330
17
100
AcDbEntity
  8
0
  6
Continuous
 62
7
370
25
100
AcDbLine
 10
542.513930986906
 20
582.7658163265298
 30
0.0
 11
542.513930986906
 21
600.265713050816
 31
0.0
  0
LINE
  5
2AA
330
17
100
AcDbEntity
  8
0
  6
Continuous
 62
7
370
25
100
AcDbLine
 10
489.76793098690575
 20
585.222389781793
 30
0.0
 11
489.76793098690575
 21
583.1282826511195
 31
0.0
  0
LINE
  5
2AB
330
17
100
AcDbEntity
  8
0
  6
Continuous
 62
7
370
25
100
AcDbLine
 10
489.76793098690575
 20
593.6337456578433
 30
0.0
 11
489.76793098690575
 21
589.4804827476705
 31
0.0
  0
LINE
  5
2AC
330
17
100
AcDbEntity
  8
0
  6
Continuous
 62
7
370
25
100
AcDbLine
 10
489.76793098690575
 20
599.92717220258
 30
0.0
 11
489.76793098690575
 21
597.868016423081
 31
0.0
  0
LINE
  5
2AD
330
17
100
AcDbEntity
  8
0
  6
Continuous
 62
7
370
25
100
AcDbLine
 10
484.0951575114207
 20
581.7009775956137
 30
0.0
 11
489.6433467836895
 21
581.7009775956137
 31
0.0
  0
LINE
  5
2AE
330
17
100
AcDbEntity
  8
0
  6
Continuous
 62
7
370
25
100
AcDbLine
 10
484.830576230623
 20
586.6496948372987
 30
0.0
 11
489.6433467836895
 21
586.6496948372987
 31
0.0
  0
SPLINE
  5
2AF
330
17
100
AcDbEntity
  8
0
  6
Continuous
 62
7
370
25
100
AcDbSpline
210
0.0
220
0.0
230
2.5
 70
8
 71
3
 72
9
 73
5
 74
0
 42
1e-08
 40
0.0
 40
0.0
 40
0.0
 40
0.0
 40
0.5601176780985344
 40
1.0
 40
1.0
 40
1.0
 40
1.0
 10
489.76793098690575
 20
586.1392974859978
 30
0.0
 10
489.7461635128062
 20
586.2346848366958
 30
0.0
 10
489.7073011898502
 20
586.4049836050225
 30
0.0
 10
489.66288477804494
 20
586.5749358494205
 30
0.0
 10
489.6433467836895
 20
586.6496948372987
 30
0.0
  0
LINE
  5
2B0
330
17
100
AcDbEntity
  8
0
  6
Continuous
 62
7
370
25
100
AcDbLine
 10
489.76793098690575
 20
586.1392974859978
 30
0.0
 11
489.76793098690575
 21
585.222389781793
 31
0.0
  0
LINE
  5
2B1
330
17
100
AcDbEntity
  8
0
  6
Continuous
 62
7
370
25
100
AcDbLine
 10
489.76793098690575
 20
583.1282826511195
 30
0.0
 11
489.76793098690575
 21
582.2113749469147
 31
0.0
  0
SPLINE
  5
2B2
330
17
100
AcDbEntity
  8
0
  6
Continuous
 62
7
370
25
100
AcDbSpline
210
0.0
220
0.0
230
2.5
 70
8
 71
3
 72
9
 73
5
 74
0
 42
1e-08
 40
0.0
 40
0.0
 40
0.0
 40
0.0
 40
0.5600631380499026
 40
1.0
 40
1.0
 40
1.0
 40
1.0
 10
489.6433467836895
 20
581.7009775956137
 30
0.0
 10
489.66810755974797
 20
581.7961697888685
 30
0.0
 10
489.71231824668
 20
581.9661366850768
 30
0.0
 10
489.75093989857
 20
582.1364485010447
 30
0.0
 10
489.76793098690575
 20
582.2113749469147
 30
0.0
  0
SPLINE
  5
2B3
330
17
100
AcDbEntity
  8
0
  6
Continuous
 62
7
370
25
100
AcDbSpline
210
0.0
220
0.0
230
2.5
 70
8
 71
3
 72
9
 73
5
 74
0
 42
1e-08
 40
0.0
 40
0.0
 40
0.0
 40
0.0
 40
0.5600902825157408
 40
1.0
 40
1.0
 40
1.0
 40
1.0
 10
489.64334678368976
 20
586.6496948372987
 30
0.0
 10
489.66810872336174
 20
586.8384995893715
 30
0.0
 10
489.71231934519403
 20
587.1755965859925
 30
0.0
 10
489.75094096225547
 20
587.5133776599217
 30
0.0
 10
489.76793098690575
 20
587.6619708367255
 30
0.0
  0
LINE
  5
2B4
330
17
100
AcDbEntity
  8
0
  6
Continuous
 62
7
370
25
100
AcDbLine
 10
489.76793098690575
 20
586.1392974859978
 30
0.0
 11
489.76793098690575
 21
587.6619708367255
 31
0.0
  0
LINE
  5
2B5
330
17
100
AcDbEntity
  8
0
  6
Continuous
 62
7
370
25
100
AcDbLine
 10
484.82243025744253
 20
596.4645335682151
 30
0.0
 11
489.6433467836895
 21
596.4645335682151
 31
0.0
  0
SPLINE
  5
2B6
330
17
100
AcDbEntity
  8
0
  6
Continuous
 62
7
370
25
100
AcDbSpline
210
0.0
220
0.0
230
2.5
 70
8
 71
3
 72
9
 73
5
 74
0
 42
1e-08
 40
0.0
 40
0.0
 40
0.0
 40
0.0
 40
0.5601082065518268
 40
1.0
 40
1.0
 40
1.0
 40
1.0
 10
489.76793098690575
 20
595.4522575687882
 30
0.0
 10
489.74616388775576
 20
595.6414370248975
 30
0.0
 10
489.7073015770533
 20
595.9791922191555
 30
0.0
 10
489.662885188506
 20
596.3162601511125
 30
0.0
 10
489.6433467836895
 20
596.4645335682151
 30
0.0
  0
LINE
  5
2B7
330
17
100
AcDbEntity
  8
0
  6
Continuous
 62
7
370
25
100
AcDbLine
 10
489.76793098690575
 20
595.4522575687882
 30
0.0
 11
489.76793098690575
 21
593.6337456578433
 31
0.0
  0
LINE
  5
2B8
330
17
100
AcDbEntity
  8
0
  6
Continuous
 62
7
370
25
100
AcDbLine
 10
489.76793098690575
 20
589.4804827476705
 30
0.0
 11
489.76793098690575
 21
587.6619708367255
 31
0.0
  0
SPLINE
  5
2B9
330
17
100
AcDbEntity
  8
0
  6
Continuous
 62
7
370
25
100
AcDbSpline
210
0.0
220
0.0
230
2.5
 70
8
 71
3
 72
9
 73
5
 74
0
 42
1e-08
 40
0.0
 40
0.0
 40
0.0
 40
0.0
 40
0.5600631380498966
 40
1.0
 40
1.0
 40
1.0
 40
1.0
 10
489.6433467836895
 20
596.4645335682151
 30
0.0
 10
489.66810755974797
 20
596.5581369718008
 30
0.0
 10
489.71231824668
 20
596.7252670634392
 30
0.0
 10
489.75093989857
 20
596.8927363180112
 30
0.0
 10
489.76793098690575
 20
596.9664122163406
 30
0.0
  0
LINE
  5
2BA
330
17
100
AcDbEntity
  8
0
  6
Continuous
 62
7
370
25
100
AcDbLine
 10
489.76793098690575
 20
595.4522575687882
 30
0.0
 11
489.76793098690575
 21
596.9664122163406
 31
0.0
  0
LINE
  5
2BB
330
17
100
AcDbEntity
  8
0
  6
Continuous
 62
7
370
25
100
AcDbLine
 10
484.0951575114207
 20
601.3306550574459
 30
0.0
 11
489.6433467836895
 21
601.3306550574459
 31
0.0
  0
SPLINE
  5
2BC
330
17
100
AcDbEntity
  8
0
  6
Continuous
 62
7
370
25
100
AcDbSpline
210
0.0
220
0.0
230
2.5
 70
8
 71
3
 72
9
 73
5
 74
0
 42
1e-08
 40
0.0
 40
0.0
 40
0.0
 40
0.0
 40
0.5601176780985412
 40
1.0
 40
1.0
 40
1.0
 40
1.0
 10
489.76793098690575
 20
600.8287764093204
 30
0.0
 10
489.7461635128062
 20
600.922571713106
 30
0.0
 10
489.7073011898502
 20
601.090028137806
 30
0.0
 10
489.66288477804494
 20
601.2571438221783
 30
0.0
 10
489.6433467836895
 20
601.3306550574459
 30
0.0
  0
LINE
  5
2BD
330
17
100
AcDbEntity
  8
0
  6
Continuous
 62
7
370
25
100
AcDbLine
 10
489.76793098690575
 20
600.8287764093204
 30
0.0
 11
489.76793098690575
 21
599.92717220258
 31
0.0
  0
LINE
  5
2BE
330
17
100
AcDbEntity
  8
0
  6
Continuous
 62
7
370
25
100
AcDbLine
 10
489.76793098690575
 20
597.868016423081
 30
0.0
 11
489.76793098690575
 21
596.9664122163406
 31
0.0
  0
LINE
  5
2BF
330
17
100
AcDbEntity
  8
0
  6
Continuous
 62
7
370
25
100
AcDbLine
 10
543.801930986906
 20
584.1658163265298
 30
0.0
 11
543.801930986906
 21
598.8657295749302
 31
0.0
  0
LINE
  5
2C0
330
17
100
AcDbEntity
  8
0
  6
Continuous
 62
7
370
25
100
AcDbLine
 10
522.3669366125433
 20
567.7865026557545
 30
0.0
 11
504.7689253612685
 21
567.7865026557545
 31
0.0
  0
ARC
  5
2C1
330
17
100
AcDbEntity
  8
0
  6
Continuous
 62
7
370
25
100
AcDbCircle
 10
513.567930986906
 20
34.440429408698826
 30
0.0
 40
567.6209291021017
100
AcDbArc
 50
89.27321095010198
 51
90.72678904989802
  0
LINE
  5
2C2
330
17
100
AcDbEntity
  8
0
  6
Continuous
 62
7
370
25
100
AcDbLine
 10
522.3669366125433
 20
561.0365823255908
 30
0.0
 11
504.7689253612685
 21
561.0365823255908
 31
0.0
  0
LINE
  5
2C3
330
17
100
AcDbEntity
  8
0
  6
Continuous
 62
7
370
25
100
AcDbLine
 10
504.7689253612685
 20
560.9957703067313
 30
0.0
 11
522.3669366125433
 21
560.9957703067313
 31
0.0
  0
LINE
  5
2C4
330
17
100
AcDbEntity
  8
0
  6
Continuous
 62
7
370
25
100
AcDbLine
 10
508.56793098690605
 20
561.0210348898347
 30
0.0
 11
508.56793098690605
 21
561.0113177424873
 31
0.0
  0
LINE
  5
2C5
330
17
100
AcDbEntity
  8
0
  6
Continuous
 62
7
370
25
100
AcDbLine
 10
508.56793098690605
 20
561.0113177424873
 30
0.0
 11
518.567930986906
 21
561.0113177424873
 31
0.0
  0
LINE
  5
2C6
330
17
100
AcDbEntity
  8
0
  6
Continuous
 62
7
370
25
100
AcDbLine
 10
518.567930986906
 20
561.0113177424873
 30
0.0
 11
518.567930986906
 21
561.0210348898347
 31
0.0
  0
LINE
  5
2C7
330
17
100
AcDbEntity
  8
0
  6
Continuous
 62
7
370
25
100
AcDbLine
 10
518.567930986906
 20
561.0210348898347
 30
0.0
 11
508.56793098690605
 21
561.0210348898347
 31
0.0
  0
LINE
  5
2C8
330
17
100
AcDbEntity
  8
0
  6
Continuous
 62
7
370
25
100
AcDbLine
 10
489.6504474908355
 20
581.7282009680038
 30
0.0
 11
489.6433467836895
 21
581.7009775956137
 31
0.0
  0
LINE
  5
2C9
330
17
100
AcDbEntity
  8
0
  6
Continuous
 62
7
370
25
100
AcDbLine
 10
489.76793098690575
 20
582.1658163265297
 30
0.0
 11
489.76793098690575
 21
582.2113749469147
 31
0.0
  0
LINE
  5
2CA
330
17
100
AcDbEntity
  8
0
  6
Continuous
 62
7
370
25
100
AcDbLine
 10
489.76793098690575
 20
600.8287764093204
 30
0.0
 11
489.76793098690575
 21
600.8658163265297
 31
0.0
  0
CIRCLE
  5
2CB
330
17
100
AcDbEntity
  8
0
  6
Continuous
 62
7
370
25
100
AcDbCircle
 10
435.067930986906
 20
591.5158163265298
 30
0.0
 40
6.0000000000000355
  0
CIRCLE
  5
2CC
330
17
100
AcDbEntity
  8
0
  6
Continuous
 62
7
370
25
100
AcDbCircle
 10
435.067930986906
 20
591.5158163265298
 30
0.0
 40
9.000000000000025
  0
CIRCLE
  5
2CD
330
17
100
AcDbEntity
  8
0
  6
Continuous
 62
7
370
25
100
AcDbCircle
 10
435.067930986906
 20
591.5158163265298
 30
0.0
 40
3.0000000000000426
  0
LINE
  5
2CE
330
17
100
AcDbEntity
  8
0
  6
Continuous
 62
7
370
25
100
AcDbLine
 10
442.3166038851662
 20
598.962744633827
 30
0.0
 11
437.27982111346074
 21
600.2397799938116
 31
0.0
  0
LINE
  5
2CF
330
17
100
AcDbEntity
  8
0
  6
Continuous
 62
7
370
25
100
AcDbLine
 10
443.72905020774147
 20
593.962245120194
 30
0.0
 11
442.3166038851662
 21
598.962744633827
 31
0.0
  0
LINE
  5
2D0
330
17
100
AcDbEntity
  8
0
  6
Continuous
 62
7
370
25
100
AcDbLine
 10
441.5171600811868
 20
585.2382814529125
 30
0.0
 11
445.141496530317
 21
588.9617456065613
 31
0.0
  0
LINE
  5
2D1
330
17
100
AcDbEntity
  8
0
  6
Continuous
 62
7
370
25
100
AcDbLine
 10
445.141496530317
 20
588.9617456065613
 30
0.0
 11
443.72905020774147
 21
593.962245120194
 31
0.0
  0
LINE
  5
2D2
330
17
100
AcDbEntity
  8
0
  6
Continuous
 62
7
370
25
100
AcDbLine
 10
432.2430383417552
 20
601.5168153537958
 30
0.0
 11
428.618701892625
 21
597.793351200147
 31
0.0
  0
LINE
  5
2D3
330
17
100
AcDbEntity
  8
0
  6
Continuous
 62
7
370
25
100
AcDbLine
 10
437.27982111346074
 20
600.2397799938116
 30
0.0
 11
432.2430383417552
 21
601.5168153537958
 31
0.0
  0
LINE
  5
2D4
330
17
100
AcDbEntity
  8
0
  6
Continuous
 62
7
370
25
100
AcDbLine
 10
424.9943654434947
 20
594.0698870464985
 30
0.0
 11
426.40681176607006
 21
589.0693875328656
 31
0.0
  0
LINE
  5
2D5
330
17
100
AcDbEntity
  8
0
  6
Continuous
 62
7
370
25
100
AcDbLine
 10
428.618701892625
 20
597.793351200147
 30
0.0
 11
424.9943654434947
 21
594.0698870464985
 31
0.0
  0
LINE
  5
2D6
330
17
100
AcDbEntity
  8
0
  6
Continuous
 62
7
370
25
100
AcDbLine
 10
432.856040860351
 20
582.7918526592482
 30
0.0
 11
437.8928236320565
 21
581.514817299264
 31
0.0
  0
LINE
  5
2D7
330
17
100
AcDbEntity
  8
0
  6
Continuous
 62
7
370
25
100
AcDbLine
 10
437.8928236320565
 20
581.514817299264
 30
0.0
 11
441.5171600811868
 21
585.2382814529125
 31
0.0
  0
LINE
  5
2D8
330
17
100
AcDbEntity
  8
0
  6
Continuous
 62
7
370
25
100
AcDbLine
 10
427.8192580886455
 20
584.0688880192325
 30
0.0
 11
432.856040860351
 21
582.7918526592482
 31
0.0
  0
LINE
  5
2D9
330
17
100
AcDbEntity
  8
0
  6
Continuous
 62
7
370
25
100
AcDbLine
 10
426.40681176607006
 20
589.0693875328656
 30
0.0
 11
427.8192580886455
 21
584.0688880192325
 31
0.0
  0
LINE
  5
2DA
330
17
100
AcDbEntity
  8
0
  6
Continuous
 62
7
370
25
100
AcDbLine
 10
384.15404123015526
 20
618.7158163265298
 30
0.0
 11
384.15404123015526
 21
624.5158163265297
 31
0.0
  0
LINE
  5
2DB
330
17
100
AcDbEntity
  8
0
  6
Continuous
 62
7
370
25
100
AcDbLine
 10
384.15404123015526
 20
618.7158163265298
 30
0.0
 11
379.6983690721588
 21
618.7158163265298
 31
0.0
  0
LINE
  5
2DC
330
17
100
AcDbEntity
  8
0
  6
Continuous
 62
7
370
25
100
AcDbLine
 10
379.6983690721588
 20
618.7158163265298
 30
0.0
 11
375.242696914162
 21
618.7158163265298
 31
0.0
  0
LINE
  5
2DD
330
17
100
AcDbEntity
  8
0
  6
Continuous
 62
7
370
25
100
AcDbLine
 10
375.242696914162
 20
618.7158163265298
 30
0.0
 11
375.242696914162
 21
624.5158163265297
 31
0.0
  0
LINE
  5
2DE
330
17
100
AcDbEntity
  8
0
  6
Continuous
 62
7
370
25
100
AcDbLine
 10
381.06793098690605
 20
600.7158163265298
 30
0.0
 11
369.067930986906
 21
600.7158163265298
 31
0.0
  0
LINE
  5
2DF
330
17
100
AcDbEntity
  8
0
  6
Continuous
 62
7
370
25
100
AcDbLine
 10
370.69964179253725
 20
618.7158163265298
 30
0.0
 11
366.15658667091253
 21
618.7158163265298
 31
0.0
  0
LINE
  5
2E0
330
17
100
AcDbEntity
  8
0
  6
Continuous
 62
7
370
25
100
AcDbLine
 10
366.15658667091253
 20
618.7158163265298
 30
0.0
 11
366.15658667091253
 21
624.5158163265297
 31
0.0
  0
LINE
  5
2E1
330
17
100
AcDbEntity
  8
0
  6
Continuous
 62
7
370
25
100
AcDbLine
 10
375.242696914162
 20
618.7158163265298
 30
0.0
 11
370.69964179253725
 21
618.7158163265298
 31
0.0
  0
LINE
  5
2E2
330
17
100
AcDbEntity
  8
0
  6
Continuous
 62
7
370
25
100
AcDbLine
 10
366.06920370728454
 20
618.7158163265298
 30
0.0
 11
365.9818207436565
 21
618.7158163265298
 31
0.0
  0
LINE
  5
2E3
330
17
100
AcDbEntity
  8
0
  6
Continuous
 62
7
370
25
100
AcDbLine
 10
365.9818207436565
 20
618.7158163265298
 30
0.0
 11
365.9818207436565
 21
624.5158163265297
 31
0.0
  0
LINE
  5
2E4
330
17
100
AcDbEntity
  8
0
  6
Continuous
 62
7
370
25
100
AcDbLine
 10
366.15658667091253
 20
618.7158163265298
 30
0.0
 11
366.06920370728454
 21
618.7158163265298
 31
0.0
  0
LINE
  5
2E5
330
17
100
AcDbEntity
  8
0
  6
Continuous
 62
8
370
25
100
AcDbLine
 10
366.06793098690605
 20
603.7158163265298
 30
0.0
 11
384.067930986906
 21
603.7158163265298
 31
0.0
  0
DIMENSION
  5
2E6
330
17
100
AcDbEntity
  8
0
  6
Continuous
 62
7
370
18
100
AcDbDimension
280
0
  2
_D_5
  3
SLDDIMSTYLE0
 10
530.067930986905
 20
684.5158163265323
 30
0.0
 11
438.557968440322
 21
684.5158163265313
 31
0.0
 70
160
 71
2
 42
-1.0
 73
0
 74
0
 75
0
  1
<>
100
AcDbAlignedDimension
 13
340.06793098690525
 23
659.515816326529
 33
0.0
 14
530.0679309869053
 24
659.5158163265307
 34
0.0
 50
6e-13
100
AcDbRotatedDimension
  0
LINE
  5
2F0
330
17
100
AcDbEntity
  8
0
  6
Continuous
 62
7
370
25
100
AcDbLine
 10
159.53061224489855
 20
304.7931537593478
 30
0.0
 11
157.53061224489858
 21
304.7931537593478
 31
0.0
  0
LINE
  5
2F1
330
17
100
AcDbEntity
  8
0
  6
Continuous
 62
7
370
25
100
AcDbLine
 10
157.53061224489858
 20
296.7931537593477
 30
0.0
 11
159.53061224489855
 21
296.7931537593477
 31
0.0
  0
LINE
  5
2F2
330
17
100
AcDbEntity
  8
0
  6
Continuous
 62
7
370
25
100
AcDbLine
 10
159.53061224489855
 20
317.7931537593478
 30
0.0
 11
157.53061224489858
 21
317.7931537593478
 31
0.0
  0
LINE
  5
2F3
330
17
100
AcDbEntity
  8
0
  6
Continuous
 62
7
370
25
100
AcDbLine
 10
157.53061224489858
 20
309.7931537593478
 30
0.0
 11
159.53061224489855
 21
309.7931537593478
 31
0.0
  0
LINE
  5
2F4
330
17
100
AcDbEntity
  8
0
  6
Continuous
 62
7
370
25
100
AcDbLine
 10
240.53061224489855
 20
448.293153759348
 30
0.0
 11
237.53061224489855
 21
451.2931537593477
 31
0.0
  0
LINE
  5
2F5
330
17
100
AcDbEntity
  8
0
  6
Continuous
 62
7
370
25
100
AcDbLine
 10
143.53061224489855
 20
451.2931537593477
 30
0.0
 11
140.53061224489855
 21
448.293153759348
 31
0.0
  0
LINE
  5
2F6
330
17
100
AcDbEntity
  8
0
  6
Continuous
 62
7
370
25
100
AcDbLine
 10
140.53061224489855
 20
448.293153759348
 30
0.0
 11
140.53061224489855
 21
441.49315375934776
 31
0.0
  0
LINE
  5
2F7
330
17
100
AcDbEntity
  8
0
  6
Continuous
 62
7
370
25
100
AcDbLine
 10
240.53061224489855
 20
441.49315375934776
 30
0.0
 11
240.53061224489855
 21
448.293153759348
 31
0.0
  0
LINE
  5
2F8
330
17
100
AcDbEntity
  8
0
  6
Continuous
 62
7
370
25
100
AcDbLine
 10
140.53061224489855
 20
441.49315375934776
 30
0.0
 11
140.7306122448985
 21
441.2931537593477
 31
0.0
  0
LINE
  5
2F9
330
17
100
AcDbEntity
  8
0
  6
Continuous
 62
7
370
25
100
AcDbLine
 10
240.3306122448986
 20
441.2931537593477
 30
0.0
 11
240.53061224489855
 21
441.49315375934776
 31
0.0
  0
LINE
  5
2FA
330
17
100
AcDbEntity
  8
0
  6
Continuous
 62
7
370
25
100
AcDbLine
 10
240.53061224489855
 20
267.293153759348
 30
0.0
 11
240.53061224489855
 21
440.2931537593477
 31
0.0
  0
LINE
  5
2FB
330
17
100
AcDbEntity
  8
0
  6
Continuous
 62
7
370
25
100
AcDbLine
 10
140.53061224489855
 20
278.19315375934775
 30
0.0
 11
140.53061224489855
 21
267.293153759348
 31
0.0
  0
LINE
  5
2FC
330
17
100
AcDbEntity
  8
0
  6
Continuous
 62
7
370
25
100
AcDbLine
 10
140.53061224489855
 20
440.2931537593477
 30
0.0
 11
140.53061224489855
 21
389.39315375934797
 31
0.0
  0
LINE
  5
2FD
330
17
100
AcDbEntity
  8
0
  6
Continuous
 62
7
370
25
100
AcDbLine
 10
240.53061224489855
 20
440.2931537593477
 30
0.0
 11
239.53061224489846
 21
441.2931537593477
 31
0.0
  0
LINE
  5
2FE
330
17
100
AcDbEntity
  8
0
  6
Continuous
 62
7
370
25
100
AcDbLine
 10
141.53061224489863
 20
441.2931537593477
 30
0.0
 11
140.53061224489855
 21
440.2931537593477
 31
0.0
  0
LINE
  5
2FF
330
17
100
AcDbEntity
  8
0
  6
Continuous
 62
7
370
25
100
AcDbLine
 10
140.53061224489855
 20
267.293153759348
 30
0.0
 11
141.5306122448986
 21
266.2931537593478
 31
0.0
  0
LINE
  5
300
330
17
100
AcDbEntity
  8
0
  6
Continuous
 62
7
370
25
100
AcDbLine
 10
239.53061224489846
 20
266.2931537593478
 30
0.0
 11
240.53061224489855
 21
267.293153759348
 31
0.0
  0
LINE
  5
301
330
17
100
AcDbEntity
  8
0
  6
Continuous
 62
7
370
25
100
AcDbLine
 10
140.53061224489855
 20
389.39315375934797
 30
0.0
 11
141.03061224489858
 21
388.8931537593478
 31
0.0
  0
LINE
  5
302
330
17
100
AcDbEntity
  8
0
  6
Continuous
 62
7
370
25
100
AcDbLine
 10
141.0306122448986
 20
278.69315375934775
 30
0.0
 11
140.53061224489855
 21
278.19315375934775
 31
0.0
  0
LINE
  5
303
330
17
100
AcDbEntity
  8
0
  6
Continuous
 62
7
370
25
100
AcDbLine
 10
221.03031382072518
 20
225.0431537593479
 30
0.0
 11
221.03054547145572
 21
225.04315375934783
 31
0.0
  0
LINE
  5
304
330
17
100
AcDbEntity
  8
0
  6
Continuous
 62
7
370
25
100
AcDbLine
 10
221.03054547145572
 20
244.54315375934783
 30
0.0
 11
221.03031382072515
 21
244.54315375934786
 31
0.0
  0
LINE
  5
305
330
17
100
AcDbEntity
  8
0
  6
Continuous
 62
7
370
25
100
AcDbLine
 10
180.0307149810897
 20
241.99315375934782
 30
0.0
 11
180.0306352324772
 21
241.99315375934782
 31
0.0
  0
LINE
  5
306
330
17
100
AcDbEntity
  8
0
  6
Continuous
 62
7
370
25
100
AcDbLine
 10
180.0306352324772
 20
227.59315375934787
 30
0.0
 11
180.0307149810897
 21
227.59315375934787
 31
0.0
  0
LINE
  5
307
330
17
100
AcDbEntity
  8
0
  6
Continuous
 62
7
370
25
100
AcDbLine
 10
200.3455453333088
 20
258.71773220491974
 30
0.0
 11
200.3455883089826
 21
258.71774372021673
 31
0.0
  0
LINE
  5
308
330
17
100
AcDbEntity
  8
0
  6
Continuous
 62
7
370
25
100
AcDbLine
 10
200.3455883089826
 20
266.168563798475
 30
0.0
 11
200.3455453333088
 21
266.168575313772
 31
0.0
  0
LINE
  5
309
330
17
100
AcDbEntity
  8
0
  6
Continuous
 62
7
370
25
100
AcDbLine
 10
180.72812258356942
 20
258.7143979986825
 30
0.0
 11
180.74049660092106
 21
258.711082390726
 31
0.0
  0
LINE
  5
30A
330
17
100
AcDbEntity
  8
0
  6
Continuous
 62
7
370
25
100
AcDbLine
 10
180.7405133509599
 20
266.17522961612525
 30
0.0
 11
180.7281306816907
 21
266.1719116898945
 31
0.0
  0
LINE
  5
30B
330
17
100
AcDbEntity
  8
0
  6
Continuous
 62
7
370
25
100
AcDbLine
 10
207.9304419963536
 20
246.79315375934783
 30
0.0
 11
205.53046547891154
 21
246.79315375934783
 31
0.0
  0
LINE
  5
30C
330
17
100
AcDbEntity
  8
0
  6
Continuous
 62
7
370
25
100
AcDbLine
 10
205.53046547891154
 20
222.79315375934786
 30
0.0
 11
207.9304419963536
 21
222.79315375934786
 31
0.0
  0
LINE
  5
30D
330
17
100
AcDbEntity
  8
0
  6
Continuous
 62
7
370
25
100
AcDbLine
 10
207.9304419963536
 20
225.04315375934783
 30
0.0
 11
221.03031382072493
 21
225.04315375934783
 31
0.0
  0
LINE
  5
30E
330
17
100
AcDbEntity
  8
0
  6
Continuous
 62
7
370
25
100
AcDbLine
 10
221.03031382072493
 20
244.54315375934783
 30
0.0
 11
207.9304419963536
 21
244.54315375934783
 31
0.0
  0
LINE
  5
30F
330
17
100
AcDbEntity
  8
0
  6
Continuous
 62
7
370
25
100
AcDbLine
 10
199.28061224489855
 20
253.99315375934776
 30
0.0
 11
199.28061224489855
 21
258.59315375934773
 31
0.0
  0
LINE
  5
310
330
17
100
AcDbEntity
  8
0
  6
Continuous
 62
7
370
25
100
AcDbLine
 10
181.78061224489855
 20
258.59315375934773
 30
0.0
 11
181.78061224489855
 21
253.99315375934776
 31
0.0
  0
LINE
  5
311
330
17
100
AcDbEntity
  8
0
  6
Continuous
 62
7
370
25
100
AcDbLine
 10
199.28061224489855
 20
205.8471537593479
 30
0.0
 11
199.28061224489855
 21
215.59315375934787
 31
0.0
  0
LINE
  5
312
330
17
100
AcDbEntity
  8
0
  6
Continuous
 62
7
370
25
100
AcDbLine
 10
181.78061224489852
 20
215.59315375934787
 30
0.0
 11
181.78061224489852
 21
205.8471537593479
 31
0.0
  0
LINE
  5
313
330
17
100
AcDbEntity
  8
0
  6
Continuous
 62
7
370
25
100
AcDbLine
 10
199.28061224489855
 20
202.59315375934784
 30
0.0
 11
199.28061224489855
 21
203.59315375934787
 31
0.0
  0
LINE
  5
314
330
17
100
AcDbEntity
  8
0
  6
Continuous
 62
7
370
25
100
AcDbLine
 10
181.78061224489852
 20
203.59315375934787
 30
0.0
 11
181.78061224489852
 21
202.59315375934784
 31
0.0
  0
LINE
  5
315
330
17
100
AcDbEntity
  8
0
  6
Continuous
 62
7
370
25
100
AcDbLine
 10
197.88061224489851
 20
204.55915375934782
 30
0.0
 11
197.88061224489851
 21
205.8471537593479
 31
0.0
  0
LINE
  5
316
330
17
100
AcDbEntity
  8
0
  6
Continuous
 62
7
370
25
100
AcDbLine
 10
183.18061224489853
 20
205.8471537593479
 30
0.0
 11
183.18061224489853
 21
204.55915375934782
 31
0.0
  0
LINE
  5
317
330
17
100
AcDbEntity
  8
0
  6
Continuous
 62
7
370
25
100
AcDbLine
 10
180.98425684414178
 20
241.99315375934782
 30
0.0
 11
180.03071498108943
 21
241.99315375934782
 31
0.0
  0
LINE
  5
318
330
17
100
AcDbEntity
  8
0
  6
Continuous
 62
7
370
25
100
AcDbLine
 10
180.03071498108943
 20
227.59315375934787
 30
0.0
 11
180.98425684414178
 21
227.59315375934787
 31
0.0
  0
LINE
  5
319
330
17
100
AcDbEntity
  8
0
  6
Continuous
 62
7
370
25
100
AcDbLine
 10
196.65561224489858
 20
203.59315375934787
 30
0.0
 11
196.65561224489858
 21
204.55915375934782
 31
0.0
  0
LINE
  5
31A
330
17
100
AcDbEntity
  8
0
  6
Continuous
 62
7
370
25
100
AcDbLine
 10
184.40561224489855
 20
204.55915375934782
 30
0.0
 11
184.40561224489855
 21
203.59315375934787
 31
0.0
  0
LINE
  5
31B
330
17
100
AcDbEntity
  8
0
  6
Continuous
 62
7
370
25
100
AcDbLine
 10
199.88061224489854
 20
258.59315375934773
 30
0.0
 11
200.32072788887643
 21
258.711082390726
 31
0.0
  0
LINE
  5
31C
330
17
100
AcDbEntity
  8
0
  6
Continuous
 62
7
370
25
100
AcDbLine
 10
200.3207111388372
 20
266.17522961612525
 30
0.0
 11
199.88061224488433
 21
266.2931537593478
 31
0.0
  0
LINE
  5
31D
330
17
100
AcDbEntity
  8
0
  6
Continuous
 62
7
370
25
100
AcDbLine
 10
180.74049660092078
 20
258.711082390726
 30
0.0
 11
181.18061224489853
 21
258.59315375934773
 31
0.0
  0
LINE
  5
31E
330
17
100
AcDbEntity
  8
0
  6
Continuous
 62
7
370
25
100
AcDbLine
 10
181.18061224491282
 20
266.2931537593478
 30
0.0
 11
180.74051335095976
 21
266.17522961612525
 31
0.0
  0
LINE
  5
31F
330
17
100
AcDbEntity
  8
0
  6
Continuous
 62
7
370
25
100
AcDbLine
 10
163.33061224489856
 20
324.7931537593478
 30
0.0
 11
178.33061224489853
 21
324.7931537593478
 31
0.0
  0
LINE
  5
320
330
17
100
AcDbEntity
  8
0
  6
Continuous
 62
7
370
25
100
AcDbLine
 10
178.33061224489853
 20
342.7931537593477
 30
0.0
 11
163.33061224489856
 21
342.7931537593477
 31
0.0
  0
ARC
  5
321
330
17
100
AcDbEntity
  8
0
  6
Continuous
 62
7
370
25
100
AcDbCircle
 10
178.33061224489853
 20
339.793153759348
 30
0.0
 40
3.0000000000000426
100
AcDbArc
 50
0.0
 51
90.0
  0
ARC
  5
322
330
17
100
AcDbEntity
  8
0
  6
Continuous
 62
7
370
25
100
AcDbCircle
 10
178.33061224489853
 20
327.7931537593477
 30
0.0
 40
3.0000000000000426
100
AcDbArc
 50
-89.9999999999993
 51
6.785e-13
  0
ARC
  5
323
330
17
100
AcDbEntity
  8
0
  6
Continuous
 62
7
370
25
100
AcDbCircle
 10
184.53061224489855
 20
472.09315375934773
 30
0.0
 40
3.0000000000000426
100
AcDbArc
 50
90.0
 51
179.9999999999995
  0
ARC
  5
324
330
17
100
AcDbEntity
  8
0
  6
Continuous
 62
7
370
25
100
AcDbCircle
 10
196.53061224489858
 20
472.09315375934773
 30
0.0
 40
3.0000000000000426
100
AcDbArc
 50
5.089e-13
 51
90.0
  0
LINE
  5
325
330
17
100
AcDbEntity
  8
0
  6
Continuous
 62
7
370
25
100
AcDbLine
 10
199.53061224489855
 20
457.09315375934773
 30
0.0
 11
199.53061224489855
 21
472.09315375934773
 31
0.0
  0
LINE
  5
326
330
17
100
AcDbEntity
  8
0
  6
Continuous
 62
7
370
25
100
AcDbLine
 10
181.53061224489858
 20
472.09315375934773
 30
0.0
 11
181.53061224489858
 21
457.09315375934773
 31
0.0
  0
LINE
  5
327
330
17
100
AcDbEntity
  8
0
  6
Continuous
 62
7
370
25
100
AcDbLine
 10
163.33061224489856
 20
351.7931537593478
 30
0.0
 11
178.33061224489853
 21
351.7931537593478
 31
0.0
  0
LINE
  5
328
330
17
100
AcDbEntity
  8
0
  6
Continuous
 62
7
370
25
100
AcDbLine
 10
178.33061224489853
 20
369.793153759348
 30
0.0
 11
163.33061224489856
 21
369.793153759348
 31
0.0
  0
ARC
  5
329
330
17
100
AcDbEntity
  8
0
  6
Continuous
 62
7
370
25
100
AcDbCircle
 10
178.33061224489853
 20
366.7931537593478
 30
0.0
 40
3.0000000000000426
100
AcDbArc
 50
0.0
 51
90.0
  0
ARC
  5
32A
330
17
100
AcDbEntity
  8
0
  6
Continuous
 62
7
370
25
100
AcDbCircle
 10
178.33061224489853
 20
354.793153759348
 30
0.0
 40
3.0000000000000426
100
AcDbArc
 50
-89.9999999999993
 51
6.785e-13
  0
LINE
  5
32B
330
17
100
AcDbEntity
  8
0
  6
Continuous
 62
7
370
25
100
AcDbLine
 10
159.53061224489855
 20
296.7931537593477
 30
0.0
 11
159.53061224489855
 21
304.7931537593478
 31
0.0
  0
LINE
  5
32C
330
17
100
AcDbEntity
  8
0
  6
Continuous
 62
7
370
25
100
AcDbLine
 10
159.53061224489855
 20
309.7931537593478
 30
0.0
 11
159.53061224489855
 21
317.7931537593478
 31
0.0
  0
CIRCLE
  5
32D
330
17
100
AcDbEntity
  8
0
  6
Continuous
 62
7
370
25
100
AcDbCircle
 10
190.53061224489852
 20
292.49315375934776
 30
0.0
 40
5.8130366714560475
  0
LINE
  5
32E
330
17
100
AcDbEntity
  8
0
  6
Continuous
 62
7
370
25
100
AcDbLine
 10
193.99471386003628
 20
292.49315375934776
 30
0.0
 11
192.26266305246742
 21
289.493153759348
 31
0.0
  0
LINE
  5
32F
330
17
100
AcDbEntity
  8
0
  6
Continuous
 62
7
370
25
100
AcDbLine
 10
192.26266305246742
 20
295.49315375934776
 30
0.0
 11
193.99471386003628
 21
292.49315375934776
 31
0.0
  0
LINE
  5
330
330
17
100
AcDbEntity
  8
0
  6
Continuous
 62
7
370
25
100
AcDbLine
 10
188.79856143732965
 20
295.49315375934776
 30
0.0
 11
192.26266305246742
 21
295.49315375934776
 31
0.0
  0
LINE
  5
331
330
17
100
AcDbEntity
  8
0
  6
Continuous
 62
7
370
25
100
AcDbLine
 10
187.0665106297608
 20
292.49315375934776
 30
0.0
 11
188.79856143732965
 21
295.49315375934776
 31
0.0
  0
LINE
  5
332
330
17
100
AcDbEntity
  8
0
  6
Continuous
 62
7
370
25
100
AcDbLine
 10
188.79856143732965
 20
289.493153759348
 30
0.0
 11
187.0665106297608
 21
292.49315375934776
 31
0.0
  0
LINE
  5
333
330
17
100
AcDbEntity
  8
0
  6
Continuous
 62
7
370
25
100
AcDbLine
 10
192.26266305246742
 20
289.493153759348
 30
0.0
 11
188.79856143732965
 21
289.493153759348
 31
0.0
  0
ARC
  5
334
330
17
100
AcDbEntity
  8
0
  6
Continuous
 62
7
370
25
100
AcDbCircle
 10
190.53061224489852
 20
292.49315375934776
 30
0.0
 40
3.0
100
AcDbArc
 50
-149.99999999999872
 51
-89.9999999999993
  0
ARC
  5
335
330
17
100
AcDbEntity
  8
0
  6
Continuous
 62
7
370
25
100
AcDbCircle
 10
190.53061224489852
 20
292.49315375934776
 30
0.0
 40
3.0
100
AcDbArc
 50
149.9999999999995
 51
-149.99999999999872
  0
ARC
  5
336
330
17
100
AcDbEntity
  8
0
  6
Continuous
 62
7
370
25
100
AcDbCircle
 10
190.53061224489852
 20
292.49315375934776
 30
0.0
 40
3.0000000000000075
100
AcDbArc
 50
89.99999999999935
 51
149.9999999999995
  0
ARC
  5
337
330
17
100
AcDbEntity
  8
0
  6
Continuous
 62
7
370
25
100
AcDbCircle
 10
190.53061224489852
 20
292.49315375934776
 30
0.0
 40
3.00000000000006
100
AcDbArc
 50
29.99999999999981
 51
89.99999999999935
  0
ARC
  5
338
330
17
100
AcDbEntity
  8
0
  6
Continuous
 62
7
370
25
100
AcDbCircle
 10
190.53061224489852
 20
292.49315375934776
 30
0.0
 40
3.00000000000006
100
AcDbArc
 50
-29.999999999999368
 51
29.99999999999981
  0
ARC
  5
339
330
17
100
AcDbEntity
  8
0
  6
Continuous
 62
7
370
25
100
AcDbCircle
 10
190.53061224489852
 20
292.49315375934776
 30
0.0
 40
3.0000000000000298
100
AcDbArc
 50
-89.9999999999993
 51
-29.999999999999368
  0
LINE
  5
33A
330
17
100
AcDbEntity
  8
0
  6
Continuous
 62
7
370
25
100
AcDbLine
 10
240.53061224489855
 20
448.293153759348
 30
0.0
 11
140.53061224489855
 21
448.293153759348
 31
0.0
  0
LINE
  5
33B
330
17
100
AcDbEntity
  8
0
  6
Continuous
 62
7
370
25
100
AcDbLine
 10
143.53061224489858
 20
451.2931537593477
 30
0.0
 11
237.53061224489855
 21
451.2931537593477
 31
0.0
  0
LINE
  5
33C
330
17
100
AcDbEntity
  8
0
  6
Continuous
 62
7
370
25
100
AcDbLine
 10
140.53061224489855
 20
441.49315375934776
 30
0.0
 11
240.53061224489855
 21
441.49315375934776
 31
0.0
  0
LINE
  5
33D
330
17
100
AcDbEntity
  8
0
  6
Continuous
 62
7
370
25
100
AcDbLine
 10
240.3306122448986
 20
441.2931537593477
 30
0.0
 11
140.7306122448985
 21
441.2931537593477
 31
0.0
  0
LINE
  5
33E
330
17
100
AcDbEntity
  8
0
  6
Continuous
 62
7
370
25
100
AcDbLine
 10
137.53061224489966
 20
278.7931537593483
 30
0.0
 11
122.53061224489967
 21
278.7931537593483
 31
0.0
  0
LINE
  5
33F
330
17
100
AcDbEntity
  8
0
  6
Continuous
 62
7
370
25
100
AcDbLine
 10
122.5306122448997
 20
283.7931537593483
 30
0.0
 11
137.53061224489971
 21
283.7931537593483
 31
0.0
  0
LINE
  5
340
330
17
100
AcDbEntity
  8
0
  6
Continuous
 62
7
370
25
100
AcDbLine
 10
137.53061224489971
 20
283.7931537593483
 30
0.0
 11
137.53061224489966
 21
278.7931537593483
 31
0.0
  0
LINE
  5
341
330
17
100
AcDbEntity
  8
0
  6
Continuous
 62
7
370
25
100
AcDbLine
 10
122.53061224489967
 20
278.7931537593483
 30
0.0
 11
122.5306122448997
 21
283.7931537593483
 31
0.0
  0
LINE
  5
342
330
17
100
AcDbEntity
  8
0
  6
Continuous
 62
7
370
25
100
AcDbLine
 10
137.53061224489937
 20
383.79315375934823
 30
0.0
 11
122.53061224489937
 21
383.79315375934823
 31
0.0
  0
LINE
  5
343
330
17
100
AcDbEntity
  8
0
  6
Continuous
 62
7
370
25
100
AcDbLine
 10
137.53061224489937
 20
383.79315375934823
 30
0.0
 11
137.53061224489971
 21
283.7931537593483
 31
0.0
  0
LINE
  5
344
330
17
100
AcDbEntity
  8
0
  6
Continuous
 62
7
370
25
100
AcDbLine
 10
122.53061224489937
 20
383.79315375934823
 30
0.0
 11
122.5306122448997
 21
283.7931537593483
 31
0.0
  0
LINE
  5
345
330
17
100
AcDbEntity
  8
0
  6
Continuous
 62
7
370
25
100
AcDbLine
 10
122.53061224489929
 20
388.79315375934823
 30
0.0
 11
137.53061224489932
 21
388.79315375934823
 31
0.0
  0
LINE
  5
346
330
17
100
AcDbEntity
  8
0
  6
Continuous
 62
7
370
25
100
AcDbLine
 10
137.53061224489932
 20
388.79315375934823
 30
0.0
 11
137.53061224489937
 21
383.79315375934823
 31
0.0
  0
LINE
  5
347
330
17
100
AcDbEntity
  8
0
  6
Continuous
 62
7
370
25
100
AcDbLine
 10
122.53061224489937
 20
383.79315375934823
 30
0.0
 11
122.53061224489929
 21
388.79315375934823
 31
0.0
  0
LINE
  5
348
330
17
100
AcDbEntity
  8
0
  6
Continuous
 62
7
370
25
100
AcDbLine
 10
137.53061224489954
 20
279.79315375934823
 30
0.0
 11
156.53061224489957
 21
279.79315375934823
 31
0.0
  0
LINE
  5
349
330
17
100
AcDbEntity
  8
0
  6
Continuous
 62
7
370
25
100
AcDbLine
 10
156.53061224489957
 20
279.79315375934823
 30
0.0
 11
156.53061224489957
 21
278.7931537593483
 31
0.0
  0
LINE
  5
34A
330
17
100
AcDbEntity
  8
0
  6
Continuous
 62
7
370
25
100
AcDbLine
 10
156.53061224489957
 20
278.7931537593483
 30
0.0
 11
137.53061224489952
 21
278.7931537593483
 31
0.0
  0
LINE
  5
34B
330
17
100
AcDbEntity
  8
0
  6
Continuous
 62
7
370
25
100
AcDbLine
 10
156.5306122448992
 20
387.79315375934823
 30
0.0
 11
137.53061224489917
 21
387.79315375934823
 31
0.0
  0
LINE
  5
34C
330
17
100
AcDbEntity
  8
0
  6
Continuous
 62
7
370
25
100
AcDbLine
 10
156.53061224489957
 20
279.79315375934823
 30
0.0
 11
156.5306122448992
 21
387.79315375934823
 31
0.0
  0
LINE
  5
34D
330
17
100
AcDbEntity
  8
0
  6
Continuous
 62
7
370
25
100
AcDbLine
 10
157.53061224489952
 20
279.79315375934823
 30
0.0
 11
156.53061224489957
 21
278.7931537593483
 31
0.0
  0
LINE
  5
34E
330
17
100
AcDbEntity
  8
0
  6
Continuous
 62
7
370
25
100
AcDbLine
 10
157.53061224489952
 20
279.79315375934823
 30
0.0
 11
156.53061224489957
 21
279.79315375934823
 31
0.0
  0
LINE
  5
34F
330
17
100
AcDbEntity
  8
0
  6
Continuous
 62
7
370
25
100
AcDbLine
 10
157.53061224489915
 20
387.79315375934823
 30
0.0
 11
157.53061224489952
 21
279.79315375934823
 31
0.0
  0
LINE
  5
350
330
17
100
AcDbEntity
  8
0
  6
Continuous
 62
7
370
25
100
AcDbLine
 10
157.53061224489915
 20
387.79315375934823
 30
0.0
 11
156.5306122448992
 21
387.79315375934823
 31
0.0
  0
LINE
  5
351
330
17
100
AcDbEntity
  8
0
  6
Continuous
 62
7
370
25
100
AcDbLine
 10
156.53061224489915
 20
388.79315375934823
 30
0.0
 11
156.5306122448992
 21
387.79315375934823
 31
0.0
  0
LINE
  5
352
330
17
100
AcDbEntity
  8
0
  6
Continuous
 62
7
370
25
100
AcDbLine
 10
137.53061224489915
 20
388.79315375934823
 30
0.0
 11
156.53061224489915
 21
388.79315375934823
 31
0.0
  0
LINE
  5
353
330
17
100
AcDbEntity
  8
0
  6
Continuous
 62
7
370
25
100
AcDbLine
 10
156.53061224489915
 20
388.79315375934823
 30
0.0
 11
157.53061224489915
 21
387.79315375934823
 31
0.0
  0
SPLINE
  5
354
330
17
100
AcDbEntity
  8
0
  6
Continuous
 62
7
370
25
100
AcDbSpline
210
0.0
220
0.0
230
2.5
 70
11
 71
3
 72
88
 73
84
 74
0
 42
1e-08
 40
0.0
 40
0.0
 40
0.0
 40
0.0
 40
0.0312500000000005
 40
0.0312500000000005
 40
0.0468750000000008
 40
0.0468750000000008
 40
0.0625000000000011
 40
0.0625000000000011
 40
0.0937500000000014
 40
0.0937500000000014
 40
0.1250000000000017
 40
0.1250000000000017
 40
0.1562500000000021
 40
0.1562500000000021
 40
0.1718750000000023
 40
0.1718750000000023
 40
0.1875000000000025
 40
0.2031250000000027
 40
0.2031250000000027
 40
0.2187500000000029
 40
0.2187500000000029
 40
0.2500000000000036
 40
0.2500000000000036
 40
0.2812500000000043
 40
0.2812500000000043
 40
0.3125000000000049
 40
0.3125000000000049
 40
0.3281250000000055
 40
0.3281250000000055
 40
0.3437500000000061
 40
0.3437500000000061
 40
0.3750000000000067
 40
0.3750000000000067
 40
0.4062500000000072
 40
0.4062500000000072
 40
0.4218750000000075
 40
0.4218750000000075
 40
0.4375000000000078
 40
0.4375000000000078
 40
0.4687500000000079
 40
0.4687500000000079
 40
0.500000000000008
 40
0.500000000000008
 40
0.5312500000000081
 40
0.5312500000000081
 40
0.546875000000008
 40
0.546875000000008
 40
0.562500000000008
 40
0.5781250000000079
 40
0.5781250000000079
 40
0.5937500000000079
 40
0.5937500000000079
 40
0.6250000000000077
 40
0.6250000000000077
 40
0.6562500000000074
 40
0.6562500000000074
 40
0.6875000000000072
 40
0.6875000000000072
 40
0.703125000000007
 40
0.703125000000007
 40
0.7187500000000069
 40
0.7187500000000069
 40
0.750000000000006
 40
0.750000000000006
 40
0.7812500000000052
 40
0.7812500000000052
 40
0.7968750000000051
 40
0.7968750000000051
 40
0.8125000000000049
 40
0.8125000000000049
 40
0.8437500000000041
 40
0.8437500000000041
 40
0.8750000000000033
 40
0.8750000000000033
 40
0.9062500000000026
 40
0.9062500000000026
 40
0.9218750000000022
 40
0.9218750000000022
 40
0.9375000000000018
 40
0.9375000000000018
 40
0.9687500000000009
 40
0.9687500000000009
 40
1.0
 40
1.0
 40
1.0
 40
1.0
 10
194.93288676212782
 20
288.20163582704447
 30
0.0
 10
194.65020340908833
 20
287.9105395281285
 30
0.0
 10
194.34368943189838
 20
287.6519879746177
 30
0.0
 10
193.84947187469862
 20
287.311002255784
 30
0.0
 10
193.67894880013847
 20
287.20520596289026
 30
0.0
 10
193.32603816015808
 20
287.00971698019526
 30
0.0
 10
193.1430610497303
 20
286.919886356119
 30
0.0
 10
192.58805006148134
 20
286.68064416497873
 30
0.0
 10
192.20646683169525
 20
286.558961125284
 30
0.0
 10
191.42023824920628
 20
286.3907404581088
 30
0.0
 10
191.013035883234
 20
286.3449959517585
 30
0.0
 10
190.21027059580032
 20
286.3343829292365
 30
0.0
 10
189.81059784799362
 20
286.3681476422585
 30
0.0
 10
189.21371478168993
 20
286.478843136341
 30
0.0
 10
189.0156050383825
 20
286.5258848785593
 30
0.0
 10
188.62902580595548
 20
286.6380331889242
 30
0.0
 10
188.24986305978246
 20
286.768609267268
 30
0.0
 10
187.8852903008149
 20
286.935484442244
 30
0.0
 10
187.52810231318335
 20
287.1207622630005
 30
0.0
 10
187.35226774905243
 20
287.2232481828645
 30
0.0
 10
186.84453335995397
 20
287.553933129684
 30
0.0
 10
186.53219861808253
 20
287.8044572741977
 30
0.0
 10
185.95844580595835
 20
288.3642877029905
 30
0.0
 10
185.69514776255463
 20
288.67722369132076
 30
0.0
 10
185.24114109007775
 20
289.339298286637
 30
0.0
 10
185.04791841581354
 20
289.68983873895104
 30
0.0
 10
184.8092895746708
 20
290.2453229760915
 30
0.0
 10
184.73810758981705
 20
290.4364333507615
 30
0.0
 10
184.616055635897
 20
290.821115827374
 30
0.0
 10
184.5648175154298
 20
291.01529963549126
 30
0.0
 10
184.43984040919298
 20
291.6032667868955
 30
0.0
 10
184.3945514331419
 20
292.00262875410675
 30
0.0
 10
184.38346351758338
 20
292.815478640913
 30
0.0
 10
184.41780476690442
 20
293.21568300047574
 30
0.0
 10
184.52672036700739
 20
293.807043388063
 30
0.0
 10
184.572663962492
 20
294.0026615574625
 30
0.0
 10
184.68427290066106
 20
294.3908276733878
 30
0.0
 10
184.75021645461837
 20
294.5837617201725
 30
0.0
 10
184.97352529944772
 20
295.14531868841925
 30
0.0
 10
185.1571177821674
 20
295.50108328077
 30
0.0
 10
185.5932476955491
 20
296.17579693798325
 30
0.0
 10
185.84786339549126
 20
296.4956500035503
 30
0.0
 10
186.40583861202617
 20
297.070630375491
 30
0.0
 10
186.71120075375396
 20
297.329630445122
 30
0.0
 10
187.21002302038315
 20
297.67426896407477
 30
0.0
 10
187.38281488926592
 20
297.781397823005
 30
0.0
 10
187.73453436650118
 20
297.976231807044
 30
0.0
 10
188.0941760593368
 20
298.15292914074354
 30
0.0
 10
188.46948326246903
 20
298.293823251529
 30
0.0
 10
188.85276098089878
 20
298.4165263882535
 30
0.0
 10
189.0495055429435
 20
298.4689962279732
 30
0.0
 10
189.6430223553532
 20
298.596039082117
 30
0.0
 10
190.04156739124537
 20
298.64078447611024
 30
0.0
 10
190.84426121639623
 20
298.6522684322448
 30
0.0
 10
191.25256428770518
 20
298.6177593470415
 30
0.0
 10
192.04331985137253
 20
298.4711913518088
 30
0.0
 10
192.4282544270095
 20
298.3600002377717
 30
0.0
 10
192.98991415324494
 20
298.1359426076555
 30
0.0
 10
193.17532325115675
 20
298.0511325766087
 30
0.0
 10
193.53337831823814
 20
297.86541978537974
 30
0.0
 10
193.70673192893125
 20
297.764336889211
 30
0.0
 10
194.2101780423339
 20
297.43695370167524
 30
0.0
 10
194.5243209480031
 20
297.18626961951276
 30
0.0
 10
195.10482667318826
 20
296.6201921205585
 30
0.0
 10
195.36269070743273
 20
296.31327786540476
 30
0.0
 10
195.70282892002382
 20
295.8183635964398
 30
0.0
 10
195.80837375834273
 20
295.6475922319747
 30
0.0
 10
196.00341719481298
 20
295.29414702795776
 30
0.0
 10
196.09292993193156
 20
295.11112132068973
 30
0.0
 10
196.3313489185127
 20
294.5561186888105
 30
0.0
 10
196.4527353310604
 20
294.1744679398805
 30
0.0
 10
196.62076379272088
 20
293.387925313688
 30
0.0
 10
196.66656040676995
 20
292.98086445231297
 30
0.0
 10
196.67780964135702
 20
292.17826994103126
 30
0.0
 10
196.64460297996544
 20
291.778513246773
 30
0.0
 10
196.53500244542568
 20
291.181248535276
 30
0.0
 10
196.48840806155687
 20
290.983139944094
 30
0.0
 10
196.3772174059146
 20
290.5963801121093
 30
0.0
 10
196.31244391919128
 20
290.40665158195276
 30
0.0
 10
196.09097329517033
 20
289.84825264875775
 30
0.0
 10
195.90583715195623
 20
289.4879362968245
 30
0.0
 10
195.46655985082475
 20
288.80828354753146
 30
0.0
 10
195.2155701151673
 20
288.4927321259605
 30
0.0
 10
194.93288676212782
 20
288.20163582704447
 30
0.0
  0
LINE
  5
355
330
17
100
AcDbEntity
  8
0
  6
Continuous
 62
7
370
25
100
AcDbLine
 10
240.53061224489855
 20
440.2931537593477
 30
0.0
 11
140.53061224489855
 21
440.2931537593477
 31
0.0
  0
LINE
  5
356
330
17
100
AcDbEntity
  8
0
  6
Continuous
 62
7
370
25
100
AcDbLine
 10
140.53061224489855
 20
267.293153759348
 30
0.0
 11
240.53061224489855
 21
267.293153759348
 31
0.0
  0
LINE
  5
357
330
17
100
AcDbEntity
  8
0
  6
Continuous
 62
7
370
25
100
AcDbLine
 10
140.53061224489855
 20
389.39315375934797
 30
0.0
 11
160.27225216751435
 21
389.39315375934797
 31
0.0
  0
LINE
  5
358
330
17
100
AcDbEntity
  8
0
  6
Continuous
 62
7
370
25
100
AcDbLine
 10
160.27225216751435
 20
278.19315375934775
 30
0.0
 11
140.53061224489855
 21
278.19315375934775
 31
0.0
  0
LINE
  5
359
330
17
100
AcDbEntity
  8
0
  6
Continuous
 62
7
370
25
100
AcDbLine
 10
160.27225216751435
 20
389.39315375934797
 30
0.0
 11
160.27225216751435
 21
371.18398899385477
 31
0.0
  0
LINE
  5
35A
330
17
100
AcDbEntity
  8
0
  6
Continuous
 62
7
370
25
100
AcDbLine
 10
160.27225216751435
 20
350.402318524841
 30
0.0
 11
160.27225216751435
 21
344.18512884900997
 31
0.0
  0
LINE
  5
35B
330
17
100
AcDbEntity
  8
0
  6
Continuous
 62
7
370
25
100
AcDbLine
 10
160.27225216751435
 20
323.40117866968546
 30
0.0
 11
160.27225216751435
 21
278.19315375934775
 31
0.0
  0
LINE
  5
35C
330
17
100
AcDbEntity
  8
0
  6
Continuous
 62
7
370
25
100
AcDbLine
 10
239.53061224489846
 20
266.2931537593478
 30
0.0
 11
141.5306122448986
 21
266.2931537593478
 31
0.0
  0
SPLINE
  5
35D
330
17
100
AcDbEntity
  8
0
  6
Continuous
 62
7
370
25
100
AcDbSpline
210
0.0
220
0.0
230
2.5
 70
8
 71
3
 72
8
 73
4
 74
0
 42
1e-08
 40
0.0
 40
0.0
 40
0.0
 40
0.0
 40
1.0
 40
1.0
 40
1.0
 40
1.0
 10
157.53061224489858
 20
389.0186181910085
 30
0.0
 10
158.44788967653756
 20
389.09372388587497
 30
0.0
 10
159.36171940725032
 20
389.21930465066623
 30
0.0
 10
160.27225216751435
 20
389.39315375934797
 30
0.0
  0
LINE
  5
35E
330
17
100
AcDbEntity
  8
0
  6
Continuous
 62
7
370
25
100
AcDbLine
 10
157.53061224489858
 20
388.8931537593478
 30
0.0
 11
141.03061224489858
 21
388.8931537593478
 31
0.0
  0
SPLINE
  5
35F
330
17
100
AcDbEntity
  8
0
  6
Continuous
 62
7
370
25
100
AcDbSpline
210
0.0
220
0.0
230
2.5
 70
8
 71
3
 72
8
 73
4
 74
0
 42
1e-08
 40
0.0
 40
0.0
 40
0.0
 40
0.0
 40
1.0
 40
1.0
 40
1.0
 40
1.0
 10
160.27225216751435
 20
278.19315375934775
 30
0.0
 10
159.36171940725032
 20
278.36700286802954
 30
0.0
 10
158.44788967653756
 20
278.4925836328205
 30
0.0
 10
157.53061224489852
 20
278.5676893276872
 30
0.0
  0
LINE
  5
360
330
17
100
AcDbEntity
  8
0
  6
Continuous
 62
7
370
25
100
AcDbLine
 10
157.53061224489858
 20
278.5676893276872
 30
0.0
 11
157.53061224489858
 21
279.793153759348
 31
0.0
  0
LINE
  5
361
330
17
100
AcDbEntity
  8
0
  6
Continuous
 62
7
370
25
100
AcDbLine
 10
157.53061224489858
 20
387.793153759349
 30
0.0
 11
157.53061224489858
 21
389.0186181910085
 31
0.0
  0
LINE
  5
362
330
17
100
AcDbEntity
  8
0
  6
Continuous
 62
7
370
25
100
AcDbLine
 10
141.0306122448986
 20
278.69315375934775
 30
0.0
 11
157.53061224489858
 21
278.69315375934775
 31
0.0
  0
LINE
  5
363
330
17
100
AcDbEntity
  8
0
  6
Continuous
 62
7
370
25
100
AcDbLine
 10
200.3455453333088
 20
266.1685695561315
 30
0.0
 11
200.3455453333088
 21
258.71773796256423
 31
0.0
  0
LINE
  5
364
330
17
100
AcDbEntity
  8
0
  6
Continuous
 62
7
370
25
100
AcDbLine
 10
180.71567915648828
 20
266.1685695561315
 30
0.0
 11
180.71567915648828
 21
258.71773796256423
 31
0.0
  0
ARC
  5
365
330
17
100
AcDbEntity
  8
0
  6
Continuous
 62
7
370
25
100
AcDbCircle
 10
473.27556243080323
 20
227.89751845344884
 30
0.0
 40
267.7937480239377
100
AcDbArc
 50
179.767610067877
 51
-178.90783011856814
  0
LWPOLYLINE
  5
366
330
17
100
AcDbEntity
  8
0
  6
Continuous
 62
7
370
25
100
AcDbPolyline
 90
9
 70
128
 10
205.48401712636291
 20
240.60262877865895
 10
205.48114913700186
 20
239.2332804271581
 10
205.4790672800888
 20
237.79315375934786
 10
205.47780474168763
 20
236.30520526914054
 10
205.4773816474274
 20
234.79315375934786
 10
205.47780474168763
 20
233.28110224955512
 10
205.4790672800888
 20
231.7931537593478
 10
205.48114913700186
 20
230.35302709153757
 10
205.48401712636291
 20
228.9836787400367
  0
ARC
  5
367
330
17
100
AcDbEntity
  8
0
  6
Continuous
 62
7
370
25
100
AcDbCircle
 10
473.2755624308088
 20
241.6887890652468
 30
0.0
 40
267.79374802394324
100
AcDbArc
 50
178.9078301185689
 51
-179.76761006787623
  0
ARC
  5
368
330
17
100
AcDbEntity
  8
0
  6
Continuous
 62
7
370
25
100
AcDbCircle
 10
124.64172939769105
 20
225.06389411402128
 30
0.0
 40
83.31966099367519
100
AcDbArc
 50
-1.5616956213885087
 51
-0.014262357604847103
  0
LWPOLYLINE
  5
369
330
17
100
AcDbEntity
  8
0
  6
Continuous
 62
7
370
25
100
AcDbPolyline
 90
28
 70
128
 10
207.96138780996876
 20
244.5431537593478
 10
207.95642217091213
 20
245.25774665707357
 10
207.94940518070874
 20
246.00134706413849
 10
207.94198402315374
 20
246.50606429001897
 10
207.93431686733618
 20
246.76114116331047
 10
207.92656712537104
 20
246.76114116331047
 10
207.91889996955345
 20
246.50606429001894
 10
207.91147881199848
 20
246.0013470641384
 10
207.90446182179508
 20
245.25774665707348
 10
207.89799855390692
 20
244.29111162049884
 10
207.8922267616678
 20
243.12204410199539
 10
207.88726946080862
 20
241.77546074604317
 10
207.8832323075906
 20
240.28006163900343
 10
207.88020134692542
 20
238.6677186166051
 10
207.8782411784775
 20
236.97279597110096
 10
207.87739357983415
 20
235.23141803603963
 10
207.87767661608893
 20
233.48069925881322
 10
207.87908425481535
 20
231.75795317064754
 10
207.88158649463796
 20
230.0998971134659
 10
207.88513000465912
 20
228.54186967349253
 10
207.88963926111484
 20
227.11707750064107
 10
207.8950181570325
 20
225.85588756642238
 10
207.90115205058416
 20
224.78517994466924
 10
207.9079102084782
 20
223.92777490943004
 10
207.91514859231216
 20
223.30194656044696
 10
207.9227129285017
 20
222.92103334244655
 10
207.9304419963536
 20
222.79315375934786
 10
207.9304419963536
 20
222.79315375934786
  0
ARC
  5
36A
330
17
100
AcDbEntity
  8
0
  6
Continuous
 62
7
370
25
100
AcDbCircle
 10
744.4415888782216
 20
232.2915880993089
 30
0.0
 40
536.5601089615946
100
AcDbArc
 50
179.7328730344487
 51
-179.2259630902165
  0
ARC
  5
36B
330
17
100
AcDbEntity
  8
0
  6
Continuous
 62
7
370
25
100
AcDbCircle
 10
744.4415888782418
 20
237.29471941938672
 30
0.0
 40
536.5601089616144
100
AcDbArc
 50
179.2259630902174
 51
-179.7328730344479
  0
LINE
  5
36C
330
17
100
AcDbEntity
  8
0
  6
Continuous
 62
7
370
25
100
AcDbLine
 10
201.48405626395945
 20
250.79315375934777
 30
0.0
 11
201.48405626395945
 21
253.99315375934776
 31
0.0
  0
ARC
  5
36D
330
17
100
AcDbEntity
  8
0
  6
Continuous
 62
7
370
25
100
AcDbCircle
 10
201.48403669506553
 20
246.79317332805044
 30
0.0
 40
3.9999804313452474
100
AcDbArc
 50
-0.00028030238790471796
 51
89.99971969487088
  0
LINE
  5
36E
330
17
100
AcDbEntity
  8
0
  6
Continuous
 62
7
370
25
100
AcDbLine
 10
205.48401712636291
 20
240.60262877865895
 30
0.0
 11
205.48401712636291
 21
246.79315375934783
 31
0.0
  0
LINE
  5
36F
330
17
100
AcDbEntity
  8
0
  6
Continuous
 62
7
370
25
100
AcDbLine
 10
205.48401712636291
 20
222.79315375934786
 30
0.0
 11
205.48401712636291
 21
228.9836787400367
 31
0.0
  0
ARC
  5
370
330
17
100
AcDbEntity
  8
0
  6
Continuous
 62
7
370
25
100
AcDbCircle
 10
201.48403669506558
 20
222.79313419064522
 30
0.0
 40
3.9999804313452128
100
AcDbArc
 50
-89.99971969487059
 51
0.0002803023892485
  0
LINE
  5
371
330
17
100
AcDbEntity
  8
0
  6
Continuous
 62
7
370
25
100
AcDbLine
 10
201.48405626395945
 20
215.59315375934787
 30
0.0
 11
201.48405626395945
 21
218.7931537593479
 31
0.0
  0
LINE
  5
372
330
17
100
AcDbEntity
  8
0
  6
Continuous
 62
7
370
25
100
AcDbLine
 10
180.98425684414173
 20
215.59315375934787
 30
0.0
 11
201.48405626395945
 21
215.59315375934787
 31
0.0
  0
LINE
  5
373
330
17
100
AcDbEntity
  8
0
  6
Continuous
 62
7
370
25
100
AcDbLine
 10
180.98425684414173
 20
253.99315375934776
 30
0.0
 11
180.98425684414173
 21
215.59315375934787
 31
0.0
  0
LINE
  5
374
330
17
100
AcDbEntity
  8
0
  6
Continuous
 62
7
370
25
100
AcDbLine
 10
201.48405626395945
 20
253.99315375934776
 30
0.0
 11
180.98425684414173
 21
253.99315375934776
 31
0.0
  0
LINE
  5
375
330
17
100
AcDbEntity
  8
0
  6
Continuous
 62
7
370
25
100
AcDbLine
 10
182.60924094449314
 20
251.59315375934773
 30
0.0
 11
198.7989382200637
 21
251.59315375934773
 31
0.0
  0
LINE
  5
376
330
17
100
AcDbEntity
  8
0
  6
Continuous
 62
7
370
25
100
AcDbLine
 10
182.60924094449314
 20
217.99315375934782
 30
0.0
 11
182.60924094449314
 21
251.59315375934773
 31
0.0
  0
LINE
  5
377
330
17
100
AcDbEntity
  8
0
  6
Continuous
 62
7
370
25
100
AcDbLine
 10
198.7989382200637
 20
217.99315375934782
 30
0.0
 11
182.60924094449314
 21
217.99315375934782
 31
0.0
  0
ARC
  5
378
330
17
100
AcDbEntity
  8
0
  6
Continuous
 62
7
370
25
100
AcDbCircle
 10
201.48410852313606
 20
222.79314698489299
 30
0.0
 40
5.500006774703207
100
AcDbArc
 50
90.00054440483137
 51
-119.22314100719255
  0
LINE
  5
379
330
17
100
AcDbEntity
  8
0
  6
Continuous
 62
7
370
25
100
AcDbLine
 10
201.48405626395945
 20
241.29315375934783
 30
0.0
 11
201.48405626395945
 21
228.29315375934786
 31
0.0
  0
ARC
  5
37A
330
17
100
AcDbEntity
  8
0
  6
Continuous
 62
7
370
25
100
AcDbCircle
 10
201.48410852313606
 20
246.79316053380273
 30
0.0
 40
5.5000067747031745
100
AcDbArc
 50
119.22314100719352
 51
-90.00054440483059
  0
CIRCLE
  5
37B
330
17
100
AcDbEntity
  8
0
  6
Continuous
 62
7
370
25
100
AcDbCircle
 10
201.48406054225177
 20
246.79313816738045
 30
0.0
 40
2.0999844080369696
  0
CIRCLE
  5
37C
330
17
100
AcDbEntity
  8
0
  6
Continuous
 62
7
370
25
100
AcDbCircle
 10
201.48406054225177
 20
222.79313816738042
 30
0.0
 40
2.0999844080369696
  0
LINE
  5
37D
330
17
100
AcDbEntity
  8
0
  6
Continuous
 62
7
370
25
100
AcDbLine
 10
205.48401712636291
 20
246.79315375934783
 30
0.0
 11
205.53046547891154
 21
246.79315375934783
 31
0.0
  0
LINE
  5
37E
330
17
100
AcDbEntity
  8
0
  6
Continuous
 62
7
370
25
100
AcDbLine
 10
201.48405626395945
 20
250.79315375934777
 30
0.0
 11
201.57695296905666
 21
250.79315375934777
 31
0.0
  0
ARC
  5
37F
330
17
100
AcDbEntity
  8
0
  6
Continuous
 62
7
370
25
100
AcDbCircle
 10
201.57693340016266
 20
246.79317332805041
 30
0.0
 40
3.9999804313453553
100
AcDbArc
 50
-0.00028030238739582924
 51
89.99971969486987
  0
LINE
  5
380
330
17
100
AcDbEntity
  8
0
  6
Continuous
 62
7
370
25
100
AcDbLine
 10
205.48401712636291
 20
222.79315375934786
 30
0.0
 11
205.53046547891154
 21
222.79315375934786
 31
0.0
  0
LINE
  5
381
330
17
100
AcDbEntity
  8
0
  6
Continuous
 62
7
370
25
100
AcDbLine
 10
201.48405626395945
 20
218.7931537593479
 30
0.0
 11
201.57695296905666
 21
218.7931537593479
 31
0.0
  0
ARC
  5
382
330
17
100
AcDbEntity
  8
0
  6
Continuous
 62
7
370
25
100
AcDbCircle
 10
201.5769334001627
 20
222.79313419064525
 30
0.0
 40
3.99998043134532
100
AcDbArc
 50
-89.99971969486961
 51
0.0002803023887396
  0
ARC
  5
383
330
17
100
AcDbEntity
  8
0
  6
Continuous
 62
7
370
25
100
AcDbCircle
 10
201.57696897364187
 20
246.7931537593478
 30
0.0
 40
2.1000003440023636
100
AcDbArc
 50
91.26782304112592
 51
-91.2678230408886
  0
ARC
  5
384
330
17
100
AcDbEntity
  8
0
  6
Continuous
 62
7
370
25
100
AcDbCircle
 10
201.57696897364187
 20
222.79315375934786
 30
0.0
 40
2.100000344002387
100
AcDbArc
 50
91.26782305136238
 51
-91.26782305192401
  0
LINE
  5
385
330
17
100
AcDbEntity
  8
0
  6
Continuous
 62
7
370
25
100
AcDbLine
 10
201.48405626395945
 20
253.99315375934776
 30
0.0
 11
201.57695296905666
 21
253.99315375934776
 31
0.0
  0
LINE
  5
386
330
17
100
AcDbEntity
  8
0
  6
Continuous
 62
7
370
25
100
AcDbLine
 10
201.57695296905666
 20
250.79315375934777
 30
0.0
 11
201.57695296905666
 21
253.99315375934776
 31
0.0
  0
LINE
  5
387
330
17
100
AcDbEntity
  8
0
  6
Continuous
 62
7
370
25
100
AcDbLine
 10
201.48405626395945
 20
215.59315375934787
 30
0.0
 11
201.57695296905666
 21
215.59315375934787
 31
0.0
  0
LINE
  5
388
330
17
100
AcDbEntity
  8
0
  6
Continuous
 62
7
370
25
100
AcDbLine
 10
201.57695296905666
 20
215.59315375934787
 30
0.0
 11
201.57695296905666
 21
218.7931537593479
 31
0.0
  0
LINE
  5
389
330
17
100
AcDbEntity
  8
0
  6
Continuous
 62
7
370
25
100
AcDbLine
 10
182.611452770805
 20
251.59315375934773
 30
0.0
 11
182.611452770805
 21
217.99315375934782
 31
0.0
  0
LINE
  5
38A
330
17
100
AcDbEntity
  8
0
  6
Continuous
 62
7
370
25
100
AcDbLine
 10
221.01173447970552
 20
225.99414813371033
 30
0.0
 11
214.26180052439963
 21
225.99414813371033
 31
0.0
  0
LWPOLYLINE
  5
38B
330
17
100
AcDbEntity
  8
0
  6
Continuous
 62
7
370
25
100
AcDbPolyline
 90
9
 70
128
 10
221.01173447970552
 20
225.99414813371033
 10
221.01617418924062
 20
225.58198024813237
 10
221.0207889892635
 20
225.28387395354852
 10
221.02552173489116
 20
225.10352068821084
 10
221.03031382072493
 20
225.04315375934783
 10
221.0351059065587
 20
225.10352068821084
 10
221.03983865218638
 20
225.28387395354852
 10
221.04445345220924
 20
225.58198024813237
 10
221.04889316174436
 20
225.99414813371033
  0
LWPOLYLINE
  5
38C
330
17
100
AcDbEntity
  8
0
  6
Continuous
 62
7
370
25
100
AcDbPolyline
 90
9
 70
128
 10
221.04889316174436
 20
243.59215938498534
 10
221.04445345220927
 20
244.0043272705633
 10
221.03983865218638
 20
244.3024335651472
 10
221.0351059065587
 20
244.48278683048483
 10
221.03031382072493
 20
244.54315375934786
 10
221.02552173489119
 20
244.48278683048483
 10
221.0207889892635
 20
244.3024335651472
 10
221.01617418924062
 20
244.0043272705633
 10
221.01173447970552
 20
243.59215938498534
  0
LINE
  5
38D
330
17
100
AcDbEntity
  8
0
  6
Continuous
 62
7
370
25
100
AcDbLine
 10
214.26180052439963
 20
243.59215938498534
 30
0.0
 11
221.01173447970552
 21
243.59215938498534
 31
0.0
  0
SPLINE
  5
38E
330
17
100
AcDbEntity
  8
0
  6
Continuous
 62
7
370
25
100
AcDbSpline
210
0.0
220
0.0
230
2.5
 70
8
 71
3
 72
13
 73
9
 74
0
 42
1e-08
 40
0.0
 40
0.0
 40
0.0
 40
0.0
 40
0.2491134374835706
 40
0.4987610504198116
 40
0.6235349398463789
 40
0.7489491498773058
 40
0.8738563364000288
 40
1.0
 40
1.0
 40
1.0
 40
1.0
 10
211.24855891972604
 20
241.36753585959121
 30
0.0
 10
211.27541776171353
 20
241.68541817094604
 30
0.0
 10
211.32919303926604
 20
242.3218644306212
 30
0.0
 10
211.80131106285506
 20
242.9276458400446
 30
0.0
 10
212.3989531347979
 20
243.27409067336365
 30
0.0
 10
212.95294642879804
 20
243.4575127318421
 30
0.0
 10
213.58620385387607
 20
243.57121735856884
 30
0.0
 10
214.03586341228555
 20
243.58515582623968
 30
0.0
 10
214.26180052439963
 20
243.59215938498534
 30
0.0
  0
LWPOLYLINE
  5
38F
330
17
100
AcDbEntity
  8
0
  6
Continuous
 62
7
370
25
100
AcDbPolyline
 90
10
 70
128
 10
211.24855891972604
 20
228.2187716591045
 10
211.24422756687932
 20
229.48615351140657
 10
211.24087246188492
 20
230.89672804136143
 10
211.2385841316781
 20
232.41243534044517
 10
211.23742431963817
 20
233.9923788236656
 10
211.23742431963817
 20
235.59392869503012
 10
211.2385841316781
 20
237.1738721782505
 10
211.24087246188492
 20
238.68957947733432
 10
211.24422756687932
 20
240.10015400728915
 10
211.24855891972604
 20
241.36753585959121
  0
SPLINE
  5
390
330
17
100
AcDbEntity
  8
0
  6
Continuous
 62
7
370
25
100
AcDbSpline
210
0.0
220
0.0
230
2.5
 70
8
 71
3
 72
13
 73
9
 74
0
 42
1e-08
 40
0.0
 40
0.0
 40
0.0
 40
0.0
 40
0.1251363600101165
 40
0.2506323174109512
 40
0.3760921940347201
 40
0.5012727269837892
 40
0.7512478305963555
 40
1.0
 40
1.0
 40
1.0
 40
1.0
 10
214.26180052439963
 20
225.99414813371033
 30
0.0
 10
214.03768099560273
 20
226.00104537894057
 30
0.0
 10
213.58879789819693
 20
226.0148596896306
 30
0.0
 10
212.95574504474786
 20
226.12802553773147
 30
0.0
 10
212.3999263314081
 20
226.31171628127547
 30
0.0
 10
211.8011208164105
 20
226.65857636241304
 30
0.0
 10
211.329046192939
 20
227.26492175446694
 30
0.0
 10
211.27534411632794
 20
227.90134188164345
 30
0.0
 10
211.24855891972604
 20
228.2187716591045
 30
0.0
  0
LINE
  5
391
330
17
100
AcDbEntity
  8
0
  6
Continuous
 62
7
370
25
100
AcDbLine
 10
211.24855891972604
 20
228.2187716591045
 30
0.0
 11
211.24855891972604
 21
241.36753585959121
 31
0.0
  0
LINE
  5
392
330
17
100
AcDbEntity
  8
0
  6
Continuous
 62
7
370
25
100
AcDbLine
 10
184.18102997784155
 20
258.59315375934773
 30
0.0
 11
182.12030565046845
 21
258.59315375934773
 31
0.0
  0
LINE
  5
393
330
17
100
AcDbEntity
  8
0
  6
Continuous
 62
7
370
25
100
AcDbLine
 10
192.569646844496
 20
258.59315375934773
 30
0.0
 11
188.4163755506986
 21
258.59315375934773
 31
0.0
  0
LINE
  5
394
330
17
100
AcDbEntity
  8
0
  6
Continuous
 62
7
370
25
100
AcDbLine
 10
198.91922911155302
 20
258.59315375934773
 30
0.0
 11
196.8266821451287
 21
258.59315375934773
 31
0.0
  0
LINE
  5
395
330
17
100
AcDbEntity
  8
0
  6
Continuous
 62
7
370
25
100
AcDbLine
 10
181.78069785839097
 20
205.8471537593479
 30
0.0
 11
199.28061224489855
 21
205.8471537593479
 31
0.0
  0
LINE
  5
396
330
17
100
AcDbEntity
  8
0
  6
Continuous
 62
7
370
25
100
AcDbLine
 10
181.78069785839097
 20
202.59315375934784
 30
0.0
 11
199.28061224489855
 21
202.59315375934784
 31
0.0
  0
LINE
  5
397
330
17
100
AcDbEntity
  8
0
  6
Continuous
 62
7
370
25
100
AcDbLine
 10
181.78069785839097
 20
203.59315375934787
 30
0.0
 11
199.28061224489855
 21
203.59315375934787
 31
0.0
  0
LINE
  5
398
330
17
100
AcDbEntity
  8
0
  6
Continuous
 62
7
370
25
100
AcDbLine
 10
195.40044046899257
 20
266.1685695561315
 30
0.0
 11
195.40044046899257
 21
258.71773796256423
 31
0.0
  0
LINE
  5
399
330
17
100
AcDbEntity
  8
0
  6
Continuous
 62
7
370
25
100
AcDbLine
 10
200.34547078768912
 20
266.1685695561315
 30
0.0
 11
200.34547078768912
 21
258.71773796256423
 31
0.0
  0
SPLINE
  5
39A
330
17
100
AcDbEntity
  8
0
  6
Continuous
 62
7
370
25
100
AcDbSpline
210
0.0
220
0.0
230
2.5
 70
8
 71
3
 72
9
 73
5
 74
0
 42
1e-08
 40
0.0
 40
0.0
 40
0.0
 40
0.0
 40
0.5601176780985397
 40
1.0
 40
1.0
 40
1.0
 40
1.0
 10
199.8354536956827
 20
258.59315375934773
 30
0.0
 10
199.93076998032495
 20
258.6149212334475
 30
0.0
 10
200.1009418716422
 20
258.6537835564035
 30
0.0
 10
200.27076749720027
 20
258.69819996820877
 30
0.0
 10
200.34547078768912
 20
258.71773796256423
 30
0.0
  0
LINE
  5
39B
330
17
100
AcDbEntity
  8
0
  6
Continuous
 62
7
370
25
100
AcDbLine
 10
199.8354536956827
 20
258.59315375934773
 30
0.0
 11
198.91922911155302
 21
258.59315375934773
 31
0.0
  0
LINE
  5
39C
330
17
100
AcDbEntity
  8
0
  6
Continuous
 62
7
370
25
100
AcDbLine
 10
196.8266821451287
 20
258.59315375934773
 30
0.0
 11
195.91045756099902
 21
258.59315375934773
 31
0.0
  0
SPLINE
  5
39D
330
17
100
AcDbEntity
  8
0
  6
Continuous
 62
7
370
25
100
AcDbSpline
210
0.0
220
0.0
230
2.5
 70
8
 71
3
 72
9
 73
5
 74
0
 42
1e-08
 40
0.0
 40
0.0
 40
0.0
 40
0.0
 40
0.560063138049902
 40
1.0
 40
1.0
 40
1.0
 40
1.0
 10
195.40044046899257
 20
258.71773796256423
 30
0.0
 10
195.49556174158903
 20
258.69297718650574
 30
0.0
 10
195.66540200804116
 20
258.64876649957375
 30
0.0
 10
195.83558693727895
 20
258.6101448476837
 30
0.0
 10
195.91045756099902
 20
258.59315375934773
 30
0.0
  0
SPLINE
  5
39E
330
17
100
AcDbEntity
  8
0
  6
Continuous
 62
7
370
25
100
AcDbSpline
210
0.0
220
0.0
230
2.5
 70
8
 71
3
 72
9
 73
5
 74
0
 42
1e-08
 40
0.0
 40
0.0
 40
0.0
 40
0.0
 40
0.5601082065518277
 40
1.0
 40
1.0
 40
1.0
 40
1.0
 10
194.38816242622255
 20
258.59315375934773
 30
0.0
 10
194.57734226420268
 20
258.614920858498
 30
0.0
 10
194.91509814024096
 20
258.6537831692005
 30
0.0
 10
195.25216675259088
 20
258.6981995577478
 30
0.0
 10
195.40044046899257
 20
258.71773796256423
 30
0.0
  0
LINE
  5
39F
330
17
100
AcDbEntity
  8
0
  6
Continuous
 62
7
370
25
100
AcDbLine
 10
194.38816242622255
 20
258.59315375934773
 30
0.0
 11
195.91045756099902
 21
258.59315375934773
 31
0.0
  0
LINE
  5
3A0
330
17
100
AcDbEntity
  8
0
  6
Continuous
 62
7
370
25
100
AcDbLine
 10
185.585581926202
 20
266.1685695561315
 30
0.0
 11
185.585581926202
 21
258.71773796256423
 31
0.0
  0
LINE
  5
3A1
330
17
100
AcDbEntity
  8
0
  6
Continuous
 62
7
370
25
100
AcDbLine
 10
188.4163755506986
 20
258.59315375934773
 30
0.0
 11
186.59785996897202
 21
258.59315375934773
 31
0.0
  0
SPLINE
  5
3A2
330
17
100
AcDbEntity
  8
0
  6
Continuous
 62
7
370
25
100
AcDbSpline
210
0.0
220
0.0
230
2.5
 70
8
 71
3
 72
9
 73
5
 74
0
 42
1e-08
 40
0.0
 40
0.0
 40
0.0
 40
0.0
 40
0.5600902825157399
 40
1.0
 40
1.0
 40
1.0
 40
1.0
 10
185.585581926202
 20
258.71773796256423
 30
0.0
 10
185.77438705938906
 20
258.692976022892
 30
0.0
 10
186.11148473646176
 20
258.64876540105973
 30
0.0
 10
186.44926649222353
 20
258.61014378399824
 30
0.0
 10
186.59785996897202
 20
258.59315375934773
 30
0.0
  0
LINE
  5
3A3
330
17
100
AcDbEntity
  8
0
  6
Continuous
 62
7
370
25
100
AcDbLine
 10
194.38816242622255
 20
258.59315375934773
 30
0.0
 11
192.569646844496
 21
258.59315375934773
 31
0.0
  0
SPLINE
  5
3A4
330
17
100
AcDbEntity
  8
0
  6
Continuous
 62
7
370
25
100
AcDbSpline
210
0.0
220
0.0
230
2.5
 70
8
 71
3
 72
9
 73
5
 74
0
 42
1e-08
 40
0.0
 40
0.0
 40
0.0
 40
0.0
 40
0.5601176780985317
 40
1.0
 40
1.0
 40
1.0
 40
1.0
 10
185.08332097543843
 20
258.59315375934773
 30
0.0
 10
185.17718772715713
 20
258.6149212334475
 30
0.0
 10
185.3447717106468
 20
258.6537835564035
 30
0.0
 10
185.512014694252
 20
258.69819996820877
 30
0.0
 10
185.585581926202
 20
258.71773796256423
 30
0.0
  0
LINE
  5
3A5
330
17
100
AcDbEntity
  8
0
  6
Continuous
 62
7
370
25
100
AcDbLine
 10
185.08332097543843
 20
258.59315375934773
 30
0.0
 11
186.59785996897202
 21
258.59315375934773
 31
0.0
  0
LINE
  5
3A6
330
17
100
AcDbEntity
  8
0
  6
Continuous
 62
7
370
25
100
AcDbLine
 10
180.71575370210797
 20
266.1685695561315
 30
0.0
 11
180.71575370210797
 21
258.71773796256423
 31
0.0
  0
LINE
  5
3A7
330
17
100
AcDbEntity
  8
0
  6
Continuous
 62
7
370
25
100
AcDbLine
 10
180.74056516690723
 20
266.17503623637674
 30
0.0
 11
180.71575370210797
 21
266.1685695561315
 31
0.0
  0
LINE
  5
3A8
330
17
100
AcDbEntity
  8
0
  6
Continuous
 62
7
370
25
100
AcDbLine
 10
182.12030565046845
 20
258.59315375934773
 30
0.0
 11
181.21801465287155
 21
258.59315375934773
 31
0.0
  0
SPLINE
  5
3A9
330
17
100
AcDbEntity
  8
0
  6
Continuous
 62
7
370
25
100
AcDbSpline
210
0.0
220
0.0
230
2.5
 70
8
 71
3
 72
9
 73
5
 74
0
 42
1e-08
 40
0.0
 40
0.0
 40
0.0
 40
0.0
 40
0.5600631380498992
 40
1.0
 40
1.0
 40
1.0
 40
1.0
 10
180.71575370210797
 20
258.71773796256423
 30
0.0
 10
180.8094284074481
 20
258.69297718650574
 30
0.0
 10
180.97668580929437
 20
258.64876649957375
 30
0.0
 10
181.14428263242897
 20
258.6101448476837
 30
0.0
 10
181.21801465287155
 20
258.59315375934773
 30
0.0
  0
LINE
  5
3AA
330
17
100
AcDbEntity
  8
0
  6
Continuous
 62
7
370
25
100
AcDbLine
 10
185.08332097543843
 20
258.59315375934773
 30
0.0
 11
184.18102997784155
 21
258.59315375934773
 31
0.0
  0
LINE
  5
3AB
330
17
100
AcDbEntity
  8
0
  6
Continuous
 62
7
370
25
100
AcDbLine
 10
183.1806841602322
 20
204.55915375934782
 30
0.0
 11
197.88061224489851
 21
204.55915375934782
 31
0.0
  0
LINE
  5
3AC
330
17
100
AcDbEntity
  8
0
  6
Continuous
 62
7
370
25
100
AcDbLine
 10
214.26180052439963
 20
225.99414813371033
 30
0.0
 11
214.26180052439963
 21
243.59215938498534
 31
0.0
  0
ARC
  5
3AD
330
17
100
AcDbEntity
  8
0
  6
Continuous
 62
7
370
25
100
AcDbCircle
 10
805.8647176275077
 20
234.7931537593479
 30
0.0
 40
625.8754180093968
100
AcDbArc
 50
179.3408612957896
 51
-179.34086129578873
  0
LINE
  5
3AE
330
17
100
AcDbEntity
  8
0
  6
Continuous
 62
7
370
25
100
AcDbLine
 10
221.01173447970552
 20
243.59215938498534
 30
0.0
 11
221.01173447970552
 21
225.99414813371033
 31
0.0
  0
LINE
  5
3AF
330
17
100
AcDbEntity
  8
0
  6
Continuous
 62
7
370
25
100
AcDbLine
 10
221.04889316174436
 20
225.99414813371033
 30
0.0
 11
221.04889316174436
 21
243.59215938498534
 31
0.0
  0
LINE
  5
3B0
330
17
100
AcDbEntity
  8
0
  6
Continuous
 62
7
370
25
100
AcDbLine
 10
221.03473747334863
 20
239.79315375934786
 30
0.0
 11
221.02589016810126
 21
239.79315375934786
 31
0.0
  0
LINE
  5
3B1
330
17
100
AcDbEntity
  8
0
  6
Continuous
 62
7
370
25
100
AcDbLine
 10
221.02589016810126
 20
239.79315375934786
 30
0.0
 11
221.02589016810126
 21
229.79315375934783
 31
0.0
  0
LINE
  5
3B2
330
17
100
AcDbEntity
  8
0
  6
Continuous
 62
7
370
25
100
AcDbLine
 10
221.02589016810126
 20
229.79315375934783
 30
0.0
 11
221.03473747334863
 21
229.79315375934783
 31
0.0
  0
LINE
  5
3B3
330
17
100
AcDbEntity
  8
0
  6
Continuous
 62
7
370
25
100
AcDbLine
 10
221.03473747334863
 20
229.79315375934783
 30
0.0
 11
221.03473747334863
 21
239.79315375934786
 31
0.0
  0
LINE
  5
3B4
330
17
100
AcDbEntity
  8
0
  6
Continuous
 62
7
370
25
100
AcDbLine
 10
200.34547078768912
 20
258.71773796256423
 30
0.0
 11
200.3206596885653
 21
258.71133691775225
 31
0.0
  0
LINE
  5
3B5
330
17
100
AcDbEntity
  8
0
  6
Continuous
 62
7
370
25
100
AcDbLine
 10
199.8354536956827
 20
258.59315375934773
 30
0.0
 11
199.88061224489854
 21
258.59315375934773
 31
0.0
  0
LINE
  5
3B6
330
17
100
AcDbEntity
  8
0
  6
Continuous
 62
7
370
25
100
AcDbLine
 10
200.3206593228897
 20
266.17503623637674
 30
0.0
 11
200.34547078768912
 21
266.1685695561315
 31
0.0
  0
LINE
  5
3B7
330
17
100
AcDbEntity
  8
0
  6
Continuous
 62
7
370
25
100
AcDbLine
 10
181.18061224489853
 20
258.59315375934773
 30
0.0
 11
181.21801465287155
 21
258.59315375934773
 31
0.0
  0
LINE
  5
3B8
330
17
100
AcDbEntity
  8
0
  6
Continuous
 62
7
370
25
100
AcDbLine
 10
163.33061224489856
 20
338.91744540555453
 30
0.0
 11
157.53061224489858
 21
338.91744540555453
 31
0.0
  0
LINE
  5
3B9
330
17
100
AcDbEntity
  8
0
  6
Continuous
 62
7
370
25
100
AcDbLine
 10
163.33061224489856
 20
338.91744540555453
 30
0.0
 11
163.33061224489856
 21
333.7214578607235
 31
0.0
  0
LINE
  5
3BA
330
17
100
AcDbEntity
  8
0
  6
Continuous
 62
7
370
25
100
AcDbLine
 10
163.33061224489856
 20
333.7214578607235
 30
0.0
 11
163.33061224489856
 21
328.5254703158922
 31
0.0
  0
LINE
  5
3BB
330
17
100
AcDbEntity
  8
0
  6
Continuous
 62
7
370
25
100
AcDbLine
 10
163.33061224489856
 20
328.5254703158922
 30
0.0
 11
157.53061224489858
 21
328.5254703158922
 31
0.0
  0
LINE
  5
3BC
330
17
100
AcDbEntity
  8
0
  6
Continuous
 62
7
370
25
100
AcDbLine
 10
181.3306122448986
 20
338.96524267130405
 30
0.0
 11
181.3306122448986
 21
327.7931537593477
 31
0.0
  0
LINE
  5
3BD
330
17
100
AcDbEntity
  8
0
  6
Continuous
 62
7
370
25
100
AcDbLine
 10
181.3306122448986
 20
339.793153759348
 30
0.0
 11
181.3306122448986
 21
338.96524267130405
 31
0.0
  0
LINE
  5
3BE
330
17
100
AcDbEntity
  8
0
  6
Continuous
 62
7
370
25
100
AcDbLine
 10
163.33061224489856
 20
344.18512884901025
 30
0.0
 11
157.53061224489858
 21
344.18512884901025
 31
0.0
  0
LINE
  5
3BF
330
17
100
AcDbEntity
  8
0
  6
Continuous
 62
7
370
25
100
AcDbLine
 10
163.33061224489856
 20
344.18512884901025
 30
0.0
 11
163.33061224489856
 21
341.5512871272823
 31
0.0
  0
LINE
  5
3C0
330
17
100
AcDbEntity
  8
0
  6
Continuous
 62
7
370
25
100
AcDbLine
 10
163.33061224489856
 20
341.5512871272823
 30
0.0
 11
163.33061224489856
 21
338.91744540555453
 31
0.0
  0
LINE
  5
3C1
330
17
100
AcDbEntity
  8
0
  6
Continuous
 62
7
370
25
100
AcDbLine
 10
163.33061224489856
 20
325.96332449278896
 30
0.0
 11
163.33061224489856
 21
323.40117866968546
 31
0.0
  0
LINE
  5
3C2
330
17
100
AcDbEntity
  8
0
  6
Continuous
 62
7
370
25
100
AcDbLine
 10
163.33061224489856
 20
323.40117866968546
 30
0.0
 11
157.53061224489858
 21
323.40117866968546
 31
0.0
  0
LINE
  5
3C3
330
17
100
AcDbEntity
  8
0
  6
Continuous
 62
7
370
25
100
AcDbLine
 10
163.33061224489856
 20
328.5254703158922
 30
0.0
 11
163.33061224489856
 21
325.96332449278896
 31
0.0
  0
LINE
  5
3C4
330
17
100
AcDbEntity
  8
0
  6
Continuous
 62
7
370
25
100
AcDbLine
 10
187.97654152492993
 20
457.09315375934773
 30
0.0
 11
187.97654152492993
 21
451.2931537593477
 31
0.0
  0
LINE
  5
3C5
330
17
100
AcDbEntity
  8
0
  6
Continuous
 62
7
370
25
100
AcDbLine
 10
187.97654152492993
 20
457.09315375934773
 30
0.0
 11
192.97704103856287
 21
457.09315375934773
 31
0.0
  0
LINE
  5
3C6
330
17
100
AcDbEntity
  8
0
  6
Continuous
 62
7
370
25
100
AcDbLine
 10
192.97704103856287
 20
457.09315375934773
 30
0.0
 11
197.97754055219582
 21
457.09315375934773
 31
0.0
  0
LINE
  5
3C7
330
17
100
AcDbEntity
  8
0
  6
Continuous
 62
7
370
25
100
AcDbLine
 10
197.97754055219582
 20
457.09315375934773
 30
0.0
 11
197.97754055219582
 21
451.2931537593477
 31
0.0
  0
LINE
  5
3C8
330
17
100
AcDbEntity
  8
0
  6
Continuous
 62
7
370
25
100
AcDbLine
 10
184.53061224489855
 20
475.09315375934796
 30
0.0
 11
196.53061224489858
 21
475.09315375934796
 31
0.0
  0
LINE
  5
3C9
330
17
100
AcDbEntity
  8
0
  6
Continuous
 62
7
370
25
100
AcDbLine
 10
180.52961321763263
 20
457.09315375934773
 30
0.0
 11
180.52961321763263
 21
451.2931537593477
 31
0.0
  0
LINE
  5
3CA
330
17
100
AcDbEntity
  8
0
  6
Continuous
 62
7
370
25
100
AcDbLine
 10
180.52961321763263
 20
457.09315375934773
 30
0.0
 11
184.25307737128128
 21
457.09315375934773
 31
0.0
  0
LINE
  5
3CB
330
17
100
AcDbEntity
  8
0
  6
Continuous
 62
7
370
25
100
AcDbLine
 10
184.25307737128128
 20
457.09315375934773
 30
0.0
 11
187.97654152492993
 21
457.09315375934773
 31
0.0
  0
LINE
  5
3CC
330
17
100
AcDbEntity
  8
0
  6
Continuous
 62
7
370
25
100
AcDbLine
 10
199.25457591218014
 20
457.09315375934773
 30
0.0
 11
200.53161127216444
 21
457.09315375934773
 31
0.0
  0
LINE
  5
3CD
330
17
100
AcDbEntity
  8
0
  6
Continuous
 62
7
370
25
100
AcDbLine
 10
200.53161127216444
 20
457.09315375934773
 30
0.0
 11
200.53161127216444
 21
451.2931537593477
 31
0.0
  0
LINE
  5
3CE
330
17
100
AcDbEntity
  8
0
  6
Continuous
 62
7
370
25
100
AcDbLine
 10
197.97754055219582
 20
457.09315375934773
 30
0.0
 11
199.25457591218014
 21
457.09315375934773
 31
0.0
  0
LINE
  5
3CF
330
17
100
AcDbEntity
  8
0
  6
Continuous
 62
7
370
25
100
AcDbLine
 10
163.33061224489856
 20
366.139923109321
 30
0.0
 11
157.53061224489858
 21
366.139923109321
 31
0.0
  0
LINE
  5
3D0
330
17
100
AcDbEntity
  8
0
  6
Continuous
 62
7
370
25
100
AcDbLine
 10
163.33061224489856
 20
366.139923109321
 30
0.0
 11
163.33061224489856
 21
360.9445054920675
 31
0.0
  0
LINE
  5
3D1
330
17
100
AcDbEntity
  8
0
  6
Continuous
 62
7
370
25
100
AcDbLine
 10
163.33061224489856
 20
360.9445054920675
 30
0.0
 11
163.33061224489856
 21
355.749087874814
 31
0.0
  0
LINE
  5
3D2
330
17
100
AcDbEntity
  8
0
  6
Continuous
 62
7
370
25
100
AcDbLine
 10
163.33061224489856
 20
355.749087874814
 30
0.0
 11
157.53061224489858
 21
355.749087874814
 31
0.0
  0
LINE
  5
3D3
330
17
100
AcDbEntity
  8
0
  6
Continuous
 62
7
370
25
100
AcDbLine
 10
181.3306122448986
 20
366.7931537593478
 30
0.0
 11
181.3306122448986
 21
354.793153759348
 31
0.0
  0
LINE
  5
3D4
330
17
100
AcDbEntity
  8
0
  6
Continuous
 62
7
370
25
100
AcDbLine
 10
163.33061224489856
 20
353.0757031998275
 30
0.0
 11
163.33061224489856
 21
350.402318524841
 31
0.0
  0
LINE
  5
3D5
330
17
100
AcDbEntity
  8
0
  6
Continuous
 62
7
370
25
100
AcDbLine
 10
163.33061224489856
 20
350.402318524841
 30
0.0
 11
157.53061224489858
 21
350.402318524841
 31
0.0
  0
LINE
  5
3D6
330
17
100
AcDbEntity
  8
0
  6
Continuous
 62
7
370
25
100
AcDbLine
 10
163.33061224489856
 20
355.749087874814
 30
0.0
 11
163.33061224489856
 21
353.0757031998275
 31
0.0
  0
LINE
  5
3D7
330
17
100
AcDbEntity
  8
0
  6
Continuous
 62
7
370
25
100
AcDbLine
 10
163.33061224489856
 20
371.18398899385477
 30
0.0
 11
157.53061224489858
 21
371.18398899385477
 31
0.0
  0
LINE
  5
3D8
330
17
100
AcDbEntity
  8
0
  6
Continuous
 62
7
370
25
100
AcDbLine
 10
163.33061224489856
 20
371.18398899385477
 30
0.0
 11
163.33061224489856
 21
368.6619560515877
 31
0.0
  0
LINE
  5
3D9
330
17
100
AcDbEntity
  8
0
  6
Continuous
 62
7
370
25
100
AcDbLine
 10
163.33061224489856
 20
368.6619560515877
 30
0.0
 11
163.33061224489856
 21
366.139923109321
 31
0.0
  0
LINE
  5
3DA
330
17
100
AcDbEntity
  8
0
  6
Continuous
 62
8
370
25
100
AcDbLine
 10
178.33061224489853
 20
341.5512871272823
 30
0.0
 11
178.33061224489853
 21
342.7931537593477
 31
0.0
  0
LINE
  5
3DB
330
17
100
AcDbEntity
  8
0
  6
Continuous
 62
8
370
25
100
AcDbLine
 10
178.33061224489853
 20
324.7931537593478
 30
0.0
 11
178.33061224489853
 21
341.5512871272823
 31
0.0
  0
LINE
  5
3DC
330
17
100
AcDbEntity
  8
0
  6
Continuous
 62
8
370
25
100
AcDbLine
 10
199.53061224489855
 20
472.09315375934773
 30
0.0
 11
181.53061224489858
 21
472.09315375934773
 31
0.0
  0
LINE
  5
3DD
330
17
100
AcDbEntity
  8
0
  6
Continuous
 62
8
370
25
100
AcDbLine
 10
178.33061224489853
 20
351.7931537593478
 30
0.0
 11
178.33061224489853
 21
369.793153759348
 31
0.0
  0
DIMENSION
  5
3DE
330
17
100
AcDbEntity
  8
0
  6
Continuous
 62
7
370
18
100
AcDbDimension
280
0
  2
_D_6
  3
SLDDIMSTYLE0
 10
240.53061224489838
 20
500.09315375934847
 30
0.0
 11
188.49066640975786
 21
500.09315375934847
 31
0.0
 70
160
 71
2
 42
-1.0
 73
0
 74
0
 75
0
  1
<>
100
AcDbAlignedDimension
 13
122.53061224489954
 23
388.7931537593477
 33
0.0
 14
240.53061224489855
 24
448.2931537593478
 34
0.0
 50
1.725e-13
100
AcDbRotatedDimension
  0
DIMENSION
  5
3E8
330
17
100
AcDbEntity
  8
0
  6
Continuous
 62
7
370
18
100
AcDbDimension
280
0
  2
_D_7
  3
SLDDIMSTYLE0
 10
280.530612244899
 20
266.2931537593478
 30
0.0
 11
280.530612244899
 21
367.17925720068774
 31
0.0
 70
160
 71
2
 42
-1.0
 73
0
 74
0
 75
0
  1
<>
100
AcDbAlignedDimension
 13
237.53061224489855
 23
451.2931537593477
 33
0.0
 14
239.53061224489846
 24
266.2931537593478
 34
0.0
 50
90.0000000000002
100
AcDbRotatedDimension
  0
DIMENSION
  5
3F2
330
17
100
AcDbEntity
  8
0
  6
Continuous
 62
7
370
18
100
AcDbDimension
280
0
  2
_D_8
  3
SLDDIMSTYLE0
 10
92.1206815786768
 20
202.59315375934767
 30
0.0
 11
92.1206815786768
 21
344.6617074382305
 31
0.0
 70
160
 71
2
 42
-1.0
 73
0
 74
0
 75
0
  1
<>
100
AcDbAlignedDimension
 13
184.53061224489855
 23
475.09315375934773
 33
0.0
 14
181.78061224489863
 24
202.59315375934767
 34
0.0
 50
90.0000000000002
100
AcDbRotatedDimension
  0
LINE
  5
3FC
330
17
100
AcDbEntity
  8
0
  6
Continuous
 62
7
370
25
100
AcDbLine
 10
816.5979747393072
 20
544.7080651575164
 30
0.0
 11
816.4565304037242
 21
544.7897457765613
 31
0.0
  0
LINE
  5
3FD
330
17
100
AcDbEntity
  8
0
  6
Continuous
 62
7
370
25
100
AcDbLine
 10
781.5905016825313
 20
544.7897457765611
 30
0.0
 11
781.4490573469483
 21
544.7080651575164
 31
0.0
  0
LINE
  5
3FE
330
17
100
AcDbEntity
  8
0
  6
Continuous
 62
7
370
25
100
AcDbLine
 10
823.8735160431277
 20
533.1505567829537
 30
0.0
 11
823.8735160431277
 21
534.5658428984488
 31
0.0
  0
LINE
  5
3FF
330
17
100
AcDbEntity
  8
0
  6
Continuous
 62
7
370
25
100
AcDbLine
 10
774.1735160431277
 20
534.5658428984485
 30
0.0
 11
774.1735160431277
 21
533.1505567829537
 31
0.0
  0
LINE
  5
400
330
17
100
AcDbEntity
  8
0
  6
Continuous
 62
7
370
25
100
AcDbLine
 10
834.3845999388598
 20
552.6864144583037
 30
0.0
 11
832.2629349051158
 21
553.911623743973
 31
0.0
  0
LINE
  5
401
330
17
100
AcDbEntity
  8
0
  6
Continuous
 62
7
370
25
100
AcDbLine
 10
765.78409718114
 20
553.9116237439728
 30
0.0
 11
763.6624321473957
 21
552.6864144583037
 31
0.0
  0
LINE
  5
402
330
17
100
AcDbEntity
  8
0
  6
Continuous
 62
7
370
25
100
AcDbLine
 10
749.0235160431278
 20
532.2795286251685
 30
0.0
 11
749.0235160431278
 21
526.7270511043453
 31
0.0
  0
LINE
  5
403
330
17
100
AcDbEntity
  8
0
  6
Continuous
 62
7
370
25
100
AcDbLine
 10
849.0235160431278
 20
526.7270511043457
 30
0.0
 11
849.0235160431278
 21
532.2795286251687
 31
0.0
  0
LINE
  5
404
330
17
100
AcDbEntity
  8
0
  6
Continuous
 62
7
370
25
100
AcDbLine
 10
763.6624321473923
 20
506.32016527121255
 30
0.0
 11
763.8038764829753
 21
506.23848465216804
 31
0.0
  0
LINE
  5
405
330
17
100
AcDbEntity
  8
0
  6
Continuous
 62
7
370
25
100
AcDbLine
 10
834.2431556032806
 20
506.23848465216804
 30
0.0
 11
834.3845999388635
 21
506.3201652712127
 31
0.0
  0
LINE
  5
406
330
17
100
AcDbEntity
  8
0
  6
Continuous
 62
7
370
25
100
AcDbLine
 10
902.6395825843945
 20
378.5247706893392
 30
0.0
 11
913.2461843021928
 21
384.6478315280095
 31
0.0
  0
LINE
  5
407
330
17
100
AcDbEntity
  8
0
  6
Continuous
 62
7
370
25
100
AcDbLine
 10
849.023516043128
 20
484.185274805098
 30
0.0
 11
849.0235160431278
 21
525.7472021300828
 31
0.0
  0
LINE
  5
408
330
17
100
AcDbEntity
  8
0
  6
Continuous
 62
7
370
25
100
AcDbLine
 10
849.0235160431282
 20
384.48564167384774
 30
0.0
 11
849.0235160431282
 21
392.7693512082285
 31
0.0
  0
LINE
  5
409
330
17
100
AcDbEntity
  8
0
  6
Continuous
 62
7
370
25
100
AcDbLine
 10
749.0235160431278
 20
525.7472021300825
 30
0.0
 11
749.0235160431282
 21
384.4856416738475
 31
0.0
  0
LINE
  5
40A
330
17
100
AcDbEntity
  8
0
  6
Continuous
 62
7
370
25
100
AcDbLine
 10
763.6624321473962
 20
364.07875584071246
 30
0.0
 11
764.3696538253109
 21
363.6703527454895
 31
0.0
  0
LINE
  5
40B
330
17
100
AcDbEntity
  8
0
  6
Continuous
 62
7
370
25
100
AcDbLine
 10
833.6773782609457
 20
363.67035274548977
 30
0.0
 11
834.3845999388606
 21
364.0787558407128
 31
0.0
  0
LINE
  5
40C
330
17
100
AcDbEntity
  8
0
  6
Continuous
 62
7
370
25
100
AcDbLine
 10
809.354991495079
 20
542.1992720139973
 30
0.0
 11
809.354991495079
 21
541.2810344472684
 31
0.0
  0
LINE
  5
40D
330
17
100
AcDbEntity
  8
0
  6
Continuous
 62
7
370
25
100
AcDbLine
 10
814.854991495079
 20
541.2810344472688
 30
0.0
 11
814.854991495079
 21
542.1992720139975
 31
0.0
  0
LINE
  5
40E
330
17
100
AcDbEntity
  8
0
  6
Continuous
 62
7
370
25
100
AcDbLine
 10
783.1920405911768
 20
527.0957219452772
 30
0.0
 11
783.1920405911768
 21
526.1774843785482
 31
0.0
  0
LINE
  5
40F
330
17
100
AcDbEntity
  8
0
  6
Continuous
 62
7
370
25
100
AcDbLine
 10
788.6920405911768
 20
526.1774843785485
 30
0.0
 11
788.6920405911768
 21
527.0957219452772
 31
0.0
  0
LINE
  5
410
330
17
100
AcDbEntity
  8
0
  6
Continuous
 62
7
370
25
100
AcDbLine
 10
809.354991495079
 20
527.0957219452772
 30
0.0
 11
809.354991495079
 21
526.1774843785485
 31
0.0
  0
LINE
  5
411
330
17
100
AcDbEntity
  8
0
  6
Continuous
 62
7
370
25
100
AcDbLine
 10
814.854991495079
 20
526.1774843785485
 30
0.0
 11
814.854991495079
 21
527.0957219452772
 31
0.0
  0
LINE
  5
412
330
17
100
AcDbEntity
  8
0
  6
Continuous
 62
7
370
25
100
AcDbLine
 10
783.1920405911765
 20
542.1992720139973
 30
0.0
 11
783.1920405911765
 21
541.2810344472684
 31
0.0
  0
LINE
  5
413
330
17
100
AcDbEntity
  8
0
  6
Continuous
 62
7
370
25
100
AcDbLine
 10
788.6920405911768
 20
541.2810344472684
 30
0.0
 11
788.6920405911768
 21
542.1992720139973
 31
0.0
  0
LINE
  5
414
330
17
100
AcDbEntity
  8
0
  6
Continuous
 62
7
370
25
100
AcDbLine
 10
804.8157991109313
 20
346.046347441535
 30
0.0
 11
802.4039846378049
 21
344.6598512656667
 31
0.0
  0
LINE
  5
415
330
17
100
AcDbEntity
  8
0
  6
Continuous
 62
7
370
25
100
AcDbLine
 10
812.1226062087785
 20
327.75427837504253
 30
0.0
 11
814.5344206819047
 21
329.1407745509105
 31
0.0
  0
LINE
  5
416
330
17
100
AcDbEntity
  8
0
  6
Continuous
 62
7
370
25
100
AcDbLine
 10
815.65580009394
 20
327.19013152506955
 30
0.0
 11
817.3564037539778
 21
328.1677691077203
 31
0.0
  0
LINE
  5
417
330
17
100
AcDbEntity
  8
0
  6
Continuous
 62
7
370
25
100
AcDbLine
 10
805.3950233589335
 20
348.974628050027
 30
0.0
 11
803.6944196988958
 21
347.99699046737624
 31
0.0
  0
LINE
  5
418
330
17
100
AcDbEntity
  8
0
  6
Continuous
 62
7
370
25
100
AcDbLine
 10
830.754486431691
 20
360.35901705864825
 30
0.0
 11
830.754486431691
 21
362.11418326815954
 31
0.0
  0
LINE
  5
419
330
17
100
AcDbEntity
  8
0
  6
Continuous
 62
7
370
25
100
AcDbLine
 10
824.3775342633387
 20
350.462255219525
 30
0.0
 11
824.024721459391
 21
350.6667838853723
 31
0.0
  0
LINE
  5
41A
330
17
100
AcDbEntity
  8
0
  6
Continuous
 62
7
370
25
100
AcDbLine
 10
824.3775342633389
 20
330.865275734267
 30
0.0
 11
824.024721459391
 21
331.06980440011426
 31
0.0
  0
LINE
  5
41B
330
17
100
AcDbEntity
  8
0
  6
Continuous
 62
7
370
25
100
AcDbLine
 10
812.6217889590437
 20
326.699309034126
 30
0.0
 11
819.6130037705187
 21
322.6464407083653
 31
0.0
  0
LINE
  5
41C
330
17
100
AcDbEntity
  8
0
  6
Continuous
 62
7
370
25
100
AcDbLine
 10
830.7544864316912
 20
321.04584312959673
 30
0.0
 11
830.7544864316912
 21
325.4796180831413
 31
0.0
  0
LINE
  5
41D
330
17
100
AcDbEntity
  8
0
  6
Continuous
 62
7
370
25
100
AcDbLine
 10
813.2544864316912
 20
325.076961246668
 30
0.0
 11
813.2544864316912
 21
321.04584312959673
 31
0.0
  0
LINE
  5
41E
330
17
100
AcDbEntity
  8
0
  6
Continuous
 62
7
370
25
100
AcDbLine
 10
830.7544864316912
 20
318.3888193277205
 30
0.0
 11
830.7544864316912
 21
319.2053601396062
 31
0.0
  0
LINE
  5
41F
330
17
100
AcDbEntity
  8
0
  6
Continuous
 62
7
370
25
100
AcDbLine
 10
813.2544864316912
 20
319.2053601396062
 30
0.0
 11
813.2544864316912
 21
318.3888193277205
 31
0.0
  0
LINE
  5
420
330
17
100
AcDbEntity
  8
0
  6
Continuous
 62
7
370
25
100
AcDbLine
 10
837.3889449092264
 20
453.0821590146763
 30
0.0
 11
834.9852299509615
 21
451.7080101115908
 31
0.0
  0
LINE
  5
421
330
17
100
AcDbEntity
  8
0
  6
Continuous
 62
7
370
25
100
AcDbLine
 10
844.6631113184027
 20
434.77908184552126
 30
0.0
 11
847.0668262766679
 21
436.15323074860675
 31
0.0
  0
LINE
  5
422
330
17
100
AcDbEntity
  8
0
  6
Continuous
 62
7
370
25
100
AcDbLine
 10
881.6748811757616
 20
446.0850888744105
 30
0.0
 11
880.9677743945747
 21
446.493292930322
 31
0.0
  0
LINE
  5
423
330
17
100
AcDbEntity
  8
0
  6
Continuous
 62
7
370
25
100
AcDbLine
 10
872.2184854840095
 20
431.33743783866004
 30
0.0
 11
872.9255922651957
 21
430.9292337827487
 31
0.0
  0
LINE
  5
424
330
17
100
AcDbEntity
  8
0
  6
Continuous
 62
7
370
25
100
AcDbLine
 10
879.3739557097806
 20
447.4133848723463
 30
0.0
 11
872.4824930203363
 21
451.3917416012583
 31
0.0
  0
LINE
  5
425
330
17
100
AcDbEntity
  8
0
  6
Continuous
 62
7
370
25
100
AcDbLine
 10
863.7332041097707
 20
436.23588650959624
 30
0.0
 11
870.6246667992148
 21
432.2575297806843
 31
0.0
  0
LINE
  5
426
330
17
100
AcDbEntity
  8
0
  6
Continuous
 62
7
370
25
100
AcDbLine
 10
848.1835048959883
 20
434.19989287175247
 30
0.0
 11
849.8805411405847
 21
435.1700497058605
 31
0.0
  0
LINE
  5
427
330
17
100
AcDbEntity
  8
0
  6
Continuous
 62
7
370
25
100
AcDbLine
 10
837.969302534503
 20
456.00565372563847
 30
0.0
 11
836.2722662899066
 21
455.03549689153044
 31
0.0
  0
LINE
  5
428
330
17
100
AcDbEntity
  8
0
  6
Continuous
 62
7
370
25
100
AcDbLine
 10
860.772903810257
 20
450.46839092970225
 30
0.0
 11
860.7746215754527
 21
450.87764816159427
 31
0.0
  0
LINE
  5
429
330
17
100
AcDbEntity
  8
0
  6
Continuous
 62
7
370
25
100
AcDbLine
 10
843.80234106178
 20
460.2652882715748
 30
0.0
 11
843.804058826976
 21
460.67454550346673
 31
0.0
  0
LINE
  5
42A
330
17
100
AcDbEntity
  8
0
  6
Continuous
 62
7
370
25
100
AcDbLine
 10
834.3041425071824
 20
460.71441926584777
 30
0.0
 11
834.2700176881326
 21
452.58418760357074
 31
0.0
  0
LINE
  5
42B
330
17
100
AcDbEntity
  8
0
  6
Continuous
 62
7
370
25
100
AcDbLine
 10
842.2862128319334
 20
468.82368310471526
 30
0.0
 11
842.0769014293147
 21
468.9445160054465
 31
0.0
  0
LINE
  5
42C
330
17
100
AcDbEntity
  8
0
  6
Continuous
 62
7
370
25
100
AcDbLine
 10
766.1085161674163
 20
354.29709843582776
 30
0.0
 11
768.5268733857963
 21
355.680889004404
 31
0.0
  0
LINE
  5
42D
330
17
100
AcDbEntity
  8
0
  6
Continuous
 62
7
370
25
100
AcDbLine
 10
769.6443254893967
 20
353.72799351407224
 30
0.0
 11
771.3488723470116
 21
354.703339855521
 31
0.0
  0
LINE
  5
42E
330
17
100
AcDbEntity
  8
0
  6
Continuous
 62
7
370
25
100
AcDbLine
 10
778.3897876569847
 20
357.3934853544697
 30
0.0
 11
778.0378017230828
 21
357.59848826188096
 31
0.0
  0
LINE
  5
42F
330
17
100
AcDbEntity
  8
0
  6
Continuous
 62
7
370
25
100
AcDbLine
 10
766.6402281883436
 20
353.24283366726377
 30
0.0
 11
773.608621056708
 21
349.18431694710944
 31
0.0
  0
LINE
  5
430
330
17
100
AcDbEntity
  8
0
  6
Continuous
 62
7
370
25
100
AcDbLine
 10
784.7925456545657
 20
347.5791067638347
 30
0.0
 11
784.7925456545657
 21
352.00927277098975
 31
0.0
  0
LINE
  5
431
330
17
100
AcDbEntity
  8
0
  6
Continuous
 62
7
370
25
100
AcDbLine
 10
767.2925456545657
 20
351.6127891512685
 30
0.0
 11
767.2925456545657
 21
347.5791067638347
 31
0.0
  0
LINE
  5
432
330
17
100
AcDbEntity
  8
0
  6
Continuous
 62
7
370
25
100
AcDbLine
 10
784.7925456545657
 20
344.9220829619585
 30
0.0
 11
784.7925456545657
 21
345.7386237738442
 31
0.0
  0
LINE
  5
433
330
17
100
AcDbEntity
  8
0
  6
Continuous
 62
7
370
25
100
AcDbLine
 10
767.2925456545657
 20
345.7386237738442
 30
0.0
 11
767.2925456545657
 21
344.9220829619585
 31
0.0
  0
SPLINE
  5
434
330
17
100
AcDbEntity
  8
0
  6
Continuous
 62
7
370
25
100
AcDbSpline
210
0.0
220
0.0
230
2.5
 70
8
 71
3
 72
12
 73
8
 74
0
 42
1e-08
 40
0.0
 40
0.0
 40
0.0
 40
0.0
 40
0.026635942650705
 40
0.3074943511305417
 40
0.5811422966161178
 40
0.8569949628724596
 40
0.9999999999999999
 40
0.9999999999999999
 40
0.9999999999999999
 40
0.9999999999999999
 10
808.0092309050468
 20
551.6741646248862
 30
0.0
 10
808.0141845615635
 20
551.7134094138307
 30
0.0
 10
808.0713712516049
 20
552.1664645607792
 30
0.0
 10
807.8781943736774
 20
553.0353293548287
 30
0.0
 10
807.4392823358612
 20
554.1819473880178
 30
0.0
 10
806.8520059047626
 20
555.0379455849064
 30
0.0
 10
806.4158141848867
 20
555.4862705028437
 30
0.0
 10
806.266891024129
 20
555.6393361406888
 30
0.0
  0
SPLINE
  5
435
330
17
100
AcDbEntity
  8
0
  6
Continuous
 62
7
370
25
100
AcDbSpline
210
0.0
220
0.0
230
2.5
 70
8
 71
3
 72
21
 73
17
 74
0
 42
1e-08
 40
0.0
 40
0.0
 40
0.0
 40
0.0
 40
0.047490906578618
 40
0.1215811846182681
 40
0.197986758287947
 40
0.2757182971392326
 40
0.3532961694714286
 40
0.4308144564904091
 40
0.5088385247943196
 40
0.5879308865713567
 40
0.6688689581621933
 40
0.7426219369896268
 40
0.8125815943191272
 40
0.8788201287410159
 40
0.9427009560375339
 40
1.0
 40
1.0
 40
1.0
 40
1.0
 10
806.266891024129
 20
555.6393361406888
 30
0.0
 10
806.0420191322818
 20
555.8407023808018
 30
0.0
 10
805.4663259529377
 20
556.356218882356
 30
0.0
 10
804.3546202101154
 20
557.026192648734
 30
0.0
 10
802.9264271344617
 20
557.6152251747765
 30
0.0
 10
801.3459946436328
 20
558.0085034867041
 30
0.0
 10
799.6797117377932
 20
558.1962201733697
 30
0.0
 10
797.9881910403938
 20
558.1725116823598
 30
0.0
 10
796.32193868995
 20
557.9357216110328
 30
0.0
 10
794.7258583811074
 20
557.4810925466937
 30
0.0
 10
793.3016450152165
 20
556.8237121432439
 30
0.0
 10
792.107773226337
 20
555.9942341856897
 30
0.0
 10
791.175681844343
 20
555.0411554632548
 30
0.0
 10
790.5094863995614
 20
553.9741202174155
 30
0.0
 10
790.0922092734895
 20
552.8576915531385
 30
0.0
 10
790.0621923741495
 20
552.0938416214958
 30
0.0
 10
790.0479990958679
 20
551.7326605906925
 30
0.0
  0
LINE
  5
436
330
17
100
AcDbEntity
  8
0
  6
Continuous
 62
7
370
25
100
AcDbLine
 10
808.023516043128
 20
539.4650877697633
 30
0.0
 11
808.0235160431278
 21
551.7131999480496
 31
0.0
  0
LINE
  5
437
330
17
100
AcDbEntity
  8
0
  6
Continuous
 62
7
370
25
100
AcDbLine
 10
790.0235160431278
 20
551.7131999480496
 30
0.0
 11
790.0235160431278
 21
539.4650877697633
 31
0.0
  0
ARC
  5
438
330
17
100
AcDbEntity
  8
0
  6
Continuous
 62
7
370
25
100
AcDbCircle
 10
801.491130624371
 20
517.9419148403215
 30
0.0
 40
30.737147941745775
100
AcDbArc
 50
60.87011810268847
 51
77.72968653260492
  0
LWPOLYLINE
  5
439
330
17
100
AcDbEntity
  8
0
  6
Continuous
 62
7
370
25
100
AcDbPolyline
 90
45
 70
128
 10
790.0235160431278
 20
547.976897849033
 10
788.9068403887176
 20
547.7056154529137
 10
786.2711389236484
 20
546.9070401746833
 10
783.8213958328342
 20
545.9308838509547
 10
781.5933338868796
 20
544.7913810390407
 10
779.6194432461148
 20
543.5051482558755
 10
777.928507680897
 20
542.090941671782
 10
776.5451848394227
 20
540.5693836032717
 10
775.4896466836922
 20
538.9626617932345
 10
774.7772853368808
 20
537.2942058636828
 10
774.418488631523
 20
535.588345659105
 10
774.418488631523
 20
533.8699564625465
 10
774.7772853368808
 20
532.1640962579688
 10
775.4896466836922
 20
530.495640328417
 10
776.5451848394227
 20
528.8889185183798
 10
777.928507680897
 20
527.3673604498695
 10
779.6194432461148
 20
525.953153865776
 10
781.5933338868796
 20
524.666921082611
 10
783.8213958328342
 20
523.5274182706968
 10
786.2711389236488
 20
522.5512619469682
 10
788.9068403887176
 20
521.752686668738
 10
791.690065765597
 20
521.1433374617973
 10
794.5802293610153
 20
520.7321000097182
 10
797.5351860816686
 20
520.5249710805786
 10
800.5118460045876
 20
520.5249710805786
 10
803.4668027252407
 20
520.7321000097182
 10
806.3569663206588
 20
521.1433374617973
 10
809.1401916975385
 20
521.752686668738
 10
811.7758931626072
 20
522.5512619469685
 10
814.2256362534215
 20
523.527418270697
 10
816.4536981993765
 20
524.6669210826112
 10
818.4275888401413
 20
525.9531538657762
 10
820.1185244053585
 20
527.3673604498698
 10
821.501847246833
 20
528.88891851838
 10
822.5573854025635
 20
530.4956403284173
 10
823.269746749375
 20
532.164096257969
 10
823.6285434547328
 20
533.8699564625467
 10
823.6285434547328
 20
535.5883456591052
 10
823.269746749375
 20
537.294205863683
 10
822.5573854025635
 20
538.9626617932347
 10
821.5018472468328
 20
540.5693836032722
 10
820.1185244053585
 20
542.0909416717823
 10
818.4275888401407
 20
543.5051482558757
 10
816.4536981993763
 20
544.7913810390407
 10
816.4536981993763
 20
544.7913810390407
  0
LWPOLYLINE
  5
43A
330
17
100
AcDbEntity
  8
0
  6
Continuous
 62
7
370
25
100
AcDbPolyline
 90
13
 70
128
 10
816.5951195556136
 20
544.709713687846
 10
818.5500354232656
 20
543.4387670690453
 10
820.230841761479
 20
542.043264044579
 10
821.6139437336378
 20
540.5427944179303
 10
822.67992561985
 20
538.9584214935878
 10
823.4138233710942
 20
537.31238639442
 10
823.8053346716673
 20
535.6277958450668
 10
823.8489635611118
 20
533.9282978041722
 10
823.5440975854557
 20
532.2377494988857
 10
822.8950163947231
 20
530.579882521685
 10
821.9108316660286
 20
528.9779696908415
 10
820.6053591956028
 20
527.4544983510633
 10
820.1557162614658
 20
527.0178725355943
  0
LWPOLYLINE
  5
43B
330
17
100
AcDbEntity
  8
0
  6
Continuous
 62
7
370
25
100
AcDbPolyline
 90
13
 70
128
 10
777.891315824791
 20
527.0178725355933
 10
777.0861113716999
 20
527.8268210356056
 10
775.8594150347026
 20
529.3719559825284
 10
774.9578918995282
 20
530.9900017166102
 10
774.3941973748313
 20
532.6582444225445
 10
774.1762444961047
 20
534.353265629573
 10
774.3070928440078
 20
536.0512709554815
 10
774.7849055945583
 20
537.7284241275676
 10
775.6029753041174
 20
539.3611815916605
 10
776.7498180671937
 20
540.9266230120127
 10
778.2093347253043
 20
542.4027730225724
 10
779.961036863869
 20
543.7689097129522
 10
781.4490573469483
 20
544.7080651575164
  0
LWPOLYLINE
  5
43C
330
17
100
AcDbEntity
  8
0
  6
Continuous
 62
7
370
25
100
AcDbPolyline
 90
20
 70
128
 10
788.2401376300329
 20
543.6075892768977
 10
787.3694295049304
 20
543.9664738372937
 10
786.3440416428023
 20
544.1427031458643
 10
785.2750907290409
 20
544.1171800225466
 10
784.2784141816355
 20
543.8926702937836
 10
783.4620173695272
 20
543.4935030723148
 10
782.91436955501
 20
542.9629343203037
 10
782.694816876418
 20
542.3584593946533
 10
782.8271512731875
 20
541.7455825329522
 10
783.2970322600486
 20
541.1907184529305
 10
784.0535409411206
 20
540.7539952872618
 10
785.0146978623673
 20
540.482738767404
 10
786.0763467574856
 20
540.406343746263
 10
787.1234414955093
 20
540.5330888097695
 10
788.0425131142248
 20
540.849239163641
 10
788.7339659428787
 20
541.3205350114567
 10
789.1228703384905
 20
541.8959041351977
 10
789.1670824753223
 20
542.5129963625348
 10
788.8618112823258
 20
543.1049401754633
 10
788.2401376300329
 20
543.6075892768977
  0
LWPOLYLINE
  5
43D
330
17
100
AcDbEntity
  8
0
  6
Continuous
 62
7
370
25
100
AcDbPolyline
 90
20
 70
128
 10
788.2401376300329
 20
528.5040392081778
 10
787.3694295049304
 20
528.8629237685735
 10
786.3440416428023
 20
529.0391530771443
 10
785.2750907290409
 20
529.0136299538262
 10
784.2784141816355
 20
528.7891202250635
 10
783.4620173695272
 20
528.3899530035948
 10
782.91436955501
 20
527.8593842515838
 10
782.694816876418
 20
527.254909325933
 10
782.8271512731875
 20
526.6420324642322
 10
783.2970322600486
 20
526.0871683842105
 10
784.0535409411206
 20
525.6504452185414
 10
785.0146978623673
 20
525.379188698684
 10
786.0763467574856
 20
525.3027936775427
 10
787.1234414955093
 20
525.4295387410496
 10
788.0425131142248
 20
525.7456890949207
 10
788.7339659428787
 20
526.2169849427368
 10
789.1228703384905
 20
526.7923540664777
 10
789.1670824753223
 20
527.4094462938145
 10
788.8618112823258
 20
528.0013901067432
 10
788.2401376300329
 20
528.5040392081778
  0
LWPOLYLINE
  5
43E
330
17
100
AcDbEntity
  8
0
  6
Continuous
 62
7
370
25
100
AcDbPolyline
 90
20
 70
128
 10
814.4030885339353
 20
528.5040392081778
 10
813.532380408833
 20
528.8629237685738
 10
812.5069925467042
 20
529.0391530771443
 10
811.438041632943
 20
529.0136299538262
 10
810.4413650855378
 20
528.7891202250635
 10
809.6249682734294
 20
528.3899530035948
 10
809.0773204589123
 20
527.8593842515838
 10
808.8577677803203
 20
527.2549093259332
 10
808.9901021770897
 20
526.6420324642322
 10
809.4599831639507
 20
526.0871683842105
 10
810.2164918450228
 20
525.6504452185418
 10
811.1776487662692
 20
525.379188698684
 10
812.2392976613878
 20
525.3027936775427
 10
813.2863923994115
 20
525.4295387410496
 10
814.205464018127
 20
525.7456890949207
 10
814.8969168467811
 20
526.2169849427368
 10
815.285821242393
 20
526.7923540664777
 10
815.3300333792242
 20
527.4094462938148
 10
815.024762186228
 20
528.0013901067432
 10
814.4030885339353
 20
528.5040392081778
  0
LWPOLYLINE
  5
43F
330
17
100
AcDbEntity
  8
0
  6
Continuous
 62
7
370
25
100
AcDbPolyline
 90
20
 70
128
 10
814.4030885339353
 20
543.6075892768977
 10
813.5323804088328
 20
543.9664738372937
 10
812.5069925467042
 20
544.1427031458643
 10
811.438041632943
 20
544.1171800225466
 10
810.4413650855378
 20
543.8926702937838
 10
809.6249682734294
 20
543.493503072315
 10
809.0773204589123
 20
542.962934320304
 10
808.8577677803199
 20
542.3584593946533
 10
808.9901021770897
 20
541.7455825329522
 10
809.4599831639505
 20
541.1907184529308
 10
810.2164918450228
 20
540.7539952872618
 10
811.1776487662692
 20
540.4827387674043
 10
812.2392976613876
 20
540.406343746263
 10
813.2863923994113
 20
540.5330888097698
 10
814.2054640181267
 20
540.849239163641
 10
814.8969168467811
 20
541.3205350114567
 10
815.2858212423928
 20
541.8959041351977
 10
815.3300333792242
 20
542.5129963625348
 10
815.0247621862277
 20
543.1049401754633
 10
814.4030885339353
 20
543.6075892768977
  0
LWPOLYLINE
  5
440
330
17
100
AcDbEntity
  8
0
  6
Continuous
 62
7
370
25
100
AcDbPolyline
 90
20
 70
128
 10
763.6681769838002
 20
511.86932582960094
 10
760.8337146113957
 20
513.6487890354595
 10
758.2671262567
 20
515.5589334933718
 10
755.9864146929306
 20
517.5863609124028
 10
754.0075774730179
 20
519.7168503459126
 10
752.3444947182678
 20
521.935457941279
 10
751.0088317592805
 20
524.2266217602885
 10
750.0099573120417
 20
526.5742709349497
 10
749.3548777631079
 20
528.9619383930857
 10
749.0481880248412
 20
531.3728763630145
 10
749.0920393053993
 20
533.7901738471335
 10
749.4861240195554
 20
536.1968752404175
 10
750.2276779461906
 20
538.5760992618052
 10
751.311499617314
 20
540.9111573642567
 10
752.7299868026283
 20
543.1856707929203
 10
754.4731898337095
 20
545.3836854703295
 10
756.5288813937844
 20
547.4897839027933
 10
758.8826422835723
 20
549.4891933230381
 10
761.5179625616049
 20
551.3678893105542
 10
763.6624321473957
 20
552.6864144583037
  0
LWPOLYLINE
  5
441
330
17
100
AcDbEntity
  8
0
  6
Continuous
 62
7
370
25
100
AcDbPolyline
 90
39
 70
128
 10
834.3845999388598
 20
552.6864144583037
 10
835.828370399115
 20
551.8171376203578
 10
838.5312666619127
 20
549.9707141613892
 10
840.9570444403995
 20
548.0001997469835
 10
843.0886886463777
 20
545.9194161199448
 10
844.9112473273273
 20
543.742958482376
 10
846.4119365436072
 20
541.4860931208217
 10
847.5802300386097
 20
539.164650324238
 10
848.4079330728849
 20
536.7949133458885
 10
848.889239904351
 20
534.3935041880225
 10
849.0207745114035
 20
531.9772670104722
 10
848.801614273282
 20
529.5631499809748
 10
848.23329644159
 20
527.1680863959507
 10
847.3198073575813
 20
524.8088759055985
 10
846.067554490839
 20
522.5020666764175
 10
844.4853214954812
 20
520.2638393177102
 10
842.5842065991369
 20
518.109893386234
 10
840.3775447568555
 20
516.05533726509
 10
837.8808141159764
 20
514.1145821892715
 10
835.1115274480455
 20
512.3012411612048
 10
832.08910930931
 20
510.62803346531825
 10
828.8347597914083
 20
509.1066954514
 10
825.3713058179612
 20
507.74789821253825
 10
821.7230410301045
 20
506.56117273506874
 10
817.9155553840508
 20
505.5548430455553
 10
813.9755556559315
 20
504.7359678237228
 10
809.9306781129542
 20
504.11029089089095
 10
805.8092946648422
 20
503.682200921196
 10
801.6403138552743
 20
503.4547006581928
 10
797.4529780892208
 20
503.4293858527675
 10
793.2766585184838
 20
503.6064340700915
 10
789.1406490241708
 20
503.98460344412956
 10
785.0739607411657
 20
504.561241388437
 10
781.1051185658623
 20
505.33230320214795
 10
777.2619610745107
 20
506.29238044064675
 10
773.5714452556085
 20
507.43473885192003
 10
770.0594574259933
 20
508.7513656124955
 10
766.7506316569295
 20
510.23302553164297
 10
763.6681769838002
 20
511.86932582960094
  0
LWPOLYLINE
  5
442
330
17
100
AcDbEntity
  8
0
  6
Continuous
 62
7
370
25
100
AcDbPolyline
 90
74
 70
128
 10
765.7894973273601
 20
515.5435604329922
 10
768.7694795810033
 20
513.9652966962921
 10
771.973452135656
 20
512.5407612726733
 10
775.3776938994953
 20
511.28050092401156
 10
778.9570010575404
 20
510.1938461770018
 10
782.6848736718832
 20
509.2888422432043
 10
786.5337118779547
 20
508.5721894551113
 10
790.4750202242669
 20
508.0491936592315
 10
794.4796186427668
 20
507.7237269334572
 10
798.517858487849
 20
507.5981989195557
 10
802.5598420445565
 20
507.673538983023
 10
806.5756438808011
 20
507.94918933238847
 10
810.5355324047923
 20
508.42310914890754
 10
814.4101899873419
 20
509.0917896960678
 10
818.1709300193324
 20
509.9502802970493
 10
821.7899092973337
 20
510.9922249878017
 10
825.240334164941
 20
512.2099095743793
 10
828.4966588836318
 20
513.5943187461328
 10
831.5347747644771
 20
515.1352028219172
 10
834.3321886604381
 20
516.8211536351434
 10
836.8681894977577
 20
518.6396889958522
 10
839.124001613506
 20
520.5773451044828
 10
841.0829237640162
 20
522.6197762331328
 10
842.7304527750532
 20
524.7518609363092
 10
844.0543909182388
 20
526.9578140048212
 10
845.0449362187658
 20
529.2213033339443
 10
845.6947550257905
 20
531.5255708406107
 10
845.9990363082172
 20
533.8535565343934
 10
845.9555272738901
 20
536.1880248237064
 10
845.5645500484758
 20
538.5116921220942
 10
844.8289992905613
 20
540.807354809859
 10
843.7543207606113
 20
543.0580166036423
 10
842.3484710024645
 20
545.24701439096
 10
840.6218584358668
 20
547.3581415980583
 10
838.5872662961725
 20
549.3757681777138
 10
836.2597579917433
 20
551.2849563286362
 10
833.656565579741
 20
553.0715710897223
 10
830.7969621860075
 20
554.7223849903627
 10
827.702119313583
 20
556.225175982006
 10
824.3949500963042
 20
557.56881792593
 10
820.8999396579798
 20
558.7433629672812
 10
817.2429638330981
 20
559.7401151855105
 10
813.4510975912032
 20
560.551694975927
 10
809.552414583293
 20
561.1720936857095
 10
805.575779294329
 20
561.5967180998684
 10
801.5506333406883
 20
561.8224244478055
 10
797.5067774947368
 20
561.8475416786875
 10
793.4741510503375
 20
561.6718838333247
 10
789.482610162793
 20
561.296751420947
 10
785.5617068043172
 20
560.7249217906888
 10
781.740469971573
 20
559.9606285690664
 10
778.0471907651367
 20
559.0095303156905
 10
774.5092129320882
 20
557.8786686292685
 10
771.1527304224738
 20
556.5764160140735
 10
768.002593458465
 20
555.11241389285
 10
765.082124552007
 20
553.4975012250943
 10
762.4129458331013
 20
551.7436342591905
 10
760.0148189671193
 20
549.8637980125297
 10
757.9054988463454
 20
547.8719101349858
 10
756.1006021389685
 20
545.7827178675035
 10
754.6134916687317
 20
543.6116888586872
 10
753.4551774812626
 20
541.3748966477422
 10
752.6342353295462
 20
539.0889016616132
 10
752.1567431820523
 20
536.7706286073787
 10
752.0262362235808
 20
534.4372411676397
 10
752.2436806819917
 20
532.1060149266198
 10
752.807466674592
 20
529.7942094677825
 10
753.7134201271442
 20
527.5189405899163
 10
754.9548336772507
 20
525.2970535877457
 10
756.5225163333184
 20
523.1449985352655
 10
758.4048615214467
 20
521.0787084951462
 10
760.5879330164364
 20
519.1134815559135
 10
763.0555681207285
 20
517.2638675702531
 10
765.7894973273601
 20
515.5435604329922
  0
LWPOLYLINE
  5
443
330
17
100
AcDbEntity
  8
0
  6
Continuous
 62
7
370
25
100
AcDbPolyline
 90
30
 70
128
 10
763.6681769838002
 20
506.3168483087777
 10
766.7506316569302
 20
504.68054801081973
 10
770.059457425994
 20
503.198888091672
 10
773.571445255609
 20
501.8822613310965
 10
777.2619610745114
 20
500.73990291982346
 10
781.1051185658628
 20
499.7798256813247
 10
785.0739607411665
 20
499.00876386761377
 10
789.1406490241716
 20
498.4321259233065
 10
793.2766585184847
 20
498.0539565492685
 10
797.4529780892215
 20
497.87690833194455
 10
801.6403138552749
 20
497.9022231373698
 10
805.809294664843
 20
498.129723400373
 10
809.9306781129551
 20
498.55781337006806
 10
813.9755556559322
 20
499.1834903028997
 10
817.9155553840512
 20
500.00236552473245
 10
821.7230410301052
 20
501.008695214246
 10
825.3713058179618
 20
502.19542069171524
 10
828.8347597914087
 20
503.55421793057724
 10
832.0891093093105
 20
505.07555594449525
 10
835.1115274480462
 20
506.748763640382
 10
837.8808141159765
 20
508.5621046684488
 10
840.377544756856
 20
510.5028597442673
 10
842.5842065991376
 20
512.5574158654113
 10
844.4853214954815
 20
514.7113617968874
 10
846.0675544908393
 20
516.9495891555947
 10
847.3198073575813
 20
519.2563983847757
 10
848.23329644159
 20
521.615608875128
 10
848.801614273282
 20
524.010672460152
 10
849.0207745114035
 20
526.4247894896498
 10
849.0235160431278
 20
526.7270511043457
  0
LWPOLYLINE
  5
444
330
17
100
AcDbEntity
  8
0
  6
Continuous
 62
7
370
25
100
AcDbPolyline
 90
11
 70
128
 10
749.0235160431278
 20
526.7270511043453
 10
749.0481880248412
 20
525.820398842191
 10
749.3548777631079
 20
523.4094608722622
 10
750.0099573120417
 20
521.0217934141263
 10
751.0088317592807
 20
518.674144239465
 10
752.3444947182678
 20
516.3829804204555
 10
754.0075774730183
 20
514.1643728250888
 10
755.9864146929307
 20
512.0338833915793
 10
758.2671262567005
 20
510.0064559725482
 10
760.8337146113961
 20
508.096311514636
 10
763.6681769838002
 20
506.3168483087777
  0
ARC
  5
445
330
17
100
AcDbEntity
  8
0
  6
Continuous
 62
7
370
25
100
AcDbCircle
 10
801.5201671180745
 20
517.6986764238418
 30
0.0
 40
31.180762070034227
100
AcDbArc
 50
60.86485158449793
 51
77.96147875022592
  0
LWPOLYLINE
  5
446
330
17
100
AcDbEntity
  8
0
  6
Continuous
 62
7
370
25
100
AcDbPolyline
 90
46
 70
128
 10
790.0235160431278
 20
548.1936985754503
 10
789.285559203122
 20
548.0214710525
 10
786.6306138236266
 20
547.263288743
 10
784.149637625716
 20
546.3291546156113
 10
781.8774580768425
 20
545.2321818658347
 10
779.8459715971933
 20
543.9877695864833
 10
778.0836958038685
 20
542.6133865981735
 10
776.6153691860512
 20
541.128326225377
 10
775.4616038308436
 20
539.553435460435
 10
774.638596074748
 20
537.9108223174844
 10
774.1578991426045
 20
536.2235454843997
 10
774.0262609656397
 20
534.5152906293613
 10
774.2455294553042
 20
532.8100379059925
 10
774.8126265626452
 20
531.1317253245695
 10
775.7195914873682
 20
529.5039127148295
 10
776.9536924300212
 20
527.9494509976032
 10
778.4976053185522
 20
526.490161407979
 10
780.3296570003054
 20
525.1465291729925
 10
782.424129485575
 20
523.937415943945
 10
784.7516209718085
 20
522.8797950201634
 10
787.2794585804637
 20
521.988513081084
 10
789.9721570126032
 20
521.2760817714172
 10
792.7919166847078
 20
520.7525020650822
 10
795.69915435197
 20
520.4251238734549
 10
798.6530587702857
 20
520.2985428687243
 10
801.6121635966596
 20
520.3745359707273
 10
804.5349294857675
 20
520.6520364028908
 10
807.3803272113078
 20
521.127148667436
 10
810.1084136264028
 20
521.7932032296276
 10
812.6808923778237
 20
522.6408501434215
 10
815.061651502844
 20
523.6581903042135
 10
817.2172703620361
 20
524.8309424861832
 10
819.1174887917923
 20
526.1426438194001
 10
820.7356318906882
 20
527.5748808924302
 10
822.0489844766297
 20
529.1075482362716
 10
823.039109958214
 20
530.719130561064
 10
823.6921091440615
 20
532.3870047835995
 10
823.998815356995
 20
534.0877576058198
 10
823.9549231140929
 20
535.7975141861962
 10
823.561048566233
 20
537.4922732901736
 10
822.8227208486833
 20
539.1482442148892
 10
821.7503044641637
 20
540.7421807584938
 10
820.3588537879475
 20
542.2517075458665
 10
818.667901737431
 20
543.6556341298365
 10
816.7011855727915
 20
544.9342524586098
 10
816.7011855727915
 20
544.9342524586098
  0
LWPOLYLINE
  5
447
330
17
100
AcDbEntity
  8
0
  6
Continuous
 62
7
370
25
100
AcDbPolyline
 90
20
 70
128
 10
834.2431556032806
 20
506.23848465216804
 10
831.9568469362456
 20
504.9988537627573
 10
828.7155148164151
 20
503.4836011008947
 10
825.265914658862
 20
502.1302390509882
 10
821.6322429301567
 20
500.94826047542904
 10
817.839987226687
 20
499.9459561046735
 10
813.9157474974803
 20
499.130356383728
 10
809.8870494646749
 20
498.507182158628
 10
805.7821515503558
 20
498.0808045488118
 10
801.6298466640258
 20
497.85421428686027
 10
797.4592602410365
 20
497.82900074065674
 10
793.2996459485826
 20
498.0053407651118
 10
789.1801804922466
 20
498.3819974616535
 10
785.1297589623734
 20
498.95632885418354
 10
781.1767921557713
 20
499.7243064206398
 10
777.3490072943853
 20
500.68054335018473
 10
773.6732535387586
 20
501.8183323278125
 10
770.1753136604617
 20
503.1296925813457
 10
766.8797231944745
 20
504.6054258608167
 10
763.8095983400375
 20
506.235180957583
  0
LINE
  5
448
330
17
100
AcDbEntity
  8
0
  6
Continuous
 62
7
370
25
100
AcDbLine
 10
848.9509495930315
 20
482.63073223561173
 30
0.0
 11
876.8052619736487
 21
466.5507799696895
 31
0.0
  0
LINE
  5
449
330
17
100
AcDbEntity
  8
0
  6
Continuous
 62
7
370
25
100
AcDbLine
 10
910.746387470603
 20
474.71486108791674
 30
0.0
 11
849.023516043128
 21
510.34671631763354
 31
0.0
  0
LINE
  5
44A
330
17
100
AcDbEntity
  8
0
  6
Continuous
 62
7
370
25
100
AcDbLine
 10
900.139785752805
 20
468.59180024924626
 30
0.0
 11
910.746387470603
 21
474.71486108791674
 31
0.0
  0
LINE
  5
44B
330
17
100
AcDbEntity
  8
0
  6
Continuous
 62
7
370
25
100
AcDbLine
 10
900.139785752805
 20
468.59180024924626
 30
0.0
 11
890.2402908161932
 21
474.30665703200526
 31
0.0
  0
LINE
  5
44C
330
17
100
AcDbEntity
  8
0
  6
Continuous
 62
7
370
25
100
AcDbLine
 10
876.8052619736487
 20
466.5507799696895
 30
0.0
 11
890.2402908161932
 21
474.30665703200526
 31
0.0
  0
LINE
  5
44D
330
17
100
AcDbEntity
  8
0
  6
Continuous
 62
7
370
25
100
AcDbLine
 10
877.5123687548355
 20
465.32603510189244
 30
0.0
 11
876.0981551924625
 21
465.32603510189244
 31
0.0
  0
LINE
  5
44E
330
17
100
AcDbEntity
  8
0
  6
Continuous
 62
7
370
25
100
AcDbLine
 10
876.8052619736487
 20
466.5507799696895
 30
0.0
 11
876.0981551924625
 21
465.32603510189244
 31
0.0
  0
LINE
  5
44F
330
17
100
AcDbEntity
  8
0
  6
Continuous
 62
7
370
25
100
AcDbLine
 10
877.5123687548355
 20
465.32603510189244
 30
0.0
 11
876.8052619736487
 21
466.5507799696895
 31
0.0
  0
LINE
  5
450
330
17
100
AcDbEntity
  8
0
  6
Continuous
 62
7
370
25
100
AcDbLine
 10
877.5123687548355
 20
465.32603510189244
 30
0.0
 11
877.5123687548353
 21
448.4880561464148
 31
0.0
  0
LINE
  5
451
330
17
100
AcDbEntity
  8
0
  6
Continuous
 62
7
370
25
100
AcDbLine
 10
877.5123687548353
 20
431.4890910289213
 30
0.0
 11
877.5123687548347
 21
377.13962741823127
 31
0.0
  0
LINE
  5
452
330
17
100
AcDbEntity
  8
0
  6
Continuous
 62
7
370
25
100
AcDbLine
 10
877.5123687548347
 20
377.13962741823127
 30
0.0
 11
876.0981551924617
 21
377.13962741823127
 31
0.0
  0
LINE
  5
453
330
17
100
AcDbEntity
  8
0
  6
Continuous
 62
7
370
25
100
AcDbLine
 10
876.0981551924617
 20
377.13962741823127
 30
0.0
 11
876.098155192462
 21
430.80462531558175
 31
0.0
  0
LINE
  5
454
330
17
100
AcDbEntity
  8
0
  6
Continuous
 62
7
370
25
100
AcDbLine
 10
876.0981551924623
 20
449.30446425823754
 30
0.0
 11
876.0981551924625
 21
465.32603510189244
 31
0.0
  0
LINE
  5
455
330
17
100
AcDbEntity
  8
0
  6
Continuous
 62
7
370
25
100
AcDbLine
 10
876.0981551924625
 20
465.32603510189244
 30
0.0
 11
848.7406299136117
 21
481.11919827844224
 31
0.0
  0
LINE
  5
456
330
17
100
AcDbEntity
  8
0
  6
Continuous
 62
7
370
25
100
AcDbLine
 10
890.9473975973798
 20
473.08191216420823
 30
0.0
 11
877.5123687548355
 21
465.32603510189244
 31
0.0
  0
LINE
  5
457
330
17
100
AcDbEntity
  8
0
  6
Continuous
 62
7
370
25
100
AcDbLine
 10
890.2402908161932
 20
474.30665703200526
 30
0.0
 11
890.9473975973798
 21
473.08191216420823
 31
0.0
  0
LINE
  5
458
330
17
100
AcDbEntity
  8
0
  6
Continuous
 62
7
370
25
100
AcDbLine
 10
848.5657364022779
 20
393.0337544697975
 30
0.0
 11
876.0981551924617
 21
377.13962741823127
 31
0.0
  0
LINE
  5
459
330
17
100
AcDbEntity
  8
0
  6
Continuous
 62
7
370
25
100
AcDbLine
 10
890.9473975973798
 20
473.08191216420823
 30
0.0
 11
890.9473975973792
 21
384.89550448054723
 31
0.0
  0
LINE
  5
45A
330
17
100
AcDbEntity
  8
0
  6
Continuous
 62
7
370
25
100
AcDbLine
 10
877.5123687548347
 20
377.13962741823127
 30
0.0
 11
890.9473975973792
 21
384.89550448054723
 31
0.0
  0
LINE
  5
45B
330
17
100
AcDbEntity
  8
0
  6
Continuous
 62
7
370
25
100
AcDbLine
 10
890.9473975973792
 20
384.89550448054723
 30
0.0
 11
890.2402908161924
 21
384.4871677245727
 31
0.0
  0
ARC
  5
45C
330
17
100
AcDbEntity
  8
0
  6
Continuous
 62
7
370
25
100
AcDbCircle
 10
895.9992391519
 20
462.11877164895805
 30
0.0
 40
7.684024037860465
100
AcDbArc
 50
2.6054784856528546
 51
57.39452165997163
  0
LINE
  5
45D
330
17
100
AcDbEntity
  8
0
  6
Continuous
 62
7
370
25
100
AcDbLine
 10
903.675319658737
 20
380.8139947216858
 30
0.0
 11
903.6753196587379
 21
462.4680759102608
 31
0.0
  0
ARC
  5
45E
330
17
100
AcDbEntity
  8
0
  6
Continuous
 62
7
370
25
100
AcDbCircle
 10
901.5199478216043
 20
380.4643587371825
 30
0.0
 40
2.1835459871424407
100
AcDbArc
 50
-129.2032852357109
 51
9.214036990458933
  0
LINE
  5
45F
330
17
100
AcDbEntity
  8
0
  6
Continuous
 62
7
370
25
100
AcDbLine
 10
890.2402908161924
 20
384.4871677245727
 30
0.0
 11
900.1397857528045
 21
378.77231094181377
 31
0.0
  0
LWPOLYLINE
  5
460
330
17
100
AcDbEntity
  8
0
  6
Continuous
 62
7
370
25
100
AcDbPolyline
 90
18
 70
128
 10
894.6597081986092
 20
455.42456544484423
 10
894.7910188960022
 20
454.5375978434365
 10
895.167216750881
 20
453.618812027315
 10
895.7374941583595
 20
452.79229511211497
 10
896.424831994542
 20
452.16967278712303
 10
897.1364014759815
 20
451.835033647398
 10
897.7761012012668
 20
451.83357256305953
 10
898.2575361777995
 20
452.1654868616437
 10
898.515685944276
 20
452.7859496779263
 10
898.515685944276
 20
453.611164070465
 10
898.2575361777995
 20
454.52968026287647
 10
897.7761012012668
 20
455.4174475537018
 10
897.1364014759815
 20
456.15456805102673
 10
896.424831994542
 20
456.64148954716177
 10
895.7374941583595
 20
456.81245059592874
 10
895.167216750881
 20
456.64436196036377
 10
894.7910188960022
 20
456.1599249421113
 10
894.6597081986092
 20
455.42456544484423
  0
LWPOLYLINE
  5
461
330
17
100
AcDbEntity
  8
0
  6
Continuous
 62
7
370
25
100
AcDbPolyline
 90
18
 70
128
 10
894.6597081986088
 20
398.2667086128418
 10
894.7910188960018
 20
397.379741011434
 10
895.1672167508805
 20
396.4609551953125
 10
895.7374941583591
 20
395.6344382801127
 10
896.4248319945418
 20
395.0118159551205
 10
897.1364014759813
 20
394.67717681539546
 10
897.7761012012662
 20
394.67571573105704
 10
898.257536177799
 20
395.0076300296413
 10
898.5156859442754
 20
395.6280928459238
 10
898.5156859442754
 20
396.4533072384625
 10
898.257536177799
 20
397.371823430874
 10
897.7761012012662
 20
398.2595907216992
 10
897.136401475981
 20
398.99671121902423
 10
896.4248319945418
 20
399.4836327151592
 10
895.7374941583591
 20
399.65459376392624
 10
895.1672167508805
 20
399.4865051283613
 10
894.7910188960018
 20
399.0020681101088
 10
894.6597081986088
 20
398.2667086128418
  0
ARC
  5
462
330
17
100
AcDbEntity
  8
0
  6
Continuous
 62
7
370
25
100
AcDbCircle
 10
906.6058408696982
 20
468.24183248762847
 30
0.0
 40
7.684024037860312
100
AcDbArc
 50
2.6054784856529043
 51
57.3945216599734
  0
LINE
  5
463
330
17
100
AcDbEntity
  8
0
  6
Continuous
 62
7
370
25
100
AcDbLine
 10
914.2819213765358
 20
468.59113674893126
 30
0.0
 11
903.6753196587379
 21
462.4680759102608
 31
0.0
  0
LINE
  5
464
330
17
100
AcDbEntity
  8
0
  6
Continuous
 62
7
370
25
100
AcDbLine
 10
914.2819213765356
 20
386.93705556035604
 30
0.0
 11
914.2819213765358
 21
468.59113674893126
 31
0.0
  0
LINE
  5
465
330
17
100
AcDbEntity
  8
0
  6
Continuous
 62
7
370
25
100
AcDbLine
 10
903.675319658737
 20
380.8139947216858
 30
0.0
 11
914.2819213765356
 21
386.93705556035604
 31
0.0
  0
ARC
  5
466
330
17
100
AcDbEntity
  8
0
  6
Continuous
 62
7
370
25
100
AcDbCircle
 10
911.9034935965635
 20
386.6342354175645
 30
0.0
 40
2.397627732452142
100
AcDbArc
 50
-55.943649162899455
 51
7.2558295562727135
  0
LINE
  5
467
330
17
100
AcDbEntity
  8
0
  6
Continuous
 62
7
370
25
100
AcDbLine
 10
877.5123687548347
 20
377.13962741823127
 30
0.0
 11
876.8052619736483
 21
376.731290662257
 31
0.0
  0
LINE
  5
468
330
17
100
AcDbEntity
  8
0
  6
Continuous
 62
7
370
25
100
AcDbLine
 10
876.0981551924617
 20
377.13962741823127
 30
0.0
 11
876.8052619736483
 21
376.731290662257
 31
0.0
  0
LINE
  5
469
330
17
100
AcDbEntity
  8
0
  6
Continuous
 62
7
370
25
100
AcDbLine
 10
876.8052619736483
 20
376.731290662257
 30
0.0
 11
848.5657364022779
 21
393.0336217697345
 31
0.0
  0
LINE
  5
46A
330
17
100
AcDbEntity
  8
0
  6
Continuous
 62
7
370
25
100
AcDbLine
 10
890.2402908161924
 20
384.4871677245727
 30
0.0
 11
876.8052619736483
 21
376.731290662257
 31
0.0
  0
LWPOLYLINE
  5
46B
330
17
100
AcDbEntity
  8
0
  6
Continuous
 62
7
370
25
100
AcDbPolyline
 90
40
 70
128
 10
849.0163131835247
 20
526.237126617414
 10
848.9549927808565
 20
524.2365569081178
 10
848.5609080667
 20
521.8298555148335
 10
847.8193541400652
 20
519.4506314934458
 10
846.7355324689418
 20
517.1155733909943
 10
845.3170452836275
 20
514.8410599623307
 10
843.5738422525462
 20
512.6430452849218
 10
841.5181506924711
 20
510.53694685245773
 10
839.1643898026836
 20
508.53753743221296
 10
836.5290695246507
 20
506.6588414446967
 10
833.630674736648
 20
504.91403659242053
 10
830.4895355956198
 20
503.3153614277818
 10
827.1276849357342
 20
501.87402950841454
 10
823.5687037238847
 20
500.60015074213754
 10
819.8375556561477
 20
499.5026604732155
 10
815.9604120553922
 20
498.589256807339
 10
811.9644682982535
 20
497.86634661494503
 10
807.8777530591067
 20
497.3390005916225
 10
803.7289317090533
 20
497.0109176908275
 10
799.5471052489397
 20
496.88439917838224
 10
795.3616061867457
 20
496.96033249074776
 10
791.201792791116
 20
497.238185010296
 10
787.0968431641985
 20
497.71600780123896
 10
783.075550578224
 20
498.39044928001323
 10
779.1661215113885
 20
499.25677872423125
 10
775.3959777996748
 20
500.3089194552982
 10
771.7915642923763
 20
501.53949146194776
 10
768.3781633604788
 20
502.9398631657185
 10
765.1797175589945
 20
504.50021196527354
 10
762.2186616871408
 20
506.2095931348932
 10
759.5157654243429
 20
508.0560165938618
 10
757.0899876458564
 20
510.0265310082675
 10
754.9583434398779
 20
512.1073146353062
 10
753.1357847589286
 20
514.2837722728752
 10
751.6350955426482
 20
516.5406376344292
 10
750.4668020476457
 20
518.8620804310133
 10
749.639099013371
 20
521.2318174093627
 10
749.1577921819048
 20
523.6332265672287
 10
749.026257574852
 20
526.0494637447788
 10
749.030718902731
 20
526.2371266174138
  0
SPLINE
  5
46C
330
17
100
AcDbEntity
  8
0
  6
Continuous
 62
7
370
25
100
AcDbSpline
210
0.0
220
0.0
230
2.5
 70
8
 71
3
 72
17
 73
13
 74
0
 42
1e-08
 40
0.0
 40
0.0
 40
0.0
 40
0.0
 40
0.0995604821000448
 40
0.1991325246362994
 40
0.2985665299416621
 40
0.398017756045795
 40
0.5000484500647142
 40
0.602077082466775
 40
0.7064072860143558
 40
0.8107131406001615
 40
0.912087923983845
 40
0.9999999999999999
 40
0.9999999999999999
 40
0.9999999999999999
 40
0.9999999999999999
 10
834.3788551024552
 20
475.533259700685
 30
0.0
 10
834.9520025784255
 20
475.8414195421118
 30
0.0
 10
836.0983640812168
 20
476.4577750068548
 30
0.0
 10
837.6637520307737
 20
477.00196063028324
 30
0.0
 10
839.0635503759304
 20
477.23407434761975
 30
0.0
 10
840.2884416807705
 20
477.128956313056
 30
0.0
 10
841.3165914427477
 20
476.66618475841625
 30
0.0
 10
842.1516604951021
 20
475.83940784857924
 30
0.0
 10
842.7744280039782
 20
474.63735066801496
 30
0.0
 10
843.1773429063235
 20
473.0905864898912
 30
0.0
 10
843.3745889127792
 20
471.3421178325635
 30
0.0
 10
843.3411536368545
 20
470.028148866173
 30
0.0
 10
843.3256250125852
 20
469.4178912919153
 30
0.0
  0
SPLINE
  5
46D
330
17
100
AcDbEntity
  8
0
  6
Continuous
 62
7
370
25
100
AcDbSpline
210
0.0
220
0.0
230
2.5
 70
8
 71
3
 72
26
 73
22
 74
0
 42
1e-08
 40
0.0
 40
0.0
 40
0.0
 40
0.0
 40
0.0227051050099135
 40
0.0758070802017122
 40
0.1289183762828231
 40
0.183261671417207
 40
0.2376099639143893
 40
0.2939397864967608
 40
0.3502605101179259
 40
0.4063137360222868
 40
0.4623560902264923
 40
0.5160560307289949
 40
0.5697608633662012
 40
0.6227963228586139
 40
0.6758418606073412
 40
0.7308266691439067
 40
0.7858122895537268
 40
0.8424040005553451
 40
0.8989842285636148
 40
0.9494943905447616
 40
1.0
 40
1.0
 40
1.0
 40
1.0
 10
833.1577439403848
 20
450.48661834483096
 30
0.0
 10
832.908286119866
 20
450.37078045772296
 30
0.0
 10
832.075404307659
 20
449.98402461604996
 30
0.0
 10
830.6201543124724
 20
449.74721183680623
 30
0.0
 10
828.8538102551129
 20
449.750169999965
 30
0.0
 10
827.1665544171555
 20
450.174180336395
 30
0.0
 10
825.6034729106703
 20
450.9693503695565
 30
0.0
 10
824.2504625700271
 20
452.1369702442013
 30
0.0
 10
823.1698015389168
 20
453.6318805218617
 30
0.0
 10
822.4453288220087
 20
455.3997434543325
 30
0.0
 10
822.1025364398611
 20
457.3442883841283
 30
0.0
 10
822.1626690822727
 20
459.40169067117176
 30
0.0
 10
822.580951277218
 20
461.4946179748217
 30
0.0
 10
823.3475479578885
 20
463.5973327327473
 30
0.0
 10
824.4173584296708
 20
465.68963658087296
 30
0.0
 10
825.7698443337995
 20
467.736024612233
 30
0.0
 10
827.364628139963
 20
469.71666630378473
 30
0.0
 10
829.13736655231
 20
471.56310173856497
 30
0.0
 10
830.9516747424625
 20
473.1684593803163
 30
0.0
 10
832.724231017077
 20
474.51857416508096
 30
0.0
 10
833.8273303119629
 20
475.19504135104
 30
0.0
 10
834.3788551024552
 20
475.533259700685
 30
0.0
  0
LWPOLYLINE
  5
46E
330
17
100
AcDbEntity
  8
0
  6
Continuous
 62
7
370
25
100
AcDbPolyline
 90
39
 70
128
 10
749.0235160431282
 20
384.4856416738475
 10
749.1577921819053
 20
382.3716661109935
 10
749.6390990133712
 20
379.9702569531275
 10
750.4668020476465
 20
377.60051997477774
 10
751.6350955426491
 20
375.27907717819403
 10
753.1357847589293
 20
373.02221181664004
 10
754.9583434398788
 20
370.845754179071
 10
757.0899876458573
 20
368.76497055203225
 10
759.5157654243438
 20
366.7944561376265
 10
762.2186616871418
 20
364.94803267865825
 10
765.1797175589955
 20
363.2386515090383
 10
768.3781633604794
 20
361.6783027094832
 10
771.791564292377
 20
360.27793100571273
 10
775.3959777996758
 20
359.047358999063
 10
779.1661215113895
 20
357.995218267996
 10
783.0755505782249
 20
357.12888882377825
 10
787.0968431641995
 20
356.4544473450037
 10
791.201792791117
 20
355.976624554061
 10
795.3616061867469
 20
355.6987720345128
 10
799.547105248941
 20
355.62283872214726
 10
803.7289317090546
 20
355.74935723459276
 10
807.8777530591077
 20
356.0774401353875
 10
811.9644682982548
 20
356.60478615871
 10
815.9604120553932
 20
357.32769635110424
 10
819.8375556561487
 20
358.24110001698074
 10
823.5687037238857
 20
359.3385902859028
 10
827.1276849357353
 20
360.61246905218
 10
830.4895355956207
 20
362.0538009715472
 10
833.630674736649
 20
363.6524761361858
 10
836.5290695246515
 20
365.3972809884623
 10
839.1643898026846
 20
367.2759769759785
 10
841.5181506924717
 20
369.27538639622327
 10
843.573842252547
 20
371.38148482868723
 10
845.3170452836282
 20
373.5794995060962
 10
846.7355324689424
 20
375.85401293475974
 10
847.819354140066
 20
378.18907103721125
 10
848.5609080667008
 20
380.568295058599
 10
848.9549927808572
 20
382.97499645188304
 10
849.0235160431282
 20
384.48564167384774
  0
LWPOLYLINE
  5
46F
330
17
100
AcDbEntity
  8
0
  6
Continuous
 62
7
370
25
100
AcDbPolyline
 90
3
 70
128
 10
848.5657364022778
 20
480.2883303799555
 10
848.9566793808101
 20
482.69332398368755
 10
849.023516043128
 20
484.185274805098
  0
LINE
  5
470
330
17
100
AcDbEntity
  8
0
  6
Continuous
 62
7
370
25
100
AcDbLine
 10
848.5657364022779
 20
389.48899209826004
 30
0.0
 11
848.5657364022778
 21
434.29354008419176
 31
0.0
  0
LINE
  5
471
330
17
100
AcDbEntity
  8
0
  6
Continuous
 62
7
370
25
100
AcDbLine
 10
848.5657364022778
 20
471.4285585795625
 30
0.0
 11
848.5657364022778
 21
480.2883303799555
 31
0.0
  0
LWPOLYLINE
  5
472
330
17
100
AcDbEntity
  8
0
  6
Continuous
 62
7
370
25
100
AcDbPolyline
 90
3
 70
128
 10
849.0123443941957
 20
392.775800463881
 10
848.9566793808102
 20
391.89398570199205
 10
848.5657364022779
 20
389.48899209826004
  0
LWPOLYLINE
  5
473
330
17
100
AcDbEntity
  8
0
  6
Continuous
 62
7
370
25
100
AcDbPolyline
 90
8
 70
128
 10
840.2608375522307
 20
477.167579092147
 10
840.692889493497
 20
476.8045031643477
 10
841.5755643085145
 20
475.74010957690655
 10
842.2398324084845
 20
474.41248610652224
 10
842.6701239121512
 20
472.8527511220995
 10
842.8563531513668
 20
471.0974634897033
 10
842.794155070605
 20
469.1877656637237
 10
842.7865951402321
 20
469.1097402337885
  0
LWPOLYLINE
  5
474
330
17
100
AcDbEntity
  8
0
  6
Continuous
 62
7
370
25
100
AcDbPolyline
 90
8
 70
128
 10
833.1675888984075
 20
452.83217772532225
 10
833.0694621955275
 20
452.76630164037397
 10
831.4456073222639
 20
451.8288701758288
 10
829.8407833399573
 20
451.1886680136755
 10
828.292605962567
 20
450.8607009499843
 10
826.837363155645
 20
450.8526562547565
 10
825.5091645771785
 20
451.1647224888298
 10
825.0996706390696
 20
451.339056825658
  0
LWPOLYLINE
  5
475
330
17
100
AcDbEntity
  8
0
  6
Continuous
 62
7
370
25
100
AcDbPolyline
 90
21
 70
128
 10
833.6773782609457
 20
363.67035274548977
 10
832.1700164265343
 20
362.836215706305
 10
828.9901697987137
 20
361.2884993355583
 10
825.5944127438997
 20
359.9020357116598
 10
822.0072117694862
 20
358.6868143367897
 10
818.2544127406941
 20
357.6515909088017
 10
814.363054660521
 20
356.80382423621603
 10
810.3611748531047
 20
356.14962249733526
 10
806.2776069541608
 20
355.69369923067904
 10
802.1417731639758
 20
355.43933937383076
 10
797.9834722597802
 20
355.38837559538825
 10
793.8326648948765
 20
355.54117509054254
 10
789.719257731444
 20
355.89663693543
 10
785.6728879623538
 20
356.4522000193125
 10
781.7227097745142
 20
357.20386149744024
 10
777.8971842922873
 20
358.14620563163896
 10
774.2238745144336
 20
359.2724428108278
 10
770.729246722077
 20
360.5744584703233
 10
767.4384797885402
 20
362.042871557463
 10
764.3752837649872
 20
363.6671021223057
 10
764.3696538253109
 20
363.6703527454895
  0
LWPOLYLINE
  5
476
330
17
100
AcDbEntity
  8
0
  6
Continuous
 62
7
370
25
100
AcDbPolyline
 90
11
 70
128
 10
814.854991495079
 20
542.1992720139975
 10
814.8537229628458
 20
542.1510578853297
 10
814.637936939767
 20
541.5810921869338
 10
814.0800625988483
 20
541.0946150996356
 10
813.2554439611182
 20
540.757328049737
 10
812.2754503429728
 20
540.6147835222989
 10
811.2724353128738
 20
540.686232945619
 10
810.381861608535
 20
540.9620266791622
 10
809.724006143566
 20
541.404917250988
 10
809.3877159438142
 20
541.9550898352303
 10
809.354991495079
 20
542.1992720139973
  0
LWPOLYLINE
  5
477
330
17
100
AcDbEntity
  8
0
  6
Continuous
 62
7
370
25
100
AcDbPolyline
 90
18
 70
128
 10
814.603976258142
 20
542.789979680883
 10
814.1166816853889
 20
543.2767436466935
 10
813.3576972052748
 20
543.6290169341572
 10
812.4295278775162
 20
543.7992230837888
 10
811.4575281129914
 20
543.7643748119355
 10
810.5729718659363
 20
543.5291785708123
 10
809.8953233590105
 20
543.1253989160498
 10
809.5161027780545
 20
542.607568527444
 10
809.4865259638606
 20
542.0456232683738
 10
809.8105874290758
 20
541.5154569599225
 10
810.4445208771368
 20
541.0886714997995
 10
811.3027100831357
 20
540.822906629294
 10
812.2692518394131
 20
540.7540553668223
 10
813.2136093259895
 20
540.8914164568988
 10
814.0082418314382
 20
541.2164385231645
 10
814.5458298326876
 20
541.685225534561
 10
814.7537690912908
 20
542.2344652075608
 10
814.603976258142
 20
542.789979680883
  0
LINE
  5
478
330
17
100
AcDbEntity
  8
0
  6
Continuous
 62
7
370
25
100
AcDbLine
 10
813.0436122565754
 20
542.9139252697065
 30
0.0
 11
813.5239035289247
 21
542.128166152455
 31
0.0
  0
LINE
  5
479
330
17
100
AcDbEntity
  8
0
  6
Continuous
 62
7
370
25
100
AcDbLine
 10
811.6247002227296
 20
543.0666852124373
 30
0.0
 11
813.0436122565754
 21
542.9139252697065
 31
0.0
  0
LINE
  5
47A
330
17
100
AcDbEntity
  8
0
  6
Continuous
 62
7
370
25
100
AcDbLine
 10
810.6860794612329
 20
542.4336860379167
 30
0.0
 11
811.6247002227296
 21
543.0666852124373
 31
0.0
  0
LINE
  5
47B
330
17
100
AcDbEntity
  8
0
  6
Continuous
 62
7
370
25
100
AcDbLine
 10
811.1663707335822
 20
541.6479269206654
 30
0.0
 11
810.6860794612329
 21
542.4336860379167
 31
0.0
  0
LINE
  5
47C
330
17
100
AcDbEntity
  8
0
  6
Continuous
 62
7
370
25
100
AcDbLine
 10
812.5852827674282
 20
541.4951669779346
 30
0.0
 11
811.1663707335822
 21
541.6479269206654
 31
0.0
  0
LINE
  5
47D
330
17
100
AcDbEntity
  8
0
  6
Continuous
 62
7
370
25
100
AcDbLine
 10
813.5239035289247
 20
542.128166152455
 30
0.0
 11
812.5852827674282
 21
541.4951669779346
 31
0.0
  0
ARC
  5
47E
330
17
100
AcDbEntity
  8
0
  6
Continuous
 62
7
370
25
100
AcDbCircle
 10
812.0904091913063
 20
540.1119868731346
 30
0.0
 40
1.8330931518231706
100
AcDbArc
 50
82.35872827672165
 51
120.66898401863432
  0
ARC
  5
47F
330
17
100
AcDbEntity
  8
0
  6
Continuous
 62
7
370
25
100
AcDbCircle
 10
812.1786783919238
 20
540.2349386340258
 30
0.0
 40
1.700984154116475
100
AcDbArc
 50
62.71989590687961
 51
84.75557973355897
  0
LINE
  5
480
330
17
100
AcDbEntity
  8
0
  6
Continuous
 62
7
370
25
100
AcDbLine
 10
813.0436122565754
 20
541.852422214255
 30
0.0
 11
813.0436122565754
 21
542.9139252697065
 31
0.0
  0
LINE
  5
481
330
17
100
AcDbEntity
  8
0
  6
Continuous
 62
7
370
25
100
AcDbLine
 10
813.0436122565754
 20
541.852422214255
 30
0.0
 11
813.0644576165853
 21
541.8183190926222
 31
0.0
  0
LINE
  5
482
330
17
100
AcDbEntity
  8
0
  6
Continuous
 62
7
370
25
100
AcDbLine
 10
811.6247002227296
 20
542.0051821569857
 30
0.0
 11
811.6247002227296
 21
543.0666852124373
 31
0.0
  0
LINE
  5
483
330
17
100
AcDbEntity
  8
0
  6
Continuous
 62
7
370
25
100
AcDbLine
 10
811.1553898419816
 20
541.6886825697258
 30
0.0
 11
811.6247002227296
 21
542.0051821569857
 31
0.0
  0
LINE
  5
484
330
17
100
AcDbEntity
  8
0
  6
Continuous
 62
7
370
25
100
AcDbLine
 10
811.1455253735726
 20
541.682030042298
 30
0.0
 11
811.1553898419816
 21
541.6886825697258
 31
0.0
  0
LINE
  5
485
330
17
100
AcDbEntity
  8
0
  6
Continuous
 62
7
370
25
100
AcDbLine
 10
812.3341562396527
 20
541.9288021856205
 30
0.0
 11
813.0436122565754
 21
541.852422214255
 31
0.0
  0
LINE
  5
486
330
17
100
AcDbEntity
  8
0
  6
Continuous
 62
7
370
25
100
AcDbLine
 10
811.6247002227296
 20
542.0051821569857
 30
0.0
 11
812.3341562396527
 21
541.9288021856205
 31
0.0
  0
LINE
  5
487
330
17
100
AcDbEntity
  8
0
  6
Continuous
 62
7
370
25
100
AcDbLine
 10
783.3487545163
 20
526.5674587903085
 30
0.0
 11
783.1920405911768
 21
527.0957219452772
 31
0.0
  0
LWPOLYLINE
  5
488
330
17
100
AcDbEntity
  8
0
  6
Continuous
 62
7
370
25
100
AcDbPolyline
 90
9
 70
128
 10
788.6920405911768
 20
527.0957219452772
 10
788.6286232220514
 20
526.7567533834997
 10
788.2350924304933
 20
526.219382225513
 10
787.5318722817965
 20
525.8003656026463
 10
786.6139365537202
 20
525.5562940316689
 10
785.6052575527985
 20
525.5201307306893
 10
784.6420629673888
 20
525.6967597538917
 10
783.8544375634965
 20
526.062326372958
 10
783.3487545163
 20
526.5674587903085
  0
LWPOLYLINE
  5
489
330
17
100
AcDbEntity
  8
0
  6
Continuous
 62
7
370
25
100
AcDbPolyline
 90
18
 70
128
 10
783.4430558281138
 20
526.6683224407687
 10
783.9303504008667
 20
526.1815584749583
 10
784.6893348809813
 20
525.8292851874943
 10
785.6175042087395
 20
525.6590790378627
 10
786.5895039732642
 20
525.693927309716
 10
787.4740602203195
 20
525.9291235508396
 10
788.1517087272452
 20
526.332903205602
 10
788.5309293082013
 20
526.8507335942078
 10
788.5605061223955
 20
527.4126788532777
 10
788.2364446571801
 20
527.9428451617292
 10
787.6025112091193
 20
528.3696306218523
 10
786.74432200312
 20
528.6353954923575
 10
785.7777802468431
 20
528.7042467548295
 10
784.8334227602662
 20
528.5668856647533
 10
784.0387902548175
 20
528.2418635984873
 10
783.5012022535682
 20
527.7730765870908
 10
783.2932629949653
 20
527.223836914091
 10
783.4430558281138
 20
526.6683224407687
  0
LINE
  5
48A
330
17
100
AcDbEntity
  8
0
  6
Continuous
 62
7
370
25
100
AcDbLine
 10
785.00341982968
 20
526.5443768519452
 30
0.0
 11
784.523128557331
 21
527.3301359691965
 31
0.0
  0
LINE
  5
48B
330
17
100
AcDbEntity
  8
0
  6
Continuous
 62
7
370
25
100
AcDbLine
 10
786.4223318635263
 20
526.3916169092142
 30
0.0
 11
785.00341982968
 21
526.5443768519452
 31
0.0
  0
LINE
  5
48C
330
17
100
AcDbEntity
  8
0
  6
Continuous
 62
7
370
25
100
AcDbLine
 10
787.3609526250227
 20
527.0246160837347
 30
0.0
 11
786.4223318635263
 21
526.3916169092142
 31
0.0
  0
LINE
  5
48D
330
17
100
AcDbEntity
  8
0
  6
Continuous
 62
7
370
25
100
AcDbLine
 10
786.8806613526732
 20
527.8103752009862
 30
0.0
 11
787.3609526250227
 21
527.0246160837347
 31
0.0
  0
LINE
  5
48E
330
17
100
AcDbEntity
  8
0
  6
Continuous
 62
7
370
25
100
AcDbLine
 10
785.4617493188275
 20
527.9631351437173
 30
0.0
 11
786.8806613526732
 21
527.8103752009862
 31
0.0
  0
LINE
  5
48F
330
17
100
AcDbEntity
  8
0
  6
Continuous
 62
7
370
25
100
AcDbLine
 10
784.523128557331
 20
527.3301359691965
 30
0.0
 11
785.4617493188275
 21
527.9631351437173
 31
0.0
  0
ARC
  5
490
330
17
100
AcDbEntity
  8
0
  6
Continuous
 62
7
370
25
100
AcDbCircle
 10
785.9274582874037
 20
525.0084368044157
 30
0.0
 40
1.8330931518216589
100
AcDbArc
 50
82.35872827670637
 51
120.66898401865159
  0
ARC
  5
491
330
17
100
AcDbEntity
  8
0
  6
Continuous
 62
7
370
25
100
AcDbCircle
 10
786.0157274880232
 20
525.1313885653097
 30
0.0
 40
1.7009841541120867
100
AcDbArc
 50
62.71989590686815
 51
84.75557973359828
  0
LINE
  5
492
330
17
100
AcDbEntity
  8
0
  6
Continuous
 62
7
370
25
100
AcDbLine
 10
786.8806613526732
 20
526.7488721455347
 30
0.0
 11
786.8806613526732
 21
527.8103752009862
 31
0.0
  0
LINE
  5
493
330
17
100
AcDbEntity
  8
0
  6
Continuous
 62
7
370
25
100
AcDbLine
 10
786.8806613526732
 20
526.7488721455347
 30
0.0
 11
786.9015067126833
 21
526.7147690239019
 31
0.0
  0
LINE
  5
494
330
17
100
AcDbEntity
  8
0
  6
Continuous
 62
7
370
25
100
AcDbLine
 10
785.4617493188275
 20
526.9016320882657
 30
0.0
 11
785.4617493188275
 21
527.9631351437173
 31
0.0
  0
LINE
  5
495
330
17
100
AcDbEntity
  8
0
  6
Continuous
 62
7
370
25
100
AcDbLine
 10
784.9924389380793
 20
526.5851325010054
 30
0.0
 11
785.4617493188275
 21
526.9016320882657
 31
0.0
  0
LINE
  5
496
330
17
100
AcDbEntity
  8
0
  6
Continuous
 62
7
370
25
100
AcDbLine
 10
784.9825744696705
 20
526.5784799735779
 30
0.0
 11
784.9924389380793
 21
526.5851325010054
 31
0.0
  0
LINE
  5
497
330
17
100
AcDbEntity
  8
0
  6
Continuous
 62
7
370
25
100
AcDbLine
 10
786.1712053357505
 20
526.8252521169003
 30
0.0
 11
786.8806613526732
 21
526.7488721455347
 31
0.0
  0
LINE
  5
498
330
17
100
AcDbEntity
  8
0
  6
Continuous
 62
7
370
25
100
AcDbLine
 10
785.4617493188275
 20
526.9016320882657
 30
0.0
 11
786.1712053357505
 21
526.8252521169003
 31
0.0
  0
LWPOLYLINE
  5
499
330
17
100
AcDbEntity
  8
0
  6
Continuous
 62
7
370
25
100
AcDbPolyline
 90
7
 70
128
 10
813.0200692698338
 20
525.5986497603283
 10
812.0214731251945
 20
525.5089130451124
 10
811.0341565991994
 20
525.6334836646757
 10
810.191462259594
 20
525.955537666576
 10
809.607200646472
 20
526.4315798732943
 10
809.3602795281914
 20
526.997318146972
 10
809.354991495079
 20
527.0957219452772
  0
LWPOLYLINE
  5
49A
330
17
100
AcDbEntity
  8
0
  6
Continuous
 62
7
370
25
100
AcDbPolyline
 90
5
 70
128
 10
814.854991495079
 20
527.0957219452772
 10
814.8342912560178
 20
526.9013012355824
 10
814.5283276619471
 20
526.3452608370783
 10
813.8950790903712
 20
525.8905743696847
 10
813.0200692698338
 20
525.5986497603283
  0
LWPOLYLINE
  5
49B
330
17
100
AcDbEntity
  8
0
  6
Continuous
 62
7
370
25
100
AcDbPolyline
 90
18
 70
128
 10
812.9867937143879
 20
525.7347428300604
 10
813.8299849959969
 20
526.0160519990767
 10
814.4402063467883
 20
526.4542044131106
 10
814.7350439919835
 20
526.99002516076
 10
814.674678473848
 20
527.5511486809703
 10
814.2672624901027
 20
528.0617921330438
 10
813.5678198269222
 20
528.4529902892052
 10
812.6708140917149
 20
528.671909670761
 10
811.6973908795002
 20
528.688984002158
 10
810.7790163890126
 20
528.5019073003288
 10
810.0397221840809
 20
528.1359453104831
 10
809.5793540436521
 20
527.6405232272152
 10
809.4600872360785
 20
527.082550548099
 10
809.6980294046033
 20
526.5373845752823
 10
810.2610451408843
 20
526.078652994263
 10
811.0730960499587
 20
525.768310046977
 10
812.0245101568266
 20
525.6482692681252
 10
812.9867937143879
 20
525.7347428300604
  0
LINE
  5
49C
330
17
100
AcDbEntity
  8
0
  6
Continuous
 62
7
370
25
100
AcDbLine
 10
813.2014970351565
 20
526.6355217945455
 30
0.0
 11
811.8403748411423
 21
526.3582555447963
 31
0.0
  0
LINE
  5
49D
330
17
100
AcDbEntity
  8
0
  6
Continuous
 62
7
370
25
100
AcDbLine
 10
813.4661136890932
 20
527.4546422762149
 30
0.0
 11
813.2014970351565
 21
526.6355217945455
 31
0.0
  0
LINE
  5
49E
330
17
100
AcDbEntity
  8
0
  6
Continuous
 62
7
370
25
100
AcDbLine
 10
812.3696081490158
 20
527.9964965081355
 30
0.0
 11
813.4661136890932
 21
527.4546422762149
 31
0.0
  0
LINE
  5
49F
330
17
100
AcDbEntity
  8
0
  6
Continuous
 62
7
370
25
100
AcDbLine
 10
811.0084859550016
 20
527.7192302583862
 30
0.0
 11
812.3696081490158
 21
527.9964965081355
 31
0.0
  0
LINE
  5
4A0
330
17
100
AcDbEntity
  8
0
  6
Continuous
 62
7
370
25
100
AcDbLine
 10
810.7438693010646
 20
526.9001097767168
 30
0.0
 11
811.0084859550016
 21
527.7192302583862
 31
0.0
  0
LINE
  5
4A1
330
17
100
AcDbEntity
  8
0
  6
Continuous
 62
7
370
25
100
AcDbLine
 10
811.8403748411423
 20
526.3582555447963
 30
0.0
 11
810.7438693010646
 21
526.9001097767168
 31
0.0
  0
ARC
  5
4A2
330
17
100
AcDbEntity
  8
0
  6
Continuous
 62
7
370
25
100
AcDbCircle
 10
811.983054424711
 20
525.255242785308
 30
0.0
 40
1.5689116020379679
100
AcDbArc
 50
100.8008422399312
 51
117.5463237002742
  0
ARC
  5
4A3
330
17
100
AcDbEntity
  8
0
  6
Continuous
 62
7
370
25
100
AcDbCircle
 10
812.1015105341933
 20
524.8544598583005
 30
0.0
 40
1.985221286812965
100
AcDbArc
 50
65.71889348368609
 51
101.9915250797479
  0
LINE
  5
4A4
330
17
100
AcDbEntity
  8
0
  6
Continuous
 62
7
370
25
100
AcDbLine
 10
813.0307624662053
 20
526.6007424530258
 30
0.0
 11
812.9178609190548
 21
526.6640663367237
 31
0.0
  0
LINE
  5
4A5
330
17
100
AcDbEntity
  8
0
  6
Continuous
 62
7
370
25
100
AcDbLine
 10
811.9664626681083
 20
526.383940159356
 30
0.0
 11
811.8183233937265
 21
526.3691525896952
 31
0.0
  0
LINE
  5
4A6
330
17
100
AcDbEntity
  8
0
  6
Continuous
 62
7
370
25
100
AcDbLine
 10
811.0084859550016
 20
526.7693455912824
 30
0.0
 11
811.0084859550016
 21
527.7192302583862
 31
0.0
  0
LINE
  5
4A7
330
17
100
AcDbEntity
  8
0
  6
Continuous
 62
7
370
25
100
AcDbLine
 10
812.3696081490158
 20
526.9349934526838
 30
0.0
 11
812.3696081490158
 21
527.9964965081355
 31
0.0
  0
LINE
  5
4A8
330
17
100
AcDbEntity
  8
0
  6
Continuous
 62
7
370
25
100
AcDbLine
 10
812.9178609190548
 20
526.6640663367237
 30
0.0
 11
813.0415552328495
 21
526.6029409844617
 31
0.0
  0
LINE
  5
4A9
330
17
100
AcDbEntity
  8
0
  6
Continuous
 62
7
370
25
100
AcDbLine
 10
812.3696081490158
 20
526.9349934526838
 30
0.0
 11
812.9178609190548
 21
526.6640663367237
 31
0.0
  0
LINE
  5
4AA
330
17
100
AcDbEntity
  8
0
  6
Continuous
 62
7
370
25
100
AcDbLine
 10
811.6890470520084
 20
526.7963603278092
 30
0.0
 11
812.3696081490158
 21
526.9349934526838
 31
0.0
  0
LINE
  5
4AB
330
17
100
AcDbEntity
  8
0
  6
Continuous
 62
7
370
25
100
AcDbLine
 10
811.1684277573083
 20
526.6903080130182
 30
0.0
 11
811.6890470520084
 21
526.7963603278092
 31
0.0
  0
LWPOLYLINE
  5
4AC
330
17
100
AcDbEntity
  8
0
  6
Continuous
 62
7
370
25
100
AcDbPolyline
 90
10
 70
128
 10
788.6920405911768
 20
542.1992720139973
 10
788.5629851162423
 20
541.7186475603895
 10
788.0852445931557
 20
541.204530304168
 10
787.3180524936982
 20
540.8247584279133
 10
786.3650223620602
 20
540.6306222279018
 10
785.3548661984412
 20
540.648340873691
 10
784.4240111902072
 20
540.8755213639847
 10
783.698174464265
 20
541.2814817147183
 10
783.275384292454
 20
541.811394731021
 10
783.1920405911765
 20
542.1992720139973
  0
LWPOLYLINE
  5
4AD
330
17
100
AcDbEntity
  8
0
  6
Continuous
 62
7
370
25
100
AcDbPolyline
 90
18
 70
128
 10
785.0602383718674
 20
543.7235592915913
 10
784.2170470902585
 20
543.442250122575
 10
783.6068257394675
 20
543.0040977085413
 10
783.311988094272
 20
542.4682769608914
 10
783.3723536124074
 20
541.9071534406816
 10
783.7797695961528
 20
541.3965099886077
 10
784.4792122593333
 20
541.0053118324465
 10
785.3762179945408
 20
540.7863924508907
 10
786.3496412067552
 20
540.7693181194937
 10
787.2680156972431
 20
540.956394821323
 10
788.0073099021745
 20
541.3223568111686
 10
788.4676780426038
 20
541.8177788944365
 10
788.5869448501772
 20
542.3757515735527
 10
788.3490026816523
 20
542.9209175463695
 10
787.7859869453712
 20
543.3796491273888
 10
786.9739360362968
 20
543.6899920746746
 10
786.0225219294286
 20
543.8100328535263
 10
785.0602383718674
 20
543.7235592915913
  0
LINE
  5
4AE
330
17
100
AcDbEntity
  8
0
  6
Continuous
 62
7
370
25
100
AcDbLine
 10
784.8455350510993
 20
542.8227803271062
 30
0.0
 11
786.2066572451135
 21
543.1000465768552
 31
0.0
  0
LINE
  5
4AF
330
17
100
AcDbEntity
  8
0
  6
Continuous
 62
7
370
25
100
AcDbLine
 10
784.5809183971621
 20
542.0036598454367
 30
0.0
 11
784.8455350510993
 21
542.8227803271062
 31
0.0
  0
LINE
  5
4B0
330
17
100
AcDbEntity
  8
0
  6
Continuous
 62
7
370
25
100
AcDbLine
 10
785.6774239372397
 20
541.4618056135163
 30
0.0
 11
784.5809183971621
 21
542.0036598454367
 31
0.0
  0
LINE
  5
4B1
330
17
100
AcDbEntity
  8
0
  6
Continuous
 62
7
370
25
100
AcDbLine
 10
787.0385461312543
 20
541.7390718632655
 30
0.0
 11
785.6774239372397
 21
541.4618056135163
 31
0.0
  0
LINE
  5
4B2
330
17
100
AcDbEntity
  8
0
  6
Continuous
 62
7
370
25
100
AcDbLine
 10
787.303162785191
 20
542.558192344935
 30
0.0
 11
787.0385461312543
 21
541.7390718632655
 31
0.0
  0
LINE
  5
4B3
330
17
100
AcDbEntity
  8
0
  6
Continuous
 62
7
370
25
100
AcDbLine
 10
786.2066572451135
 20
543.1000465768552
 30
0.0
 11
787.303162785191
 21
542.558192344935
 31
0.0
  0
ARC
  5
4B4
330
17
100
AcDbEntity
  8
0
  6
Continuous
 62
7
370
25
100
AcDbCircle
 10
785.9385596302913
 20
539.9580099270227
 30
0.0
 40
1.9852212868104646
100
AcDbArc
 50
65.71889348367152
 51
101.9915250797668
  0
LINE
  5
4B5
330
17
100
AcDbEntity
  8
0
  6
Continuous
 62
7
370
25
100
AcDbLine
 10
786.8678115623029
 20
541.7042925217457
 30
0.0
 11
786.754910015152
 21
541.7676164054437
 31
0.0
  0
ARC
  5
4B6
330
17
100
AcDbEntity
  8
0
  6
Continuous
 62
7
370
25
100
AcDbCircle
 10
785.8201035208083
 20
540.3587928540283
 30
0.0
 40
1.5689116020373282
100
AcDbArc
 50
100.8008422399086
 51
117.54632370026302
  0
LINE
  5
4B7
330
17
100
AcDbEntity
  8
0
  6
Continuous
 62
7
370
25
100
AcDbLine
 10
785.8035117642061
 20
541.487490228076
 30
0.0
 11
785.6553724898242
 21
541.4727026584153
 31
0.0
  0
LINE
  5
4B8
330
17
100
AcDbEntity
  8
0
  6
Continuous
 62
7
370
25
100
AcDbLine
 10
784.8455350510993
 20
541.8728956600025
 30
0.0
 11
784.8455350510993
 21
542.8227803271062
 31
0.0
  0
LINE
  5
4B9
330
17
100
AcDbEntity
  8
0
  6
Continuous
 62
7
370
25
100
AcDbLine
 10
786.2066572451135
 20
542.038543521404
 30
0.0
 11
786.2066572451135
 21
543.1000465768552
 31
0.0
  0
LINE
  5
4BA
330
17
100
AcDbEntity
  8
0
  6
Continuous
 62
7
370
25
100
AcDbLine
 10
786.754910015152
 20
541.7676164054437
 30
0.0
 11
786.8786043289472
 21
541.7064910531817
 31
0.0
  0
LINE
  5
4BB
330
17
100
AcDbEntity
  8
0
  6
Continuous
 62
7
370
25
100
AcDbLine
 10
786.2066572451135
 20
542.038543521404
 30
0.0
 11
786.754910015152
 21
541.7676164054437
 31
0.0
  0
LINE
  5
4BC
330
17
100
AcDbEntity
  8
0
  6
Continuous
 62
7
370
25
100
AcDbLine
 10
785.5260961481063
 20
541.8999103965292
 30
0.0
 11
786.2066572451135
 21
542.038543521404
 31
0.0
  0
LINE
  5
4BD
330
17
100
AcDbEntity
  8
0
  6
Continuous
 62
7
370
25
100
AcDbLine
 10
785.0054768534061
 20
541.7938580817382
 30
0.0
 11
785.5260961481063
 21
541.8999103965292
 31
0.0
  0
ARC
  5
4BE
330
17
100
AcDbEntity
  8
0
  6
Continuous
 62
7
370
25
100
AcDbCircle
 10
804.5478948630533
 20
332.24035977525824
 30
0.0
 40
8.965402310571182
100
AcDbArc
 50
-142.56452904686643
 51
-97.6379595413848
  0
LINE
  5
4BF
330
17
100
AcDbEntity
  8
0
  6
Continuous
 62
7
370
25
100
AcDbLine
 10
808.1392235990645
 20
326.10410690166225
 30
0.0
 11
803.3562758052085
 21
323.35450120045675
 31
0.0
  0
LINE
  5
4C0
330
17
100
AcDbEntity
  8
0
  6
Continuous
 62
7
370
25
100
AcDbLine
 10
812.3818549977993
 20
327.915477784457
 30
0.0
 11
812.1127128209932
 21
327.7719925173778
 31
0.0
  0
SPLINE
  5
4C1
330
17
100
AcDbEntity
  8
0
  6
Continuous
 62
7
370
25
100
AcDbSpline
210
0.0
220
0.0
230
2.5
 70
8
 71
3
 72
13
 73
9
 74
0
 42
1e-08
 40
0.0
 40
0.0
 40
0.0
 40
0.0
 40
0.0822094997030076
 40
0.387347744295967
 40
0.5398558541987883
 40
0.6931466125030672
 40
0.84581764822542
 40
1.0
 40
1.0
 40
1.0
 40
1.0
 10
811.807006437669
 20
327.60901411473696
 30
0.0
 10
811.7388715540858
 20
327.5710669799187
 30
0.0
 10
811.4178393916325
 20
327.39227089032477
 30
0.0
 10
810.7165345054068
 20
327.158386189326
 30
0.0
 10
809.8938772945355
 20
326.86900292018373
 30
0.0
 10
809.2595832592157
 20
326.6342398713695
 30
0.0
 10
808.6492001580008
 20
326.3781711757275
 30
0.0
 10
808.3097730348435
 20
326.19576112868504
 30
0.0
 10
808.1392235990645
 20
326.10410690166225
 30
0.0
  0
LWPOLYLINE
  5
4C2
330
17
100
AcDbEntity
  8
0
  6
Continuous
 62
7
370
25
100
AcDbPolyline
 90
9
 70
128
 10
812.3818549977993
 20
338.6519803800167
 10
813.1485095821813
 20
337.0344849780093
 10
813.71560965742
 20
335.3894976332495
 10
814.0638009733757
 20
333.77315922446326
 10
814.1812002979337
 20
332.24063288641526
 10
814.0638009733757
 20
330.844221377277
 10
813.71560965742
 20
329.63158206622825
 10
813.1485095821813
 20
328.644100461015
 10
812.3818549977993
 20
327.915477784457
  0
SPLINE
  5
4C3
330
17
100
AcDbEntity
  8
0
  6
Continuous
 62
7
370
25
100
AcDbSpline
210
0.0
220
0.0
230
2.5
 70
8
 71
3
 72
13
 73
9
 74
0
 42
1e-08
 40
0.0
 40
0.0
 40
0.0
 40
0.0
 40
0.1251363600101143
 40
0.2506323174109519
 40
0.3760921940347143
 40
0.501272726983789
 40
0.7512478305963617
 40
1.0
 40
1.0
 40
1.0
 40
1.0
 10
808.1392235990645
 20
340.473601296353
 30
0.0
 10
808.308300684856
 20
340.55325992424525
 30
0.0
 10
808.6469407238469
 20
340.71280609059374
 30
0.0
 10
809.256840381317
 20
340.78392570701675
 30
0.0
 10
809.891517684884
 20
340.7194978981835
 30
0.0
 10
810.722235492452
 20
340.44250501340025
 30
0.0
 10
811.6619868696688
 20
339.7857173845023
 30
0.0
 10
812.1422915417431
 20
339.02927442102197
 30
0.0
 10
812.3818549977993
 20
338.6519803800167
 30
0.0
  0
LINE
  5
4C4
330
17
100
AcDbEntity
  8
0
  6
Continuous
 62
7
370
25
100
AcDbLine
 10
803.3562758052085
 20
337.72399559514724
 30
0.0
 11
808.1392235990645
 21
340.473601296353
 31
0.0
  0
ARC
  5
4C5
330
17
100
AcDbEntity
  8
0
  6
Continuous
 62
7
370
25
100
AcDbCircle
 10
796.2374016410388
 20
332.274218606583
 30
0.0
 40
8.965402310569727
100
AcDbArc
 50
37.43547095312829
 51
82.36204045861773
  0
LINE
  5
4C6
330
17
100
AcDbEntity
  8
0
  6
Continuous
 62
7
370
25
100
AcDbLine
 10
802.2119684927388
 20
343.909682882589
 30
0.0
 11
797.4290206988827
 21
341.16007718138326
 31
0.0
  0
SPLINE
  5
4C7
330
17
100
AcDbEntity
  8
0
  6
Continuous
 62
7
370
25
100
AcDbSpline
210
0.0
220
0.0
230
2.5
 70
8
 71
3
 72
13
 73
9
 74
0
 42
1e-08
 40
0.0
 40
0.0
 40
0.0
 40
0.0
 40
0.1792302545783273
 40
0.4521119626063939
 40
0.5884982539214352
 40
0.7255844589194003
 40
0.8621164529665682
 40
1.0
 40
1.0
 40
1.0
 40
1.0
 10
802.4138780255902
 20
344.6421371233315
 30
0.0
 10
802.5461086182995
 20
344.718565656241
 30
0.0
 10
802.8796629778968
 20
344.9113581850138
 30
0.0
 10
803.1071902229005
 20
344.8540088585513
 30
0.0
 10
803.0947565348832
 20
344.6605503017612
 30
0.0
 10
802.944421660112
 20
344.44480619572926
 30
0.0
 10
802.6592464174807
 20
344.185892414647
 30
0.0
 10
802.3615498732248
 20
344.00205453972444
 30
0.0
 10
802.2119684927388
 20
343.909682882589
 30
0.0
  0
LWPOLYLINE
  5
4C8
330
17
100
AcDbEntity
  8
0
  6
Continuous
 62
7
370
25
100
AcDbPolyline
 90
3
 70
128
 10
801.0992327690212
 20
343.26999693540006
 10
801.4541916597163
 20
343.81378327986346
 10
802.2208462440983
 20
344.5424059564215
  0
LWPOLYLINE
  5
4C9
330
17
100
AcDbEntity
  8
0
  6
Continuous
 62
7
370
25
100
AcDbPolyline
 90
18
 70
128
 10
814.5344206819047
 20
329.1407745509105
 10
815.0830370263775
 20
329.5372059818305
 10
815.7901641707394
 20
330.4005441942643
 10
816.2762773210092
 20
331.52385677514326
 10
816.5238070813803
 20
332.86654428103196
 10
816.52380708138
 20
334.38007848712977
 10
816.2762773210092
 20
336.0097563237532
 10
815.7901641707394
 20
337.69667698780256
 10
815.0830370263772
 20
339.37987077125
 10
814.1804533053219
 20
340.9985026652433
 10
813.1150347349104
 20
342.49407109582927
 10
811.9252883181996
 20
343.81252232326074
 10
810.6542145905426
 20
344.9062040849875
 10
809.3477534682074
 20
345.7355878725805
 10
808.053123860107
 20
346.270697595018
 10
806.8171170534021
 20
346.492192992716
 10
805.6844055544716
 20
346.39206864490126
 10
804.8157991109313
 20
346.046347441535
  0
LINE
  5
4CA
330
17
100
AcDbEntity
  8
0
  6
Continuous
 62
7
370
25
100
AcDbLine
 10
824.5249399997584
 20
359.514749855308
 30
0.0
 11
824.5249399997584
 21
358.74078962999954
 31
0.0
  0
SPLINE
  5
4CB
330
17
100
AcDbEntity
  8
0
  6
Continuous
 62
7
370
25
100
AcDbSpline
210
0.0
220
0.0
230
2.5
 70
8
 71
3
 72
9
 73
5
 74
0
 42
1e-08
 40
0.0
 40
0.0
 40
0.0
 40
0.0
 40
0.5601176780985383
 40
1.0
 40
1.0
 40
1.0
 40
1.0
 10
823.5476953037373
 20
358.7914914015453
 30
0.0
 10
823.7303310135418
 20
358.7807780583515
 30
0.0
 10
824.0563976901457
 20
358.7616511076897
 30
0.0
 10
824.3818008862863
 20
358.74716278640625
 30
0.0
 10
824.5249399997584
 20
358.74078962999954
 30
0.0
  0
LINE
  5
4CC
330
17
100
AcDbEntity
  8
0
  6
Continuous
 62
7
370
25
100
AcDbLine
 10
823.5476953037373
 20
358.7914914015453
 30
0.0
 11
822.742848226623
 21
358.91703081472025
 31
0.0
  0
LINE
  5
4CD
330
17
100
AcDbEntity
  8
0
  6
Continuous
 62
7
370
25
100
AcDbLine
 10
829.675269523285
 20
361.599866476274
 30
0.0
 11
829.4737910721226
 21
361.4840411898893
 31
0.0
  0
LINE
  5
4CE
330
17
100
AcDbEntity
  8
0
  6
Continuous
 62
7
370
25
100
AcDbLine
 10
829.4737910721226
 20
361.4840411898893
 30
0.0
 11
826.5308171254902
 21
359.7921937579447
 31
0.0
  0
LINE
  5
4CF
330
17
100
AcDbEntity
  8
0
  6
Continuous
 62
7
370
25
100
AcDbLine
 10
826.5308171254902
 20
359.7921937579447
 30
0.0
 11
825.242231911575
 21
359.0514160193248
 31
0.0
  0
SPLINE
  5
4D0
330
17
100
AcDbEntity
  8
0
  6
Continuous
 62
7
370
25
100
AcDbSpline
210
0.0
220
0.0
230
2.5
 70
8
 71
3
 72
9
 73
5
 74
0
 42
1e-08
 40
0.0
 40
0.0
 40
0.0
 40
0.0
 40
0.5600902825157403
 40
1.0
 40
1.0
 40
1.0
 40
1.0
 10
824.5249399997584
 20
358.74078962999954
 30
0.0
 10
824.6587257673268
 20
358.797480829031
 30
0.0
 10
824.8975904142322
 20
358.8986987947788
 30
0.0
 10
825.1369397936816
 20
359.00475907251126
 30
0.0
 10
825.242231911575
 20
359.0514160193248
 30
0.0
  0
LINE
  5
4D1
330
17
100
AcDbEntity
  8
0
  6
Continuous
 62
7
370
25
100
AcDbLine
 10
836.145111468914
 20
359.93373050717946
 30
0.0
 11
836.145111468914
 21
328.57856333076677
 31
0.0
  0
LINE
  5
4D2
330
17
100
AcDbEntity
  8
0
  6
Continuous
 62
7
370
25
100
AcDbLine
 10
836.145111468914
 20
328.57856333076677
 30
0.0
 11
821.619121872759
 21
320.22790897895703
 31
0.0
  0
LINE
  5
4D3
330
17
100
AcDbEntity
  8
0
  6
Continuous
 62
7
370
25
100
AcDbLine
 10
821.619121872759
 20
320.22790897895703
 30
0.0
 11
821.619121872759
 21
322.8408395769915
 31
0.0
  0
ARC
  5
4D4
330
17
100
AcDbEntity
  8
0
  6
Continuous
 62
7
370
25
100
AcDbCircle
 10
820.5143496388912
 20
324.2001923054605
 30
0.0
 40
1.7516739220303181
100
AcDbArc
 50
170.8876375927144
 51
-50.8985724706479
  0
LINE
  5
4D5
330
17
100
AcDbEntity
  8
0
  6
Continuous
 62
7
370
25
100
AcDbLine
 10
818.7847824393627
 20
324.4776068534495
 30
0.0
 11
818.7847824393627
 21
329.5324231471802
 31
0.0
  0
LINE
  5
4D6
330
17
100
AcDbEntity
  8
0
  6
Continuous
 62
7
370
25
100
AcDbLine
 10
818.7847824393627
 20
339.019770044977
 30
0.0
 11
818.7847824393627
 21
344.07458633870755
 31
0.0
  0
ARC
  5
4D7
330
17
100
AcDbEntity
  8
0
  6
Continuous
 62
7
370
25
100
AcDbCircle
 10
824.9144362277855
 20
343.79401994356124
 30
0.0
 40
6.13607146862011
100
AcDbArc
 50
122.4823490084139
 51
177.3792878577453
  0
LINE
  5
4D8
330
17
100
AcDbEntity
  8
0
  6
Continuous
 62
7
370
25
100
AcDbLine
 10
821.619121872759
 20
348.9701455573355
 30
0.0
 11
821.619121872759
 21
351.5830761553698
 31
0.0
  0
LINE
  5
4D9
330
17
100
AcDbEntity
  8
0
  6
Continuous
 62
7
370
25
100
AcDbLine
 10
821.619121872759
 20
351.5830761553698
 30
0.0
 11
836.145111468914
 21
359.93373050717946
 31
0.0
  0
LWPOLYLINE
  5
4DA
330
17
100
AcDbEntity
  8
0
  6
Continuous
 62
7
370
25
100
AcDbPolyline
 90
11
 70
128
 10
823.5217744778558
 20
323.28139776022147
 10
824.3410259949999
 20
324.45763648217877
 10
824.9728683674972
 20
325.74743774034147
 10
825.3737978445674
 20
327.0619958532087
 10
825.5162095411789
 20
328.31080057484326
 10
825.3902980956985
 20
329.4078689263443
 10
825.0047327908187
 20
330.27766531492773
 10
824.3860606541898
 20
330.86030232726847
 10
823.5768786365985
 20
331.11566411092656
 10
822.6329007172927
 20
331.02616843989375
 10
821.619121872759
 20
330.597977289906
  0
LINE
  5
4DB
330
17
100
AcDbEntity
  8
0
  6
Continuous
 62
7
370
25
100
AcDbLine
 10
823.5217744778558
 20
323.28139776022147
 30
0.0
 11
835.6491020680697
 21
330.2531169843525
 31
0.0
  0
LINE
  5
4DC
330
17
100
AcDbEntity
  8
0
  6
Continuous
 62
7
370
25
100
AcDbLine
 10
835.6491020680697
 20
330.2531169843525
 30
0.0
 11
835.6491020680697
 21
357.68888826371403
 31
0.0
  0
LINE
  5
4DD
330
17
100
AcDbEntity
  8
0
  6
Continuous
 62
7
370
25
100
AcDbLine
 10
835.6491020680697
 20
357.68888826371403
 30
0.0
 11
823.5217744778558
 21
350.71716903958276
 31
0.0
  0
LWPOLYLINE
  5
4DE
330
17
100
AcDbEntity
  8
0
  6
Continuous
 62
7
370
25
100
AcDbPolyline
 90
11
 70
128
 10
821.619121872759
 20
341.21300784442076
 10
822.6329007172927
 20
341.9504125615982
 10
823.5768786365985
 20
342.94625889328154
 10
824.3860606541898
 20
344.131980607583
 10
825.0047327908187
 20
345.42593813077576
 10
825.3902980956982
 20
346.73903961327903
 10
825.5162095411789
 20
347.980875101392
 10
825.3737978445674
 20
349.0659414634215
 10
824.9728683674972
 20
349.91952947021724
 10
824.3410259949999
 20
350.48286769154174
 10
823.5217744778558
 20
350.71716903958276
  0
LINE
  5
4DF
330
17
100
AcDbEntity
  8
0
  6
Continuous
 62
7
370
25
100
AcDbLine
 10
821.619121872759
 20
341.21300784442076
 30
0.0
 11
821.619121872759
 21
330.597977289906
 31
0.0
  0
LWPOLYLINE
  5
4E0
330
17
100
AcDbEntity
  8
0
  6
Continuous
 62
7
370
25
100
AcDbPolyline
 90
17
 70
128
 10
821.619121872759
 20
343.98924660483226
 10
821.0496781327574
 20
343.79241309579277
 10
820.5669270401511
 20
343.8865986711665
 10
820.244363072639
 20
344.25746443089747
 10
820.1310936702259
 20
344.848549424973
 10
820.244363072639
 20
345.5698663212438
 10
820.5669270401511
 20
346.31160116100654
 10
821.0496781327574
 20
346.9608315387507
 10
821.619121872759
 20
347.41871801475247
 10
822.1885656127603
 20
347.615551523792
 10
822.6713167053667
 20
347.52136594841824
 10
822.9938806728787
 20
347.15050018868726
 10
823.1071500752917
 20
346.55941519461203
 10
822.9938806728785
 20
345.83809829834127
 10
822.6713167053667
 20
345.09636345857825
 10
822.1885656127603
 20
344.4471330808342
 10
821.619121872759
 20
343.98924660483226
  0
LWPOLYLINE
  5
4E1
330
17
100
AcDbEntity
  8
0
  6
Continuous
 62
7
370
25
100
AcDbPolyline
 90
17
 70
128
 10
821.619121872759
 20
324.3922671195742
 10
821.0496781327574
 20
324.1954336105348
 10
820.5669270401511
 20
324.2896191859085
 10
820.244363072639
 20
324.6604849456395
 10
820.1310936702259
 20
325.2515699397148
 10
820.244363072639
 20
325.9728868359858
 10
820.5669270401511
 20
326.7146216757485
 10
821.0496781327574
 20
327.36385205349274
 10
821.619121872759
 20
327.8217385294945
 10
822.1885656127603
 20
328.018572038534
 10
822.6713167053667
 20
327.9243864631602
 10
822.9938806728787
 20
327.55352070342923
 10
823.107150075292
 20
326.9624357093537
 10
822.9938806728787
 20
326.24111881308323
 10
822.6713167053667
 20
325.4993839733203
 10
822.1885656127603
 20
324.8501535955762
 10
821.619121872759
 20
324.3922671195742
  0
LINE
  5
4E2
330
17
100
AcDbEntity
  8
0
  6
Continuous
 62
7
370
25
100
AcDbLine
 10
803.3562758052085
 20
323.35450120045675
 30
0.0
 11
803.3562758052085
 21
337.72399559514724
 31
0.0
  0
LINE
  5
4E3
330
17
100
AcDbEntity
  8
0
  6
Continuous
 62
7
370
25
100
AcDbLine
 10
797.4290206988827
 20
341.16007718138326
 30
0.0
 11
797.4290206988827
 21
326.79058278669277
 31
0.0
  0
LINE
  5
4E4
330
17
100
AcDbEntity
  8
0
  6
Continuous
 62
7
370
25
100
AcDbLine
 10
801.0982738599419
 20
335.930935918654
 30
0.0
 11
799.6870226441497
 21
336.74905058204354
 31
0.0
  0
LINE
  5
4E5
330
17
100
AcDbEntity
  8
0
  6
Continuous
 62
7
370
25
100
AcDbLine
 10
799.6870226441497
 20
336.74905058204354
 30
0.0
 11
799.6870226441497
 21
328.58364246318604
 31
0.0
  0
LINE
  5
4E6
330
17
100
AcDbEntity
  8
0
  6
Continuous
 62
7
370
25
100
AcDbLine
 10
799.6870226441497
 20
328.58364246318604
 30
0.0
 11
801.0982738599419
 21
327.76552779979653
 31
0.0
  0
LINE
  5
4E7
330
17
100
AcDbEntity
  8
0
  6
Continuous
 62
7
370
25
100
AcDbLine
 10
801.0982738599419
 20
327.76552779979653
 30
0.0
 11
801.0982738599419
 21
335.930935918654
 31
0.0
  0
LINE
  5
4E8
330
17
100
AcDbEntity
  8
0
  6
Continuous
 62
7
370
25
100
AcDbLine
 10
808.1392235990645
 20
326.10410690166225
 30
0.0
 11
808.1392235990645
 21
340.473601296353
 31
0.0
  0
LINE
  5
4E9
330
17
100
AcDbEntity
  8
0
  6
Continuous
 62
7
370
25
100
AcDbLine
 10
811.3757135564555
 20
348.36968832150274
 30
0.0
 11
818.7847824393627
 21
344.07458633870755
 31
0.0
  0
LINE
  5
4EA
330
17
100
AcDbEntity
  8
0
  6
Continuous
 62
7
370
25
100
AcDbLine
 10
803.9666446735486
 20
352.66479030429775
 30
0.0
 11
811.3757135564555
 21
348.36968832150274
 31
0.0
  0
ARC
  5
4EB
330
17
100
AcDbEntity
  8
0
  6
Continuous
 62
7
370
25
100
AcDbCircle
 10
809.9096168717392
 20
352.4156863064187
 30
0.0
 40
5.948190594645575
100
AcDbArc
 50
147.8097855123597
 51
177.5998107656951
  0
LINE
  5
4EC
330
17
100
AcDbEntity
  8
0
  6
Continuous
 62
7
370
25
100
AcDbLine
 10
809.4427485231106
 20
356.02889560323973
 30
0.0
 11
821.619121872759
 21
348.9701455573355
 31
0.0
  0
ARC
  5
4ED
330
17
100
AcDbEntity
  8
0
  6
Continuous
 62
7
370
25
100
AcDbCircle
 10
807.859465529292
 20
343.4728592466482
 30
0.0
 40
6.02851019546897
100
AcDbArc
 50
54.31914580456591
 51
114.1293416684682
  0
ARC
  5
4EE
330
17
100
AcDbEntity
  8
0
  6
Continuous
 62
7
370
25
100
AcDbCircle
 10
801.3611088423529
 20
332.823399187458
 30
0.0
 40
18.49268540312749
100
AcDbArc
 50
19.57688265868894
 51
57.21118544143638
  0
LWPOLYLINE
  5
4EF
330
17
100
AcDbEntity
  8
0
  6
Continuous
 62
7
370
25
100
AcDbPolyline
 90
9
 70
128
 10
818.7847824393627
 20
329.5324231471802
 10
819.2422611133237
 20
330.3853475764505
 10
819.5743422405708
 20
331.36875944332274
 10
819.7757322462076
 20
332.4669825652502
 10
819.8432208512065
 20
333.6625105985365
 10
819.7757322462076
 20
334.93628610008875
 10
819.5743422405708
 20
336.26800431463727
 10
819.2422611133237
 20
337.6364368448692
 10
818.7847824393627
 20
339.019770044977
  0
ARC
  5
4F0
330
17
100
AcDbEntity
  8
0
  6
Continuous
 62
7
370
25
100
AcDbCircle
 10
815.2450117052713
 20
331.80762244297875
 30
0.0
 40
4.207910251601453
100
AcDbArc
 50
-59.88300287419374
 51
-32.731015852706996
  0
LWPOLYLINE
  5
4F1
330
17
100
AcDbEntity
  8
0
  6
Continuous
 62
7
370
25
100
AcDbPolyline
 90
28
 70
128
 10
811.0467369001435
 20
327.1293369747408
 10
811.145477107533
 20
327.09154760735
 10
812.5711679549801
 20
326.70712232365196
 10
813.9088635437935
 20
326.6534759702162
 10
815.1179186704145
 20
326.9322385643455
 10
816.1615968066315
 20
327.534940045678
 10
817.0081863204025
 20
328.44326763468473
 10
817.6319640177462
 20
329.6296222572102
 10
818.0139767289762
 20
331.0579571283733
 10
818.1426171911689
 20
332.6848730158855
 10
818.0139767289762
 20
334.4609369037645
 10
817.6319640177462
 20
336.3321839895085
 10
817.0081863204025
 20
338.241757377314
 10
816.1615968066313
 20
340.1316356460833
 10
815.1179186704143
 20
341.944395800944
 10
813.9088635437935
 20
343.6249580418922
 10
812.5711679549797
 20
345.12225933564173
 10
811.1454771075328
 20
346.3908049400535
 10
809.675109896418
 20
347.39205073885205
 10
808.204742685303
 20
348.0955743850955
 10
806.779051837856
 20
348.4799996687935
 10
805.4413562490425
 20
348.5336460222295
 10
804.2323011224215
 20
348.25488342809996
 10
803.1886229862045
 20
347.6521819467675
 10
802.3420334724335
 20
346.74385435776054
 10
801.7182557750896
 20
345.55749973523524
 10
801.3362430638597
 20
344.12916486407227
 10
801.2575902033311
 20
343.5363988154985
  0
ARC
  5
4F2
330
17
100
AcDbEntity
  8
0
  6
Continuous
 62
7
370
25
100
AcDbCircle
 10
826.3887337948545
 20
360.78434857810225
 30
0.0
 40
4.38642257283623
100
AcDbArc
 50
-65.91621495349399
 51
-5.5644552226343045
  0
ARC
  5
4F3
330
17
100
AcDbEntity
  8
0
  6
Continuous
 62
7
370
25
100
AcDbCircle
 10
822.0254659839366
 20
368.40670045150273
 30
0.0
 40
13.154772389858962
100
AcDbArc
 50
-120.0264324539696
 51
-62.111165525228266
  0
ARC
  5
4F4
330
17
100
AcDbEntity
  8
0
  6
Continuous
 62
7
370
25
100
AcDbCircle
 10
823.9954027856529
 20
367.60813495225676
 30
0.0
 40
8.216888865476683
100
AcDbArc
 50
-72.02744772591385
 51
-48.185359352769986
  0
LINE
  5
4F5
330
17
100
AcDbEntity
  8
0
  6
Continuous
 62
7
370
25
100
AcDbLine
 10
813.029991953081
 20
356.56226983429497
 30
0.0
 11
821.619121872759
 21
351.5830761553698
 31
0.0
  0
LINE
  5
4F6
330
17
100
AcDbEntity
  8
0
  6
Continuous
 62
7
370
25
100
AcDbLine
 10
831.6273138624007
 20
362.5527372628552
 30
0.0
 11
836.145111468914
 21
359.93373050717946
 31
0.0
  0
LINE
  5
4F7
330
17
100
AcDbEntity
  8
0
  6
Continuous
 62
7
370
25
100
AcDbLine
 10
812.3818549977993
 20
327.915477784457
 30
0.0
 11
812.3818549977993
 21
338.6519803800167
 31
0.0
  0
LWPOLYLINE
  5
4F8
330
17
100
AcDbEntity
  8
0
  6
Continuous
 62
7
370
25
100
AcDbPolyline
 90
3
 70
128
 10
823.6952498812343
 20
350.81689602359074
 10
823.988213191052
 20
350.6873963573892
 10
824.024721459391
 20
350.6667838853723
  0
LINE
  5
4F9
330
17
100
AcDbEntity
  8
0
  6
Continuous
 62
7
370
25
100
AcDbLine
 10
835.2962892641217
 20
357.4860643695372
 30
0.0
 11
835.2962892641217
 21
330.4576456502
 31
0.0
  0
LINE
  5
4FA
330
17
100
AcDbEntity
  8
0
  6
Continuous
 62
7
370
25
100
AcDbLine
 10
835.2962892641217
 20
330.4576456502
 30
0.0
 11
824.0480626851822
 21
323.9913011984302
 31
0.0
  0
ARC
  5
4FB
330
17
100
AcDbEntity
  8
0
  6
Continuous
 62
7
370
25
100
AcDbCircle
 10
822.9025942533956
 20
328.6878192725767
 30
0.0
 40
2.6330633517341573
100
AcDbArc
 50
64.77538686050612
 51
119.1727571992155
  0
LINE
  5
4FC
330
17
100
AcDbEntity
  8
0
  6
Continuous
 62
7
370
25
100
AcDbLine
 10
801.0982738599419
 20
329.39493803989274
 30
0.0
 11
799.6870226441497
 21
328.58364246318604
 31
0.0
  0
LINE
  5
4FD
330
17
100
AcDbEntity
  8
0
  6
Continuous
 62
7
370
25
100
AcDbLine
 10
803.9666446735486
 20
348.153486288484
 30
0.0
 11
803.9666446735486
 21
352.66479030429775
 31
0.0
  0
LINE
  5
4FE
330
17
100
AcDbEntity
  8
0
  6
Continuous
 62
7
370
25
100
AcDbLine
 10
835.2962892641217
 20
330.4576456502
 30
0.0
 11
835.6491020680697
 21
330.2531169843525
 31
0.0
  0
LINE
  5
4FF
330
17
100
AcDbEntity
  8
0
  6
Continuous
 62
7
370
25
100
AcDbLine
 10
810.0633530060918
 20
326.92688918231954
 30
0.0
 11
821.619121872759
 21
320.22790897895703
 31
0.0
  0
LWPOLYLINE
  5
500
330
17
100
AcDbEntity
  8
0
  6
Continuous
 62
7
370
25
100
AcDbPolyline
 90
18
 70
128
 10
813.2544864316912
 20
321.04584312959673
 10
813.2783772481424
 20
320.672824790598
 10
813.5870716088037
 20
319.666424113445
 10
814.2403759213186
 20
318.71649701288777
 10
815.211543830372
 20
317.8619336160353
 10
816.4608156076602
 20
317.1377198487615
 10
817.9370459198379
 20
316.57350510779025
 10
819.5797977244753
 20
316.192388410909
 10
821.3218165696744
 20
316.0099727204675
 10
823.0917839992353
 20
316.0337261562655
 10
824.8172373386285
 20
316.26267624985024
 10
826.4275363254075
 20
316.68744975749024
 10
827.8567551298515
 20
317.2906564018738
 10
829.0463813661804
 20
318.047600832106
 10
829.947711596504
 20
318.92729365427573
 10
830.5238452552908
 20
319.8937201408845
 10
830.751195362857
 20
320.90731467801953
 10
830.7544864316912
 20
321.04584312959673
  0
LWPOLYLINE
  5
501
330
17
100
AcDbEntity
  8
0
  6
Continuous
 62
7
370
25
100
AcDbPolyline
 90
18
 70
128
 10
813.2544864316912
 20
318.3888193277205
 10
813.2783772481424
 20
318.01580098872176
 10
813.587071608804
 20
317.00940031156875
 10
814.2403759213186
 20
316.0594732110115
 10
815.211543830372
 20
315.204909814159
 10
816.4608156076602
 20
314.4806960468855
 10
817.9370459198379
 20
313.916481305914
 10
819.5797977244753
 20
313.53536460903274
 10
821.3218165696744
 20
313.35294891859127
 10
823.0917839992353
 20
313.37670235438924
 10
824.8172373386285
 20
313.60565244797397
 10
826.4275363254075
 20
314.03042595561425
 10
827.8567551298518
 20
314.6336325999975
 10
829.0463813661804
 20
315.3905770302298
 10
829.947711596504
 20
316.2702698523995
 10
830.523845255291
 20
317.2366963390083
 10
830.751195362857
 20
318.25029087614325
 10
830.7544864316912
 20
318.3888193277205
  0
LWPOLYLINE
  5
502
330
17
100
AcDbEntity
  8
0
  6
Continuous
 62
7
370
25
100
AcDbPolyline
 90
20
 70
128
 10
813.400916466901
 20
320.1256016346017
 10
813.32693082273
 20
319.85401389238723
 10
813.2783772481424
 20
318.8323418006075
 10
813.587071608804
 20
317.8259411234545
 10
814.2403759213186
 20
316.8760140228975
 10
815.211543830372
 20
316.021450626045
 10
816.4608156076602
 20
315.29723685877127
 10
817.9370459198379
 20
314.73302211779975
 10
819.5797977244753
 20
314.3519054209185
 10
821.3218165696744
 20
314.169489730477
 10
823.0917839992353
 20
314.193243166275
 10
824.8172373386285
 20
314.42219325985997
 10
826.4275363254075
 20
314.8469667674998
 10
827.8567551298518
 20
315.4501734118832
 10
829.0463813661804
 20
316.2071178421155
 10
829.947711596504
 20
317.0868106642855
 10
830.523845255291
 20
318.053237150894
 10
830.751195362857
 20
319.06683168802925
 10
830.6204541790871
 20
320.08609759624824
 10
830.6080563964813
 20
320.1256016346017
  0
ARC
  5
503
330
17
100
AcDbEntity
  8
0
  6
Continuous
 62
7
370
25
100
AcDbCircle
 10
822.0044864316915
 20
325.66026149730874
 30
0.0
 40
9.998586084092013
100
AcDbArc
 50
-107.27387676019544
 51
-72.72612323987721
  0
ARC
  5
504
330
17
100
AcDbEntity
  8
0
  6
Continuous
 62
7
370
25
100
AcDbCircle
 10
822.0044864316915
 20
326.98069804914724
 30
0.0
 40
11.262025249595947
100
AcDbArc
 50
-117.02940993221203
 51
-62.97059006780933
  0
LINE
  5
505
330
17
100
AcDbEntity
  8
0
  6
Continuous
 62
7
370
25
100
AcDbLine
 10
839.1723034091335
 20
432.2927049632025
 30
0.0
 11
843.9452178470613
 21
435.02127105913144
 31
0.0
  0
ARC
  5
506
330
17
100
AcDbEntity
  8
0
  6
Continuous
 62
7
370
25
100
AcDbCircle
 10
830.868034283432
 20
435.7653815766992
 30
0.0
 40
9.001131516315441
100
AcDbArc
 50
-22.693690717464907
 51
22.212721242582532
  0
LINE
  5
507
330
17
100
AcDbEntity
  8
0
  6
Continuous
 62
7
370
25
100
AcDbLine
 10
843.9740763023508
 20
441.89679255491853
 30
0.0
 11
839.2011618644233
 21
439.16822645898947
 31
0.0
  0
SPLINE
  5
508
330
17
100
AcDbEntity
  8
0
  6
Continuous
 62
7
370
25
100
AcDbSpline
210
0.0
220
0.0
230
2.5
 70
8
 71
3
 72
13
 73
9
 74
0
 42
1e-08
 40
0.0
 40
0.0
 40
0.0
 40
0.0
 40
0.2491134374835657
 40
0.498761050419812
 40
0.6235349398463761
 40
0.7489491498773037
 40
0.8738563364000277
 40
1.0
 40
1.0
 40
1.0
 40
1.0
 10
844.5326318188778
 20
446.473132334848
 30
0.0
 10
844.7383198081563
 20
446.07566493867625
 30
0.0
 10
845.1501368447143
 20
445.2798778545883
 30
0.0
 10
845.2443870312578
 20
444.13859950324473
 30
0.0
 10
845.06658694458
 20
443.28376311080046
 30
0.0
 10
844.8044490591462
 20
442.7054570446222
 30
0.0
 10
844.4369997278092
 20
442.21469557803573
 30
0.0
 10
844.1288899455218
 20
442.003107600728
 30
0.0
 10
843.9740763023508
 20
441.89679255491853
 30
0.0
  0
LWPOLYLINE
  5
509
330
17
100
AcDbEntity
  8
0
  6
Continuous
 62
7
370
25
100
AcDbPolyline
 90
9
 70
128
 10
835.2350514884906
 20
451.84051121170853
 10
836.2546280532995
 20
452.14338411611425
 10
837.3972198805948
 20
452.143200885253
 10
838.623832075119
 20
451.83996777251105
 10
839.892602256183
 20
451.24403365592775
 10
841.1602292560952
 20
450.37573684696474
 10
842.3834509221733
 20
449.2647109753302
 10
843.520520587229
 20
447.948873638943
 10
844.5326318188778
 20
446.473132334848
  0
SPLINE
  5
50A
330
17
100
AcDbEntity
  8
0
  6
Continuous
 62
7
370
25
100
AcDbSpline
210
0.0
220
0.0
230
2.5
 70
8
 71
3
 72
13
 73
9
 74
0
 42
1e-08
 40
0.0
 40
0.0
 40
0.0
 40
0.0
 40
0.1516171742776175
 40
0.3036700423875833
 40
0.4556791944627735
 40
0.6073498893652858
 40
0.9102236412182995
 40
0.9999999999999999
 40
0.9999999999999999
 40
0.9999999999999999
 40
0.9999999999999999
 10
831.530403211177
 20
449.0803721236625
 30
0.0
 10
831.6937708116125
 20
449.1801109654025
 30
0.0
 10
832.0209754728613
 20
449.37987526283877
 30
0.0
 10
832.5485525065005
 20
449.7768449702838
 30
0.0
 10
833.0721352263115
 20
450.20765668118725
 30
0.0
 10
833.738188130257
 20
450.7750497204862
 30
0.0
 10
834.3028354486057
 20
451.27138854400977
 30
0.0
 10
834.6268420900197
 20
451.4642454619255
 30
0.0
 10
834.7009236595887
 20
451.50834067898353
 30
0.0
  0
LINE
  5
50B
330
17
100
AcDbEntity
  8
0
  6
Continuous
 62
7
370
25
100
AcDbLine
 10
834.9951113779515
 20
451.6912940580097
 30
0.0
 11
835.2350514884906
 21
451.84051121170853
 31
0.0
  0
LINE
  5
50C
330
17
100
AcDbEntity
  8
0
  6
Continuous
 62
7
370
25
100
AcDbLine
 10
826.7574887732495
 20
446.3518060277335
 30
0.0
 11
831.530403211177
 21
449.0803721236625
 31
0.0
  0
ARC
  5
50D
330
17
100
AcDbEntity
  8
0
  6
Continuous
 62
7
370
25
100
AcDbCircle
 10
835.0617578989493
 20
442.879129414237
 30
0.0
 40
9.001131516313702
100
AcDbArc
 50
157.3063092825305
 51
-157.78727875741262
  0
LWPOLYLINE
  5
50E
330
17
100
AcDbEntity
  8
0
  6
Continuous
 62
7
370
25
100
AcDbPolyline
 90
3
 70
128
 10
844.4831601812384
 20
434.686524056356
 10
843.4635836164297
 20
434.38365115194995
 10
842.7672222280521
 20
434.3478378876423
  0
SPLINE
  5
50F
330
17
100
AcDbEntity
  8
0
  6
Continuous
 62
7
370
25
100
AcDbSpline
210
0.0
220
0.0
230
2.5
 70
8
 71
3
 72
13
 73
9
 74
0
 42
1e-08
 40
0.0
 40
0.0
 40
0.0
 40
0.0
 40
0.1357902756983361
 40
0.2719707643517383
 40
0.4081121003666535
 40
0.5439503098194802
 40
0.815207906208939
 40
1.0
 40
1.0
 40
1.0
 40
1.0
 10
843.9452178470613
 20
435.02127105913144
 30
0.0
 10
844.0987300851173
 20
435.10269447368796
 30
0.0
 10
844.4061957008013
 20
435.26577528473376
 30
0.0
 10
844.7721655183127
 20
435.379485967871
 30
0.0
 10
845.0335715796048
 20
435.3979658769523
 30
0.0
 10
845.20532958989
 20
435.3068905895615
 30
0.0
 10
845.1346164875538
 20
435.0732853923738
 30
0.0
 10
844.7920417467708
 20
434.87581374102274
 30
0.0
 10
844.6532298914133
 20
434.79579789910196
 30
0.0
  0
LWPOLYLINE
  5
510
330
17
100
AcDbEntity
  8
0
  6
Continuous
 62
7
370
25
100
AcDbPolyline
 90
18
 70
128
 10
847.0668262766679
 20
436.15323074860675
 10
847.824379512307
 20
436.74653764831805
 10
848.4852384615692
 20
437.68214288321195
 10
848.9199403747857
 20
438.868417037734
 10
849.112773992208
 20
440.26248507313176
 10
849.0567698044789
 20
441.8139617383977
 10
848.753951948861
 20
443.466772624516
 10
848.2152650516405
 20
445.16118083970525
 10
847.4601786608174
 20
446.83594605633147
 10
846.5159835659152
 20
448.43053789590726
 10
845.4168054377395
 20
449.887323654682
 10
844.2023714377235
 20
451.153651299715
 10
842.9165743748046
 20
452.1837524505305
 10
841.605886304948
 20
452.94039656763573
 10
840.3176789099632
 20
453.3962365612212
 10
839.0985113614965
 20
453.53479718623976
 10
837.9924475512596
 20
453.3510705006865
 10
837.3889449092264
 20
453.0821590146763
  0
LWPOLYLINE
  5
511
330
17
100
AcDbEntity
  8
0
  6
Continuous
 62
7
370
25
100
AcDbPolyline
 90
32
 70
128
 10
883.4873480289032
 20
442.04419145293224
 10
883.3546462840865
 20
440.5300879239745
 10
882.9740763003725
 20
438.9331655425175
 10
882.36121865761
 20
437.3188024984885
 10
881.5411638197013
 20
435.75309100458975
 10
880.5474849280622
 20
434.3001314733448
 10
879.4208633132695
 20
433.019408238678
 10
878.2074229966048
 20
431.9633542602955
 10
876.9568423672058
 20
431.17520451215296
 10
875.7203203429767
 20
430.68722593754353
 10
874.5484802808746
 20
430.5193964366465
 10
873.4892974507279
 20
430.67858696894774
 10
872.5861349220513
 20
431.15828025535075
 10
871.8759682748855
 20
431.9388375963485
 10
871.3878718152067
 20
432.98830288268925
 10
871.1418282694233
 20
434.263710882243
 10
871.1479106892082
 20
435.712846241654
 10
871.4058700595809
 20
437.27638118904173
 10
871.9051454936097
 20
438.8903044199527
 10
872.6252965963627
 20
440.4885417276858
 10
873.5368402970792
 20
442.00566108907674
 10
874.6024578895501
 20
443.37955145921694
 10
875.7785228643343
 20
444.5539656049272
 10
877.0168869831831
 20
445.4808228730945
 10
878.266851473569
 20
446.1221776182588
 10
879.477242642391
 20
446.4517727017972
 10
880.5985069329824
 20
446.45611446226394
 10
881.5847396535435
 20
446.1350251474755
 10
882.3955643206175
 20
445.50165019170527
 10
882.9977856770663
 20
444.5819200400612
 10
883.3667487097988
 20
443.41348855301527
 10
883.4873480289032
 20
442.04419145293224
  0
LWPOLYLINE
  5
512
330
17
100
AcDbEntity
  8
0
  6
Continuous
 62
7
370
25
100
AcDbPolyline
 90
18
 70
128
 10
872.2184854840095
 20
431.33743783866004
 10
871.8790281408646
 20
431.566484311262
 10
871.1688614936991
 20
432.34704165226
 10
870.6807650340203
 20
433.3965069386005
 10
870.4347214882368
 20
434.67191493815426
 10
870.4408039080217
 20
436.12105029756526
 10
870.6987632783945
 20
437.6845852449532
 10
871.1980387124232
 20
439.2985084758642
 10
871.9181898151762
 20
440.896745783597
 10
872.8297335158927
 20
442.4138651449883
 10
873.8953511083632
 20
443.78775551512825
 10
875.0714160831477
 20
444.9621696608385
 10
876.3097802019968
 20
445.88902692900575
 10
877.5597446923825
 20
446.53038167417026
 10
878.7701358612043
 20
446.85997675770875
 10
879.8914001517958
 20
446.86431851817554
 10
880.8776328723573
 20
446.5432292033867
 10
880.9677743945747
 20
446.493292930322
  0
LWPOLYLINE
  5
513
330
17
100
AcDbEntity
  8
0
  6
Continuous
 62
7
370
25
100
AcDbPolyline
 90
24
 70
128
 10
880.8357288967215
 20
440.52832139963823
 10
880.7092577313
 20
441.55753409887046
 10
880.3299550727395
 20
442.3605146042573
 10
879.7259520640307
 20
442.8777095251053
 10
878.9420448452005
 20
443.07076088014446
 10
878.0363722285317
 20
442.92535093352296
 10
877.0761038088266
 20
442.45226407577525
 10
876.1324583018387
 20
441.68658699491226
 10
875.2754215779307
 20
440.685106457282
 10
874.5685561302325
 20
439.522097692892
 10
874.0642869353057
 20
438.28381574138575
 10
873.8000133324603
 20
437.0620983103438
 10
873.7953352858473
 20
435.9475545926408
 10
874.0505997447838
 20
435.0228451971208
 10
874.5468749121078
 20
434.3565515893852
 10
875.2473543289661
 20
433.9980897182298
 10
876.1000866414912
 20
433.974045060784
 10
877.0418285950535
 20
434.28620089929353
 10
878.0027354971401
 20
434.911406063234
 10
878.9115412786795
 20
435.80329194571954
 10
879.7008439723652
 20
436.8957114509522
 10
880.312104608226
 20
438.1076448217163
 10
880.6999887812312
 20
439.3492085041277
 10
880.8357288967215
 20
440.52832139963823
  0
LWPOLYLINE
  5
514
330
17
100
AcDbEntity
  8
0
  6
Continuous
 62
7
370
25
100
AcDbPolyline
 90
20
 70
128
 10
871.4947492197642
 20
431.92423703275375
 10
871.1883719847469
 20
432.00688296688327
 10
870.2852094560703
 20
432.4865762532863
 10
869.5750428089045
 20
433.267133594284
 10
869.0869463492256
 20
434.3165988806248
 10
868.8409028034423
 20
435.59200688017853
 10
868.8469852232272
 20
437.04114223958953
 10
869.1049445936
 20
438.60467718697726
 10
869.6042200276287
 20
440.21860041788847
 10
870.3243711303817
 20
441.8168377256212
 10
871.2359148310982
 20
443.33395708701227
 10
872.301532423569
 20
444.7078474571523
 10
873.4775973983533
 20
445.88226160286274
 10
874.715961517202
 20
446.80911887103
 10
875.965926007588
 20
447.45047361619424
 10
877.17631717641
 20
447.78006869973296
 10
878.2975814670012
 20
447.78441046019975
 10
879.2838141875625
 20
447.463321145411
 10
880.0946388546365
 20
446.829946189641
 10
880.0976919740252
 20
446.8265856782528
  0
LWPOLYLINE
  5
515
330
17
100
AcDbEntity
  8
0
  6
Continuous
 62
7
370
25
100
AcDbPolyline
 90
18
 70
128
 10
872.4824930203363
 20
451.3917416012583
 10
872.1607715640666
 20
451.5519650059455
 10
871.1367494636903
 20
451.792413543464
 10
869.9887238046427
 20
451.7062172804965
 10
868.7636948922931
 20
451.296905102177
 10
867.5118155542475
 20
450.5812342971775
 10
866.2843378776952
 20
449.58850451234247
 10
865.1315149429367
 20
448.35935822170427
 10
864.1005434563721
 20
446.94411681882
 10
863.2336315117952
 20
445.40072045300724
 10
862.566270586075
 20
443.79235595282404
 10
862.125782513922
 20
442.18486994988245
 10
861.930200928765
 20
440.64407311001503
 10
861.9875329636808
 20
439.2330458368812
 10
862.2954314384231
 20
438.0095557528323
 10
862.8412909532595
 20
437.02369268566304
 10
863.6027639555173
 20
436.3158179851772
 10
863.7332041097707
 20
436.23588650959624
  0
LWPOLYLINE
  5
516
330
17
100
AcDbEntity
  8
0
  6
Continuous
 62
7
370
25
100
AcDbPolyline
 90
14
 70
128
 10
870.4840706767968
 20
434.25686841788576
 10
870.3058636680664
 20
434.5483040908373
 10
869.9268228366755
 20
435.60013980357525
 10
869.8021377554207
 20
436.8643520220593
 10
869.9380606549166
 20
438.2775478667637
 10
870.3277757934176
 20
439.76886379704405
 10
870.9517412265702
 20
441.26351900496206
 10
871.7786687221035
 20
442.68656523725656
 10
872.7670926824433
 20
443.9666450137165
 10
873.8674494029191
 20
445.0395697892027
 10
875.024562402876
 20
445.8515386353287
 10
876.180409204814
 20
446.361836043663
 10
877.2770308236873
 20
446.54487357133524
 10
877.5722619873625
 20
446.5353062958755
  0
LINE
  5
517
330
17
100
AcDbEntity
  8
0
  6
Continuous
 62
7
370
25
100
AcDbLine
 10
847.7084563714632
 20
471.92345580716795
 30
0.0
 11
874.8613567690268
 21
456.24842006017195
 31
0.0
  0
LINE
  5
518
330
17
100
AcDbEntity
  8
0
  6
Continuous
 62
7
370
25
100
AcDbLine
 10
874.8613567690268
 20
456.24842006017195
 30
0.0
 11
860.3658388464318
 21
447.9616637688323
 31
0.0
  0
LINE
  5
519
330
17
100
AcDbEntity
  8
0
  6
Continuous
 62
7
370
25
100
AcDbLine
 10
860.3658388464318
 20
447.9616637688323
 30
0.0
 11
858.1030971466348
 21
449.2679167477485
 31
0.0
  0
ARC
  5
51A
330
17
100
AcDbEntity
  8
0
  6
Continuous
 62
7
370
25
100
AcDbCircle
 10
855.2901013850118
 20
454.76409840150825
 30
0.0
 40
6.17421719135609
100
AcDbArc
 50
-117.42562904771091
 51
-62.89622046092281
  0
LINE
  5
51B
330
17
100
AcDbEntity
  8
0
  6
Continuous
 62
7
370
25
100
AcDbLine
 10
852.4462762808942
 20
449.28380491454703
 30
0.0
 11
848.0689140879446
 21
451.8108023198847
 31
0.0
  0
LINE
  5
51C
330
17
100
AcDbEntity
  8
0
  6
Continuous
 62
7
370
25
100
AcDbLine
 10
839.853075725367
 20
456.5537048510817
 30
0.0
 11
835.4757135324172
 21
459.0807022564195
 31
0.0
  0
ARC
  5
51D
330
17
100
AcDbEntity
  8
0
  6
Continuous
 62
7
370
25
100
AcDbCircle
 10
836.0846940771189
 20
460.705580652731
 30
0.0
 40
1.735248427927619
100
AcDbArc
 50
110.5464370655134
 51
-110.54525989713689
  0
LINE
  5
51E
330
17
100
AcDbEntity
  8
0
  6
Continuous
 62
7
370
25
100
AcDbLine
 10
835.4756801486653
 20
462.3304465369117
 30
0.0
 11
833.2129384488683
 21
463.636699515828
 31
0.0
  0
LINE
  5
51F
330
17
100
AcDbEntity
  8
0
  6
Continuous
 62
7
370
25
100
AcDbLine
 10
833.2129384488683
 20
463.636699515828
 30
0.0
 11
847.7084563714632
 21
471.92345580716795
 31
0.0
  0
LWPOLYLINE
  5
520
330
17
100
AcDbEntity
  8
0
  6
Continuous
 62
7
370
25
100
AcDbPolyline
 90
11
 70
128
 10
860.5674439161405
 20
450.0267747984947
 10
860.7742281793055
 20
450.84671740677777
 10
860.6023556478402
 20
451.6703791066625
 10
860.063660127296
 20
452.4410489606137
 10
859.1952320007999
 20
453.105664637393
 10
858.0568644737937
 20
453.61846587142475
 10
856.7269366790281
 20
453.94414515872376
 10
855.2970170991764
 20
454.060278756968
 10
853.8655588734175
 20
453.95887060996523
 10
852.5311210801158
 20
453.64690289388227
 10
851.3855827253624
 20
453.1458552789063
  0
LINE
  5
521
330
17
100
AcDbEntity
  8
0
  6
Continuous
 62
7
370
25
100
AcDbLine
 10
860.5674439161405
 20
450.0267747984947
 30
0.0
 11
872.669331589505
 21
456.94514738441126
 31
0.0
  0
LINE
  5
522
330
17
100
AcDbEntity
  8
0
  6
Continuous
 62
7
370
25
100
AcDbLine
 10
872.669331589505
 20
456.94514738441126
 30
0.0
 11
848.9105437416367
 21
470.6608036630325
 31
0.0
  0
LINE
  5
523
330
17
100
AcDbEntity
  8
0
  6
Continuous
 62
7
370
25
100
AcDbLine
 10
848.9105437416367
 20
470.6608036630325
 30
0.0
 11
836.8086560682727
 21
463.7424310771163
 31
0.0
  0
LWPOLYLINE
  5
524
330
17
100
AcDbEntity
  8
0
  6
Continuous
 62
7
370
25
100
AcDbPolyline
 90
11
 70
128
 10
842.1931945699373
 20
458.45250800575377
 10
843.0709606259738
 20
459.10813727841577
 10
843.6205182406613
 20
459.8732066770725
 10
843.804029151564
 20
460.695039474272
 10
843.6088582248566
 20
461.51705065649077
 10
843.0484434123515
 20
462.282642928001
 10
842.1613705186702
 20
462.9391035603935
 10
841.008716482889
 20
463.4412337810125
 10
839.6698440956193
 20
463.7544608088483
 10
838.2369376945978
 20
463.85721826730196
 10
836.8086560682727
 20
463.7424310771163
  0
LINE
  5
525
330
17
100
AcDbEntity
  8
0
  6
Continuous
 62
7
370
25
100
AcDbLine
 10
842.1931945699373
 20
458.45250800575377
 30
0.0
 11
851.3855827253624
 21
453.1458552789063
 31
0.0
  0
LWPOLYLINE
  5
526
330
17
100
AcDbEntity
  8
0
  6
Continuous
 62
7
370
25
100
AcDbPolyline
 90
17
 70
128
 10
839.7890315139033
 20
459.8404017958525
 10
839.1077491884677
 20
459.5807993525347
 10
838.3041196664971
 20
459.49122429889076
 10
837.5004882577913
 20
459.58531362483745
 10
836.8192005593894
 20
459.84874308342177
 10
836.3639764474846
 20
460.24140792756805
 10
836.204119666497
 20
460.70352849427053
 10
836.3639669622272
 20
461.16475111638204
 10
836.8191830329195
 20
461.55485883068
 10
837.500465358355
 20
461.8144612739977
 10
838.3040948803257
 20
461.904036327642
 10
839.1077262890313
 20
461.809947001695
 10
839.7890139874332
 20
461.54651754311095
 10
840.2442380993382
 20
461.1538526989648
 10
840.4040948803258
 20
460.69173213226225
 10
840.2442475845954
 20
460.2305095101505
 10
839.7890315139033
 20
459.8404017958525
  0
LWPOLYLINE
  5
527
330
17
100
AcDbEntity
  8
0
  6
Continuous
 62
7
370
25
100
AcDbPolyline
 90
17
 70
128
 10
856.75959426238
 20
450.04350445398006
 10
856.0783119369448
 20
449.7839020106625
 10
855.2746824149743
 20
449.69432695701823
 10
854.4710510062686
 20
449.788416282965
 10
853.7897633078666
 20
450.05184574154924
 10
853.3345391959615
 20
450.4445105856953
 10
853.174682414974
 20
450.906631152398
 10
853.3345297107044
 20
451.36785377450974
 10
853.7897457813967
 20
451.7579614888078
 10
854.471028106832
 20
452.01756393212526
 10
855.2746576288027
 20
452.1071389857695
 10
856.0782890375083
 20
452.01304965982274
 10
856.7595767359105
 20
451.7496202012385
 10
857.2148008478155
 20
451.35695535709226
 10
857.3746576288028
 20
450.8948347903897
 10
857.2148103330726
 20
450.433612168278
 10
856.75959426238
 20
450.04350445398006
  0
LINE
  5
528
330
17
100
AcDbEntity
  8
0
  6
Continuous
 62
7
370
25
100
AcDbLine
 10
839.2011618644233
 20
439.16822645898947
 30
0.0
 11
826.7574887732495
 21
446.3518060277335
 31
0.0
  0
LINE
  5
529
330
17
100
AcDbEntity
  8
0
  6
Continuous
 62
7
370
25
100
AcDbLine
 10
826.7286303179596
 20
439.47628453194676
 30
0.0
 11
839.1723034091335
 21
432.2927049632025
 31
0.0
  0
LINE
  5
52A
330
17
100
AcDbEntity
  8
0
  6
Continuous
 62
7
370
25
100
AcDbLine
 10
829.4327977156504
 20
442.181790238809
 30
0.0
 11
829.4259266548672
 21
440.5447613112408
 31
0.0
  0
LINE
  5
52B
330
17
100
AcDbEntity
  8
0
  6
Continuous
 62
7
370
25
100
AcDbLine
 10
829.4259266548672
 20
440.5447613112408
 30
0.0
 11
836.4969944667328
 21
436.46272075212727
 31
0.0
  0
LINE
  5
52C
330
17
100
AcDbEntity
  8
0
  6
Continuous
 62
7
370
25
100
AcDbLine
 10
836.4969944667328
 20
436.46272075212727
 30
0.0
 11
836.5038655275157
 21
438.0997496796955
 31
0.0
  0
LINE
  5
52D
330
17
100
AcDbEntity
  8
0
  6
Continuous
 62
7
370
25
100
AcDbLine
 10
836.5038655275157
 20
438.0997496796955
 30
0.0
 11
829.4327977156504
 21
442.181790238809
 31
0.0
  0
LINE
  5
52E
330
17
100
AcDbEntity
  8
0
  6
Continuous
 62
7
370
25
100
AcDbLine
 10
843.9740763023508
 20
441.89679255491853
 30
0.0
 11
831.530403211177
 21
449.0803721236625
 31
0.0
  0
LINE
  5
52F
330
17
100
AcDbEntity
  8
0
  6
Continuous
 62
7
370
25
100
AcDbLine
 10
858.0309510084107
 20
432.07911300828124
 30
0.0
 11
858.1030971466348
 21
449.2679167477485
 31
0.0
  0
ARC
  5
530
330
17
100
AcDbEntity
  8
0
  6
Continuous
 62
7
370
25
100
AcDbCircle
 10
855.2179552467875
 20
437.57529466203925
 30
0.0
 40
6.1742171913544555
100
AcDbArc
 50
-117.4256290477142
 51
-62.89622046091411
  0
LINE
  5
531
330
17
100
AcDbEntity
  8
0
  6
Continuous
 62
7
370
25
100
AcDbLine
 10
852.3741301426705
 20
432.0950011750797
 30
0.0
 11
852.4102032117826
 21
440.6894030448132
 31
0.0
  0
LINE
  5
532
330
17
100
AcDbEntity
  8
0
  6
Continuous
 62
7
370
25
100
AcDbLine
 10
852.4102032117826
 20
440.6894030448132
 30
0.0
 11
852.4462762808942
 21
449.28380491454703
 31
0.0
  0
LWPOLYLINE
  5
533
330
17
100
AcDbEntity
  8
0
  6
Continuous
 62
7
370
25
100
AcDbPolyline
 90
19
 70
128
 10
850.713166967186
 20
439.71924621070525
 10
850.5914153598895
 20
441.49926719313277
 10
850.2155421327747
 20
443.3740400228753
 10
849.5969680036466
 20
445.2866006761815
 10
848.7544880344051
 20
447.1788369654035
 10
847.7137005525998
 20
448.9932542484105
 10
846.5062293592017
 20
450.67472237419827
 10
845.1687628554128
 20
452.1721507846285
 10
843.7419392841592
 20
453.4400408751858
 10
842.2691119576467
 20
454.43986844705125
 10
840.7950319889039
 20
455.14125424539174
 10
839.3644885518615
 20
455.52288701764246
 10
838.0209479849633
 20
455.57317104513453
 10
836.8052330884707
 20
455.29057847313703
 10
835.7542827443319
 20
454.6836957339517
 10
834.9000295469475
 20
453.77096265251123
 10
834.2684295474464
 20
452.58011216162976
 10
833.878673592209
 20
451.14732765087354
 10
833.855518722778
 20
451.00534217122674
  0
LWPOLYLINE
  5
534
330
17
100
AcDbEntity
  8
0
  6
Continuous
 62
7
370
25
100
AcDbPolyline
 90
10
 70
128
 10
843.0502705712303
 20
434.3480720653582
 10
843.6607391969904
 20
434.09413551789123
 10
845.0912826340333
 20
433.7125027456403
 10
846.4348232009315
 20
433.6622187181485
 10
847.650538097424
 20
433.9448112901457
 10
848.7014884415624
 20
434.55169402933103
 10
849.5557416389472
 20
435.4644271107718
 10
850.187341638448
 20
436.65527760165327
 10
850.5770975936857
 20
438.0880621124095
 10
850.713166967186
 20
439.71924621070525
  0
ARC
  5
535
330
17
100
AcDbEntity
  8
0
  6
Continuous
 62
7
370
25
100
AcDbCircle
 10
846.345014414714
 20
440.12985421851505
 30
0.0
 40
6.0909449212003075
100
AcDbArc
 50
-54.517364486120044
 51
5.270947681294175
  0
ARC
  5
536
330
17
100
AcDbEntity
  8
0
  6
Continuous
 62
7
370
25
100
AcDbCircle
 10
840.067603632187
 20
452.3048263307877
 30
0.0
 40
4.25429088133626
100
AcDbArc
 50
92.89043676837042
 51
119.5524395834813
  0
LWPOLYLINE
  5
537
330
17
100
AcDbEntity
  8
0
  6
Continuous
 62
7
370
25
100
AcDbPolyline
 90
9
 70
128
 10
848.0689140879446
 20
451.8108023198847
 10
847.1028659422727
 20
452.9004438445902
 10
846.0861594370797
 20
453.8735182086133
 10
845.0350014916726
 20
454.7145140154822
 10
843.9661482022433
 20
455.4100252811595
 10
842.896637739517
 20
455.94896513357077
 10
841.8435187499606
 20
456.3227425440815
 10
840.823578590001
 20
456.5253992737107
 10
839.853075725367
 20
456.5537048510817
  0
ARC
  5
538
330
17
100
AcDbEntity
  8
0
  6
Continuous
 62
7
370
25
100
AcDbCircle
 10
834.0119503463259
 20
439.9155814866253
 30
0.0
 40
18.41451895394475
100
AcDbArc
 50
2.408413097695167
 51
40.23841739596094
  0
LINE
  5
539
330
17
100
AcDbEntity
  8
0
  6
Continuous
 62
7
370
25
100
AcDbLine
 10
860.2936927082078
 20
430.7728600293648
 30
0.0
 11
860.3658388464318
 21
447.9616637688323
 31
0.0
  0
LINE
  5
53A
330
17
100
AcDbEntity
  8
0
  6
Continuous
 62
7
370
25
100
AcDbLine
 10
860.2936927082078
 20
430.7728600293648
 30
0.0
 11
858.0309510084107
 21
432.07911300828124
 31
0.0
  0
LINE
  5
53B
330
17
100
AcDbEntity
  8
0
  6
Continuous
 62
7
370
25
100
AcDbLine
 10
874.8352710889515
 20
450.0335117329823
 30
0.0
 11
874.8613567690268
 21
456.24842006017195
 31
0.0
  0
LINE
  5
53C
330
17
100
AcDbEntity
  8
0
  6
Continuous
 62
7
370
25
100
AcDbLine
 10
866.7765839006103
 20
434.47898075313526
 30
0.0
 11
860.2936927082078
 21
430.7728600293648
 31
0.0
  0
LINE
  5
53D
330
17
100
AcDbEntity
  8
0
  6
Continuous
 62
7
370
25
100
AcDbLine
 10
844.5326318188778
 20
446.473132334848
 30
0.0
 11
835.2350514884906
 21
451.84051121170853
 31
0.0
  0
LWPOLYLINE
  5
53E
330
17
100
AcDbEntity
  8
0
  6
Continuous
 62
7
370
25
100
AcDbPolyline
 90
3
 70
128
 10
860.772903810257
 20
450.46839092970225
 10
860.7725104141094
 20
450.43746017488553
 10
860.7388062880225
 20
450.124738749895
  0
LINE
  5
53F
330
17
100
AcDbEntity
  8
0
  6
Continuous
 62
7
370
25
100
AcDbLine
 10
837.6924197785099
 20
463.83938336644246
 30
0.0
 11
848.9088259764412
 21
470.25154643114047
 31
0.0
  0
LINE
  5
540
330
17
100
AcDbEntity
  8
0
  6
Continuous
 62
7
370
25
100
AcDbLine
 10
848.9088259764412
 20
470.25154643114047
 30
0.0
 11
872.3122720377294
 21
456.7410245995023
 31
0.0
  0
ARC
  5
541
330
17
100
AcDbEntity
  8
0
  6
Continuous
 62
7
370
25
100
AcDbCircle
 10
841.2106970172015
 20
460.498476586491
 30
0.0
 40
2.6021136877570727
100
AcDbArc
 50
-59.481066716543026
 51
-5.14145643536629
  0
LINE
  5
542
330
17
100
AcDbEntity
  8
0
  6
Continuous
 62
7
370
25
100
AcDbLine
 10
830.8401235253642
 20
441.35322533966405
 30
0.0
 11
829.4259266548672
 21
440.5447613112408
 31
0.0
  0
LINE
  5
543
330
17
100
AcDbEntity
  8
0
  6
Continuous
 62
7
370
25
100
AcDbLine
 10
830.8401235253642
 20
441.35322533966405
 30
0.0
 11
836.503797976545
 21
438.0836556737445
 31
0.0
  0
LINE
  5
544
330
17
100
AcDbEntity
  8
0
  6
Continuous
 62
7
370
25
100
AcDbLine
 10
830.8401910763349
 20
441.36931934561505
 30
0.0
 11
830.8401235253642
 21
441.35322533966405
 31
0.0
  0
LINE
  5
545
330
17
100
AcDbEntity
  8
0
  6
Continuous
 62
7
370
25
100
AcDbLine
 10
852.3741301426705
 20
432.0950011750797
 30
0.0
 11
848.4570596200006
 21
434.35627785518955
 31
0.0
  0
LINE
  5
546
330
17
100
AcDbEntity
  8
0
  6
Continuous
 62
7
370
25
100
AcDbLine
 10
848.9088259764412
 20
470.25154643114047
 30
0.0
 11
848.9105437416367
 21
470.6608036630325
 31
0.0
  0
LINE
  5
547
330
17
100
AcDbEntity
  8
0
  6
Continuous
 62
7
370
25
100
AcDbLine
 10
833.1568858897376
 20
450.2821879409527
 30
0.0
 11
833.2129384488683
 21
463.636699515828
 31
0.0
  0
ARC
  5
548
330
17
100
AcDbEntity
  8
0
  6
Continuous
 62
7
370
25
100
AcDbCircle
 10
835.2625759021463
 20
456.83555159698597
 30
0.0
 40
3.61454966297522
100
AcDbArc
 50
-166.05669921589333
 51
-124.59043493191952
  0
ARC
  5
549
330
17
100
AcDbEntity
  8
0
  6
Continuous
 62
7
370
25
100
AcDbCircle
 10
839.7420482276777
 20
457.93773344491177
 30
0.0
 40
8.227621960021224
100
AcDbArc
 50
165.6431053199116
 51
-166.12407479479464
  0
ARC
  5
54A
330
17
100
AcDbEntity
  8
0
  6
Continuous
 62
7
370
25
100
AcDbCircle
 10
845.4410910269153
 20
456.80950917685925
 30
0.0
 40
14.032092020942224
100
AcDbArc
 50
150.3019886453339
 51
166.9504589920579
  0
ARC
  5
54B
330
17
100
AcDbEntity
  8
0
  6
Continuous
 62
7
370
25
100
AcDbCircle
 10
845.4025821258413
 20
457.01420657852276
 30
0.0
 40
13.898134856592225
100
AcDbArc
 50
131.1176920853619
 51
150.9563826203978
  0
ARC
  5
54C
330
17
100
AcDbEntity
  8
0
  6
Continuous
 62
7
370
25
100
AcDbCircle
 10
841.6787938906242
 20
461.4191289320473
 30
0.0
 40
8.13136157718201
100
AcDbArc
 50
107.7497993312441
 51
131.7614337844367
  0
ARC
  5
54D
330
17
100
AcDbEntity
  8
0
  6
Continuous
 62
7
370
25
100
AcDbCircle
 10
840.3855183376173
 20
465.7304962843863
 30
0.0
 40
3.631900264358163
100
AcDbArc
 50
62.24433848468548
 51
109.0538687237438
  0
LINE
  5
54E
330
17
100
AcDbEntity
  8
0
  6
Continuous
 62
7
370
25
100
AcDbLine
 10
825.4054900709355
 20
460.49138505533426
 30
0.0
 11
830.674023616226
 21
457.4499253789275
 31
0.0
  0
SPLINE
  5
54F
330
17
100
AcDbEntity
  8
0
  6
Continuous
 62
7
370
25
100
AcDbSpline
210
0.0
220
0.0
230
2.5
 70
8
 71
3
 72
9
 73
5
 74
0
 42
1e-08
 40
0.0
 40
0.0
 40
0.0
 40
0.0
 40
0.5601176780985371
 40
1.0
 40
1.0
 40
1.0
 40
1.0
 10
825.6783011642174
 20
461.4644051139467
 30
0.0
 10
825.6262440502442
 20
461.28317772414346
 30
0.0
 10
825.5333044484274
 20
460.959625376325
 30
0.0
 10
825.4445372099192
 20
460.63443191164504
 30
0.0
 10
825.4054900709355
 20
460.49138505533426
 30
0.0
  0
LINE
  5
550
330
17
100
AcDbEntity
  8
0
  6
Continuous
 62
7
370
25
100
AcDbLine
 10
828.4557618275779
 20
468.561208921869
 30
0.0
 11
825.6783011642174
 21
461.4644051139467
 31
0.0
  0
SPLINE
  5
551
330
17
100
AcDbEntity
  8
0
  6
Continuous
 62
7
370
25
100
AcDbSpline
210
0.0
220
0.0
230
2.5
 70
8
 71
3
 72
9
 73
5
 74
0
 42
1e-08
 40
0.0
 40
0.0
 40
0.0
 40
0.0
 40
0.560063138049907
 40
1.0
 40
1.0
 40
1.0
 40
1.0
 10
828.9047615907057
 20
469.432517426371
 30
0.0
 10
828.8199420326807
 20
469.2706356591857
 30
0.0
 10
828.6684956112642
 20
468.981593663405
 30
0.0
 10
828.520757339325
 20
468.689647014462
 30
0.0
 10
828.4557618275779
 20
468.561208921869
 30
0.0
  0
LINE
  5
552
330
17
100
AcDbEntity
  8
0
  6
Continuous
 62
7
370
25
100
AcDbLine
 10
828.9047615907057
 20
469.432517426371
 30
0.0
 11
834.1732951359962
 21
466.3910577499645
 31
0.0
  0
SPLINE
  5
553
330
17
100
AcDbEntity
  8
0
  6
Continuous
 62
7
370
25
100
AcDbSpline
210
0.0
220
0.0
230
2.5
 70
8
 71
3
 72
9
 73
5
 74
0
 42
1e-08
 40
0.0
 40
0.0
 40
0.0
 40
0.0
 40
0.5601176780985344
 40
1.0
 40
1.0
 40
1.0
 40
1.0
 10
833.9004840427145
 20
465.4180376913518
 30
0.0
 10
833.9525411566875
 20
465.599265081155
 30
0.0
 10
834.0454807585043
 20
465.9228174289735
 30
0.0
 10
834.1342479970122
 20
466.24801089365377
 30
0.0
 10
834.1732951359962
 20
466.3910577499645
 30
0.0
  0
LINE
  5
554
330
17
100
AcDbEntity
  8
0
  6
Continuous
 62
7
370
25
100
AcDbLine
 10
833.9004840427145
 20
465.4180376913518
 30
0.0
 11
833.2521323873493
 21
463.7614077497052
 31
0.0
  0
LINE
  5
555
330
17
100
AcDbEntity
  8
0
  6
Continuous
 62
7
370
25
100
AcDbLine
 10
831.7713750347186
 20
459.977863825076
 30
0.0
 11
831.1230233793535
 21
458.3212338834295
 31
0.0
  0
SPLINE
  5
556
330
17
100
AcDbEntity
  8
0
  6
Continuous
 62
7
370
25
100
AcDbSpline
210
0.0
220
0.0
230
2.5
 70
8
 71
3
 72
9
 73
5
 74
0
 42
1e-08
 40
0.0
 40
0.0
 40
0.0
 40
0.0
 40
0.5600631380499026
 40
1.0
 40
1.0
 40
1.0
 40
1.0
 10
830.674023616226
 20
457.4499253789275
 30
0.0
 10
830.7588431742511
 20
457.61180714611277
 30
0.0
 10
830.9102895956673
 20
457.90084914189373
 30
0.0
 10
831.0580278676068
 20
458.1927957908368
 30
0.0
 10
831.1230233793535
 20
458.3212338834295
 30
0.0
  0
ARC
  5
557
330
17
100
AcDbEntity
  8
0
  6
Continuous
 62
7
370
25
100
AcDbCircle
 10
846.127071533296
 20
456.63127192981875
 30
0.0
 40
15.056450252728586
100
AcDbArc
 50
137.7773856094116
 51
144.2966890963493
  0
LINE
  5
558
330
17
100
AcDbEntity
  8
0
  6
Continuous
 62
7
370
25
100
AcDbLine
 10
836.2630587984439
 20
467.48451057792926
 30
0.0
 11
834.9771766945463
 21
466.74940116884846
 31
0.0
  0
SPLINE
  5
559
330
17
100
AcDbEntity
  8
0
  6
Continuous
 62
7
370
25
100
AcDbSpline
210
0.0
220
0.0
230
2.5
 70
8
 71
3
 72
9
 73
5
 74
0
 42
1e-08
 40
0.0
 40
0.0
 40
0.0
 40
0.0
 40
0.5600902825157408
 40
1.0
 40
1.0
 40
1.0
 40
1.0
 10
834.1732951359962
 20
466.3910577499645
 30
0.0
 10
834.3243095919648
 20
466.45727165180296
 30
0.0
 10
834.593934794691
 20
466.5754917029368
 30
0.0
 10
834.8600916899476
 20
466.69626973769823
 30
0.0
 10
834.9771766945463
 20
466.74940116884846
 30
0.0
  0
SPLINE
  5
55A
330
17
100
AcDbEntity
  8
0
  6
Continuous
 62
7
370
25
100
AcDbSpline
210
0.0
220
0.0
230
2.5
 70
8
 71
3
 72
9
 73
5
 74
0
 42
1e-08
 40
0.0
 40
0.0
 40
0.0
 40
0.0
 40
0.5601082065518297
 40
1.0
 40
1.0
 40
1.0
 40
1.0
 10
829.5324544794097
 20
469.892572399366
 30
0.0
 10
829.4140760665495
 20
469.80721368600723
 30
0.0
 10
829.202726881739
 20
469.6548168591795
 30
0.0
 10
828.9957909908692
 20
469.500430651952
 30
0.0
 10
828.9047615907057
 20
469.432517426371
 30
0.0
  0
LINE
  5
55B
330
17
100
AcDbEntity
  8
0
  6
Continuous
 62
7
370
25
100
AcDbLine
 10
835.041019055039
 20
473.0416928652305
 30
0.0
 11
829.5324544794097
 21
469.892572399366
 31
0.0
  0
SPLINE
  5
55C
330
17
100
AcDbEntity
  8
0
  6
Continuous
 62
7
370
25
100
AcDbSpline
210
0.0
220
0.0
230
2.5
 70
8
 71
3
 72
9
 73
5
 74
0
 42
1e-08
 40
0.0
 40
0.0
 40
0.0
 40
0.0
 40
0.560090282515735
 40
1.0
 40
1.0
 40
1.0
 40
1.0
 10
835.8449006135891
 20
473.40003628411455
 30
0.0
 10
835.6938861576208
 20
473.333822382276
 30
0.0
 10
835.4242609548942
 20
473.21560233114224
 30
0.0
 10
835.158104059638
 20
473.09482429638075
 30
0.0
 10
835.041019055039
 20
473.0416928652305
 30
0.0
  0
LINE
  5
55D
330
17
100
AcDbEntity
  8
0
  6
Continuous
 62
7
370
25
100
AcDbLine
 10
835.8449006135891
 20
473.40003628411455
 30
0.0
 11
841.1134341588795
 21
470.35857660770773
 31
0.0
  0
SPLINE
  5
55E
330
17
100
AcDbEntity
  8
0
  6
Continuous
 62
7
370
25
100
AcDbSpline
210
0.0
220
0.0
230
2.5
 70
8
 71
3
 72
9
 73
5
 74
0
 42
1e-08
 40
0.0
 40
0.0
 40
0.0
 40
0.0
 40
0.5601082065518268
 40
1.0
 40
1.0
 40
1.0
 40
1.0
 10
840.4857412701754
 20
469.898521634713
 30
0.0
 10
840.6041196830357
 20
469.9838803480718
 30
0.0
 10
840.815468867846
 20
470.13627717489953
 30
0.0
 10
841.0224047587157
 20
470.2906633821267
 30
0.0
 10
841.1134341588795
 20
470.35857660770773
 30
0.0
  0
LINE
  5
55F
330
17
100
AcDbEntity
  8
0
  6
Continuous
 62
7
370
25
100
AcDbLine
 10
840.4857412701754
 20
469.898521634713
 30
0.0
 11
839.1998591662777
 21
469.16341222563244
 31
0.0
  0
ARC
  5
560
330
17
100
AcDbEntity
  8
0
  6
Continuous
 62
7
370
25
100
AcDbCircle
 10
839.9615103386735
 20
457.56655899703475
 30
0.0
 40
8.870647434895897
100
AcDbArc
 50
175.1196327912872
 51
-175.6006022661708
  0
LINE
  5
561
330
17
100
AcDbEntity
  8
0
  6
Continuous
 62
7
370
25
100
AcDbLine
 10
831.1169997465713
 20
456.886104516254
 30
0.0
 11
831.7545301951036
 21
455.96458398368827
 31
0.0
  0
SPLINE
  5
562
330
17
100
AcDbEntity
  8
0
  6
Continuous
 62
7
370
25
100
AcDbSpline
210
0.0
220
0.0
230
2.5
 70
8
 71
3
 72
9
 73
5
 74
0
 42
1e-08
 40
0.0
 40
0.0
 40
0.0
 40
0.0
 40
0.5601176780985362
 40
1.0
 40
1.0
 40
1.0
 40
1.0
 10
831.1169997465713
 20
456.886104516254
 30
0.0
 10
831.0352845226757
 20
456.99085731795674
 30
0.0
 10
830.8893951371222
 20
457.177876592296
 30
0.0
 10
830.7398193574768
 20
457.3668148009907
 30
0.0
 10
830.674023616226
 20
457.4499253789275
 30
0.0
  0
LINE
  5
563
330
17
100
AcDbEntity
  8
0
  6
Continuous
 62
7
370
25
100
AcDbLine
 10
828.8463575740482
 20
455.5177715420405
 30
0.0
 11
833.1683886404542
 21
453.02271611615225
 31
0.0
  0
SPLINE
  5
564
330
17
100
AcDbEntity
  8
0
  6
Continuous
 62
7
370
25
100
AcDbSpline
210
0.0
220
0.0
230
2.5
 70
8
 71
3
 72
9
 73
5
 74
0
 42
1e-08
 40
0.0
 40
0.0
 40
0.0
 40
0.0
 40
0.5601176780985413
 40
1.0
 40
1.0
 40
1.0
 40
1.0
 10
828.4033814437031
 20
456.0815924047137
 30
0.0
 10
828.4850966675986
 20
455.9768396030113
 30
0.0
 10
828.6309860531517
 20
455.789820328672
 30
0.0
 10
828.7805618327975
 20
455.60088211997703
 30
0.0
 10
828.8463575740482
 20
455.5177715420405
 30
0.0
  0
SPLINE
  5
565
330
17
100
AcDbEntity
  8
0
  6
Continuous
 62
7
370
25
100
AcDbSpline
210
0.0
220
0.0
230
2.5
 70
8
 71
3
 72
9
 73
5
 74
0
 42
1e-08
 40
0.0
 40
0.0
 40
0.0
 40
0.0
 40
0.5600631380499026
 40
1.0
 40
1.0
 40
1.0
 40
1.0
 10
825.4054900709355
 20
460.49138505533426
 30
0.0
 10
825.4541691596946
 20
460.4058214133123
 30
0.0
 10
825.5410863043021
 20
460.25304642026447
 30
0.0
 10
825.632195317898
 20
460.0976433054433
 30
0.0
 10
825.6722775314347
 20
460.02927574677153
 30
0.0
  0
LINE
  5
566
330
17
100
AcDbEntity
  8
0
  6
Continuous
 62
7
370
25
100
AcDbLine
 10
825.6722775314347
 20
460.02927574677153
 30
0.0
 11
828.4033814437031
 21
456.0815924047137
 31
0.0
  0
ARC
  5
567
330
17
100
AcDbEntity
  8
0
  6
Continuous
 62
7
370
25
100
AcDbCircle
 10
840.662958022421
 20
466.1515362908302
 30
0.0
 40
3.75117380889608
100
AcDbArc
 50
76.22088899390084
 51
92.7078331520926
  0
LINE
  5
568
330
17
100
AcDbEntity
  8
0
  6
Continuous
 62
7
370
25
100
AcDbLine
 10
842.1896610955395
 20
468.879421235716
 30
0.0
 11
841.5564102892247
 21
469.7947557450345
 31
0.0
  0
SPLINE
  5
569
330
17
100
AcDbEntity
  8
0
  6
Continuous
 62
7
370
25
100
AcDbSpline
210
0.0
220
0.0
230
2.5
 70
8
 71
3
 72
9
 73
5
 74
0
 42
1e-08
 40
0.0
 40
0.0
 40
0.0
 40
0.0
 40
0.5600631380498966
 40
1.0
 40
1.0
 40
1.0
 40
1.0
 10
841.1134341588795
 20
470.35857660770773
 30
0.0
 10
841.1971302729555
 20
470.2527980672568
 30
0.0
 10
841.3465707706237
 20
470.06392911076824
 30
0.0
 10
841.492299048124
 20
469.8769949660522
 30
0.0
 10
841.5564102892247
 20
469.7947557450345
 30
0.0
  0
ARC
  5
56A
330
17
100
AcDbEntity
  8
0
  6
Continuous
 62
7
370
25
100
AcDbCircle
 10
758.5450686024125
 20
358.7852404957022
 30
0.0
 40
8.954172268152963
100
AcDbArc
 50
-142.68255812430831
 51
-97.75201671175651
  0
LINE
  5
56B
330
17
100
AcDbEntity
  8
0
  6
Continuous
 62
7
370
25
100
AcDbLine
 10
762.1313158875307
 20
352.656060647824
 30
0.0
 11
757.33727785049
 21
349.91289906249926
 31
0.0
  0
LINE
  5
56C
330
17
100
AcDbEntity
  8
0
  6
Continuous
 62
7
370
25
100
AcDbLine
 10
766.3739150629602
 20
354.461722029732
 30
0.0
 11
766.098531034225
 21
354.31503230107353
 31
0.0
  0
SPLINE
  5
56D
330
17
100
AcDbEntity
  8
0
  6
Continuous
 62
7
370
25
100
AcDbSpline
210
0.0
220
0.0
230
2.5
 70
8
 71
3
 72
13
 73
9
 74
0
 42
1e-08
 40
0.0
 40
0.0
 40
0.0
 40
0.0
 40
0.0796189726622787
 40
0.3856184910138169
 40
0.5385570655842346
 40
0.6922804976352475
 40
0.8453824578945695
 40
1.0
 40
1.0
 40
1.0
 40
1.0
 10
765.7927678835971
 20
354.15216042427903
 30
0.0
 10
765.7270163965443
 20
354.1156052053027
 30
0.0
 10
765.408562284774
 20
353.9385573496347
 30
0.0
 10
764.710556371785
 20
353.7068774809675
 30
0.0
 10
763.8880293403874
 20
353.4185925796743
 30
0.0
 10
763.2533627468125
 20
353.18468512354747
 30
0.0
 10
762.642330361592
 20
352.9294378300675
 30
0.0
 10
762.3022124291442
 20
352.747485093457
 30
0.0
 10
762.1313158875307
 20
352.656060647824
 30
0.0
  0
LWPOLYLINE
  5
56E
330
17
100
AcDbEntity
  8
0
  6
Continuous
 62
7
370
25
100
AcDbPolyline
 90
7
 70
128
 10
767.7108733799862
 20
361.9112624746027
 10
768.0519191443348
 20
360.3171426428032
 10
768.16904332586
 20
358.7844584997135
 10
768.0519191443348
 20
357.38820479561724
 10
767.7045438672706
 20
356.1760335140515
 10
767.1387728766342
 20
355.18931418963905
 10
766.3739150629602
 20
354.461722029732
  0
LINE
  5
56F
330
17
100
AcDbEntity
  8
0
  6
Continuous
 62
7
370
25
100
AcDbLine
 10
757.33727785049
 20
364.28239345719
 30
0.0
 11
760.49463066733
 21
366.08903931430496
 31
0.0
  0
ARC
  5
570
330
17
100
AcDbEntity
  8
0
  6
Continuous
 62
7
370
25
100
AcDbCircle
 10
750.216123409016
 20
358.8541008684982
 30
0.0
 40
8.954172268153775
100
AcDbArc
 50
37.31744187569448
 51
82.24798328824154
  0
LINE
  5
571
330
17
100
AcDbEntity
  8
0
  6
Continuous
 62
7
370
25
100
AcDbLine
 10
755.638165600948
 20
370.1378484215145
 30
0.0
 11
751.4239141609385
 21
367.72644230170204
 31
0.0
  0
LINE
  5
572
330
17
100
AcDbEntity
  8
0
  6
Continuous
 62
7
370
25
100
AcDbLine
 10
755.124631915677
 20
369.84400305205327
 30
0.0
 11
755.4426990778957
 21
370.3366461521655
 31
0.0
  0
ARC
  5
573
330
17
100
AcDbEntity
  8
0
  6
Continuous
 62
7
370
25
100
AcDbCircle
 10
765.3910942116498
 20
359.838867619213
 30
0.0
 40
5.207868776209712
100
AcDbArc
 50
-52.97787979689587
 51
9.008149846788626
  0
LINE
  5
574
330
17
100
AcDbEntity
  8
0
  6
Continuous
 62
7
370
25
100
AcDbLine
 10
790.1814149112292
 20
355.84636489135227
 30
0.0
 11
790.1814149112292
 21
355.09279839573475
 31
0.0
  0
LINE
  5
575
330
17
100
AcDbEntity
  8
0
  6
Continuous
 62
7
370
25
100
AcDbLine
 10
790.1814149112292
 20
355.09279839573475
 30
0.0
 11
775.6217438357717
 21
346.76171506252604
 31
0.0
  0
LINE
  5
576
330
17
100
AcDbEntity
  8
0
  6
Continuous
 62
7
370
25
100
AcDbLine
 10
775.6217438357717
 20
346.76171506252604
 30
0.0
 11
775.6217438357717
 21
349.3746456605602
 31
0.0
  0
ARC
  5
577
330
17
100
AcDbEntity
  8
0
  6
Continuous
 62
7
370
25
100
AcDbCircle
 10
774.5162695270983
 20
350.7403744253405
 30
0.0
 40
1.7570681563573889
100
AcDbArc
 50
171.0002895454153
 51
-51.0119369460387
  0
LINE
  5
578
330
17
100
AcDbEntity
  8
0
  6
Continuous
 62
7
370
25
100
AcDbLine
 10
772.7808324064142
 20
351.0152316723553
 30
0.0
 11
772.7808324064142
 21
356.070047966086
 31
0.0
  0
LWPOLYLINE
  5
579
330
17
100
AcDbEntity
  8
0
  6
Continuous
 62
7
370
25
100
AcDbPolyline
 90
11
 70
128
 10
777.5288081302695
 20
349.8126403799193
 10
778.349959249698
 20
350.9877753156885
 10
778.9832666780287
 20
352.2767252859757
 10
779.3851257921328
 20
353.5907432223405
 10
779.5278676994043
 20
354.83935607119776
 10
779.4016643024723
 20
355.9365940645137
 10
779.0152049855358
 20
356.806909929289
 10
778.3950983309603
 20
357.390380485108
 10
777.5840400592803
 20
357.6468324882112
 10
776.6378733340046
 20
357.55860864856
 10
775.6217438357717
 20
357.131783373475
  0
LINE
  5
57A
330
17
100
AcDbEntity
  8
0
  6
Continuous
 62
7
370
25
100
AcDbLine
 10
777.5288081302695
 20
349.8126403799193
 30
0.0
 11
788.4309286694897
 21
356.0508633624448
 31
0.0
  0
LINE
  5
57B
330
17
100
AcDbEntity
  8
0
  6
Continuous
 62
7
370
25
100
AcDbLine
 10
775.6217438357717
 20
358.8164990590683
 30
0.0
 11
775.6217438357717
 21
357.131783373475
 31
0.0
  0
LWPOLYLINE
  5
57C
330
17
100
AcDbEntity
  8
0
  6
Continuous
 62
7
370
25
100
AcDbPolyline
 90
17
 70
128
 10
775.6217438357717
 20
350.92607320314323
 10
775.0509797239353
 20
350.73000691164555
 10
774.567109274136
 20
350.82484290264506
 10
774.24379737606
 20
351.19614325620273
 10
774.1302653353592
 20
351.78738085933554
 10
774.24379737606
 20
352.50854514654895
 10
774.567109274136
 20
353.24984539248476
 10
775.0509797239353
 20
353.89842535460326
 10
775.6217438357717
 20
354.35554461306356
 10
776.1925079476084
 20
354.55161090456124
 10
776.6763783974078
 20
354.45677491356173
 10
776.9996902954837
 20
354.085474560004
 10
777.1132223361844
 20
353.494236956871
 10
776.9996902954837
 20
352.7730726696578
 10
776.6763783974078
 20
352.0317724237218
 10
776.1925079476084
 20
351.38319246160347
 10
775.6217438357717
 20
350.92607320314323
  0
LINE
  5
57D
330
17
100
AcDbEntity
  8
0
  6
Continuous
 62
7
370
25
100
AcDbLine
 10
757.33727785049
 20
349.91289906249926
 30
0.0
 11
757.33727785049
 21
364.28239345719
 31
0.0
  0
LINE
  5
57E
330
17
100
AcDbEntity
  8
0
  6
Continuous
 62
7
370
25
100
AcDbLine
 10
751.4239141609385
 20
367.72644230170204
 30
0.0
 11
751.4239141609385
 21
353.3569479070115
 31
0.0
  0
LINE
  5
57F
330
17
100
AcDbEntity
  8
0
  6
Continuous
 62
7
370
25
100
AcDbLine
 10
755.084567873518
 20
362.4923689267065
 30
0.0
 11
753.6766241379105
 21
363.31238055635225
 31
0.0
  0
LINE
  5
580
330
17
100
AcDbEntity
  8
0
  6
Continuous
 62
7
370
25
100
AcDbLine
 10
753.6766241379105
 20
363.31238055635225
 30
0.0
 11
753.6766241379105
 21
355.14697243749475
 31
0.0
  0
LINE
  5
581
330
17
100
AcDbEntity
  8
0
  6
Continuous
 62
7
370
25
100
AcDbLine
 10
753.6766241379105
 20
355.14697243749475
 30
0.0
 11
755.084567873518
 21
354.326960807849
 31
0.0
  0
LINE
  5
582
330
17
100
AcDbEntity
  8
0
  6
Continuous
 62
7
370
25
100
AcDbLine
 10
755.084567873518
 20
354.326960807849
 30
0.0
 11
755.084567873518
 21
362.4923689267065
 31
0.0
  0
ARC
  5
583
330
17
100
AcDbEntity
  8
0
  6
Continuous
 62
7
370
25
100
AcDbCircle
 10
766.6701211947648
 20
359.7779303871455
 30
0.0
 40
7.147669799352917
100
AcDbArc
 50
-31.2487104798172
 51
-2.912662287592907
  0
ARC
  5
584
330
17
100
AcDbEntity
  8
0
  6
Continuous
 62
7
370
25
100
AcDbCircle
 10
769.25219398228
 20
358.3336395317723
 30
0.0
 40
4.192270972220593
100
AcDbArc
 50
-59.99143230212838
 51
-32.6798268929595
  0
LWPOLYLINE
  5
585
330
17
100
AcDbEntity
  8
0
  6
Continuous
 62
7
370
25
100
AcDbPolyline
 90
11
 70
128
 10
765.0467139512307
 20
353.6798328194583
 10
765.1515021205353
 20
353.639446311902
 10
766.5738516463421
 20
353.2531046525798
 10
767.9084121436827
 20
353.1976602044005
 10
769.114633667166
 20
353.47479761886547
 10
770.1558657861783
 20
354.07609621587477
 10
771.0004711896717
 20
354.9832858418298
 10
771.622786969853
 20
356.1688019990063
 10
772.0039043766478
 20
357.59662337886823
 10
772.1322433505055
 20
359.22336635130125
 10
772.1045030315622
 20
360.032945770597
  0
LINE
  5
586
330
17
100
AcDbEntity
  8
0
  6
Continuous
 62
7
370
25
100
AcDbLine
 10
755.3291604589624
 20
370.45382939499603
 30
0.0
 11
755.2888195493075
 21
370.11776832107205
 31
0.0
  0
LINE
  5
587
330
17
100
AcDbEntity
  8
0
  6
Continuous
 62
7
370
25
100
AcDbLine
 10
787.8533835276808
 20
356.12680067847646
 30
0.0
 11
778.0552878306783
 21
350.52030370918175
 31
0.0
  0
ARC
  5
588
330
17
100
AcDbEntity
  8
0
  6
Continuous
 62
7
370
25
100
AcDbCircle
 10
776.9061757803349
 20
355.20960766638825
 30
0.0
 40
2.64335540058875
100
AcDbArc
 50
64.65282651740405
 51
119.0720885707922
  0
LINE
  5
589
330
17
100
AcDbEntity
  8
0
  6
Continuous
 62
7
370
25
100
AcDbLine
 10
755.084567873518
 20
355.95260166696175
 30
0.0
 11
753.6766241379105
 21
355.14697243749475
 31
0.0
  0
LINE
  5
58A
330
17
100
AcDbEntity
  8
0
  6
Continuous
 62
7
370
25
100
AcDbLine
 10
764.079622256702
 20
353.48405324000873
 30
0.0
 11
775.6217438357717
 21
346.76171506252604
 31
0.0
  0
LWPOLYLINE
  5
58B
330
17
100
AcDbEntity
  8
0
  6
Continuous
 62
7
370
25
100
AcDbPolyline
 90
18
 70
128
 10
767.2925456545657
 20
347.5791067638347
 10
767.314953888168
 20
347.21783258666903
 10
767.6195834428445
 20
346.2110192190875
 10
768.269050060125
 20
345.26021551633175
 10
769.2367645003887
 20
344.4043474937067
 10
770.4831084207497
 20
343.6784544886193
 10
771.9570563546695
 20
343.112254645986
 10
773.5982647005516
 20
342.7289282538905
 10
775.3395421958818
 20
342.544168739864
 10
777.10960073541
 20
342.5655401801188
 10
778.8359739145549
 20
342.79216762538
 10
780.4479838125214
 20
343.21477292141094
 10
781.8796345546848
 20
343.8160545577382
 10
783.0723141914483
 20
344.571395993523
 10
783.977194278349
 20
345.44987346163555
 10
784.5572289183103
 20
346.415521991314
 10
784.7886714250212
 20
347.428807818295
 10
784.7925456545657
 20
347.5791067638347
  0
LWPOLYLINE
  5
58C
330
17
100
AcDbEntity
  8
0
  6
Continuous
 62
7
370
25
100
AcDbPolyline
 90
20
 70
128
 10
767.4389756897754
 20
346.6588652688387
 10
767.3676329658563
 20
346.398953571521
 10
767.314953888168
 20
345.3773495966785
 10
767.6195834428445
 20
344.37053622909724
 10
768.269050060125
 20
343.41973252634125
 10
769.2367645003887
 20
342.5638645037162
 10
770.4831084207497
 20
341.83797149862846
 10
771.9570563546698
 20
341.2717716559955
 10
773.5982647005516
 20
340.8884452639
 10
775.3395421958818
 20
340.7036857498735
 10
777.10960073541
 20
340.72505719012827
 10
778.8359739145549
 20
340.9516846353895
 10
780.4479838125214
 20
341.37428993142055
 10
781.8796345546848
 20
341.9755715677478
 10
783.0723141914483
 20
342.7309130035327
 10
783.977194278349
 20
343.6093904716447
 10
784.5572289183103
 20
344.5750390013235
 10
784.7886714250212
 20
345.58832482830445
 10
784.6620465150635
 20
346.60776391177546
 10
784.646115619356
 20
346.65886526883924
  0
ARC
  5
58D
330
17
100
AcDbEntity
  8
0
  6
Continuous
 62
7
370
25
100
AcDbCircle
 10
776.0425456545654
 20
352.19430535730953
 30
0.0
 40
9.999331121457866
100
AcDbArc
 50
-107.27254924341928
 51
-72.72745075650069
  0
LWPOLYLINE
  5
58E
330
17
100
AcDbEntity
  8
0
  6
Continuous
 62
7
370
25
100
AcDbPolyline
 90
18
 70
128
 10
767.2925456545657
 20
344.9220829619585
 10
767.314953888168
 20
344.56080878479275
 10
767.6195834428445
 20
343.55399541721124
 10
768.269050060125
 20
342.60319171445553
 10
769.2367645003887
 20
341.7473236918305
 10
770.4831084207497
 20
341.02143068674275
 10
771.9570563546698
 20
340.45523084410974
 10
773.5982647005516
 20
340.0719044520142
 10
775.3395421958818
 20
339.8871449379877
 10
777.10960073541
 20
339.9085163782425
 10
778.8359739145549
 20
340.1351438235037
 10
780.4479838125214
 20
340.5577491195348
 10
781.8796345546848
 20
341.15903075586203
 10
783.0723141914483
 20
341.91437219164675
 10
783.977194278349
 20
342.79284965975927
 10
784.5572289183103
 20
343.7584981894378
 10
784.7886714250212
 20
344.77178401641874
 10
784.7925456545657
 20
344.9220829619585
  0
ARC
  5
58F
330
17
100
AcDbEntity
  8
0
  6
Continuous
 62
7
370
25
100
AcDbCircle
 10
776.0425456545657
 20
353.51496644835845
 30
0.0
 40
11.262920276736452
100
AcDbArc
 50
-117.02708708785609
 51
-62.9729129121396
  0
LWPOLYLINE
  5
590
330
17
100
AcDbEntity
  8
0
  6
Continuous
 62
7
370
25
100
AcDbPolyline
 90
27
 70
128
 10
804.178726960252
 20
555.9349922715185
 10
803.294269670655
 20
556.59570920473
 10
802.161611703784
 20
557.1150355990878
 10
800.846579023629
 20
557.4627900922255
 10
799.4255965496118
 20
557.618762457039
 10
797.981246618061
 20
557.5738881466212
 10
796.5974695969998
 20
557.3307750927827
 10
795.3546855770672
 20
556.9035521425322
 10
794.3251206481661
 20
556.317047940846
 10
793.5686093816482
 20
555.6053479800703
 10
793.1291174625163
 20
554.809813675001
 10
793.0321865636222
 20
553.9766785877993
 10
793.2834499564806
 20
553.1543615014108
 10
793.8683051260035
 20
552.390652495895
 10
794.7527624156008
 20
551.7299355626833
 10
795.8854203824717
 20
551.210609168326
 10
797.2004530626265
 20
550.862854675188
 10
798.6214355366438
 20
550.7068823103746
 10
800.0657854681946
 20
550.751756620792
 10
801.4495624892559
 20
550.9948696746308
 10
802.6923465091882
 20
551.4220926248812
 10
803.7219114380891
 20
552.0085968265674
 10
804.4784227046075
 20
552.7202967873433
 10
804.9179146237395
 20
553.5158310924124
 10
805.0148455226332
 20
554.3489661796143
 10
804.7635821297747
 20
555.1712832660028
 10
804.178726960252
 20
555.9349922715185
  0
ARC
  5
591
330
17
100
AcDbEntity
  8
0
  6
Continuous
 62
7
370
25
100
AcDbCircle
 10
804.3615094874292
 20
539.5918615730268
 30
0.0
 40
3.6642002689774102
100
AcDbArc
 50
-46.630060934976406
 51
-1.9827119803108182
  0
ARC
  5
592
330
17
100
AcDbEntity
  8
0
  6
Continuous
 62
7
370
25
100
AcDbCircle
 10
799.6381501677724
 20
545.411620197538
 30
0.0
 40
11.15256107189512
100
AcDbArc
 50
-92.5347632343291
 51
-49.52310643667144
  0
ARC
  5
593
330
17
100
AcDbEntity
  8
0
  6
Continuous
 62
7
370
25
100
AcDbCircle
 10
798.5038460860135
 20
545.7120941564187
 30
0.0
 40
11.46006800255657
100
AcDbArc
 50
-129.00702512206462
 51
-86.79320060791609
  0
ARC
  5
594
330
17
100
AcDbEntity
  8
0
  6
Continuous
 62
7
370
25
100
AcDbCircle
 10
793.7301285688767
 20
539.600861867099
 30
0.0
 40
3.709098410873735
100
AcDbArc
 50
-177.90217991718353
 51
-131.1237713912209
  0
LWPOLYLINE
  5
595
330
17
100
AcDbEntity
  8
0
  6
Continuous
 62
7
370
25
100
AcDbPolyline
 90
19
 70
128
 10
801.6011215016899
 20
555.0489073276125
 10
800.9207025785681
 20
555.504402666134
 10
800.0114549597812
 20
555.7980836229783
 10
798.9830473272206
 20
555.8945279404808
 10
797.9595208190527
 20
555.7821030105845
 10
797.0643278378053
 20
555.4743689390498
 10
796.4054418686585
 20
555.008442996575
 10
796.0623342836119
 20
554.4405227281572
 10
796.0763889211514
 20
553.8391076997782
 10
796.4459105845656
 20
553.2767374398007
 10
797.1263295076872
 20
552.8212421012795
 10
798.035577126474
 20
552.5275611444353
 10
799.0639847590351
 20
552.4311168269325
 10
800.0875112672027
 20
552.543541756829
 10
800.9827042484503
 20
552.8512758283638
 10
801.6415902175972
 20
553.3172017708386
 10
801.9846978026435
 20
553.8851220392562
 10
801.9706431651041
 20
554.4865370676353
 10
801.6011215016899
 20
555.0489073276125
  0
LINE
  5
596
330
17
100
AcDbEntity
  8
0
  6
Continuous
 62
7
370
25
100
AcDbLine
 10
793.949242557818
 20
534.229506768403
 30
0.0
 11
793.949242557818
 21
529.4935700594657
 31
0.0
  0
LINE
  5
597
330
17
100
AcDbEntity
  8
0
  6
Continuous
 62
7
370
25
100
AcDbLine
 10
793.949242557818
 20
534.229506768403
 30
0.0
 11
799.1449221908498
 21
534.2699710994408
 31
0.0
  0
LINE
  5
598
330
17
100
AcDbEntity
  8
0
  6
Continuous
 62
7
370
25
100
AcDbLine
 10
799.1449221908498
 20
534.2699710994408
 30
0.0
 11
804.3406018238809
 21
534.3104354304783
 31
0.0
  0
LINE
  5
599
330
17
100
AcDbEntity
  8
0
  6
Continuous
 62
7
370
25
100
AcDbLine
 10
804.3406018238809
 20
534.3104354304783
 30
0.0
 11
804.3406018238809
 21
529.574498721541
 31
0.0
  0
LINE
  5
59A
330
17
100
AcDbEntity
  8
0
  6
Continuous
 62
7
370
25
100
AcDbLine
 10
793.949242557818
 20
529.4935700594657
 30
0.0
 11
804.3406018238809
 21
529.574498721541
 31
0.0
  0
LINE
  5
59B
330
17
100
AcDbEntity
  8
0
  6
Continuous
 62
7
370
25
100
AcDbLine
 10
791.2906996674416
 20
536.8068329380455
 30
0.0
 11
793.949242557818
 21
534.229506768403
 31
0.0
  0
LINE
  5
59C
330
17
100
AcDbEntity
  8
0
  6
Continuous
 62
7
370
25
100
AcDbLine
 10
804.3406018238809
 20
534.3104354304783
 30
0.0
 11
806.8777385665361
 21
536.9282259311583
 31
0.0
  0
LINE
  5
59D
330
17
100
AcDbEntity
  8
0
  6
Continuous
 62
7
370
25
100
AcDbLine
 10
788.6321567770648
 20
539.384159107688
 30
0.0
 11
788.6321567770648
 21
534.6482223987507
 31
0.0
  0
LINE
  5
59E
330
17
100
AcDbEntity
  8
0
  6
Continuous
 62
7
370
25
100
AcDbLine
 10
788.6321567770648
 20
539.384159107688
 30
0.0
 11
791.2906996674416
 21
536.8068329380455
 31
0.0
  0
LINE
  5
59F
330
17
100
AcDbEntity
  8
0
  6
Continuous
 62
7
370
25
100
AcDbLine
 10
788.6321567770648
 20
534.6482223987507
 30
0.0
 11
793.949242557818
 21
529.4935700594657
 31
0.0
  0
LINE
  5
5A0
330
17
100
AcDbEntity
  8
0
  6
Continuous
 62
7
370
25
100
AcDbLine
 10
806.8777385665361
 20
536.9282259311583
 30
0.0
 11
809.4148753091907
 21
539.5460164318386
 31
0.0
  0
LINE
  5
5A1
330
17
100
AcDbEntity
  8
0
  6
Continuous
 62
7
370
25
100
AcDbLine
 10
809.4148753091907
 20
539.5460164318386
 30
0.0
 11
809.4148753091907
 21
534.810079722901
 31
0.0
  0
LINE
  5
5A2
330
17
100
AcDbEntity
  8
0
  6
Continuous
 62
7
370
25
100
AcDbLine
 10
804.3406018238809
 20
529.574498721541
 30
0.0
 11
809.4148753091907
 21
534.810079722901
 31
0.0
  0
LINE
  5
5A3
330
17
100
AcDbEntity
  8
0
  6
Continuous
 62
7
370
25
100
AcDbLine
 10
790.0235160431278
 20
540.8197486872713
 30
0.0
 11
788.6321567770648
 21
539.384159107688
 31
0.0
  0
LINE
  5
5A4
330
17
100
AcDbEntity
  8
0
  6
Continuous
 62
7
370
25
100
AcDbLine
 10
809.4148753091907
 20
539.5460164318386
 30
0.0
 11
808.0235160431278
 21
540.8948705958165
 31
0.0
  0
LINE
  5
5A5
330
17
100
AcDbEntity
  8
0
  6
Continuous
 62
8
370
25
100
AcDbLine
 10
802.2208462440983
 20
343.9154587774397
 30
0.0
 11
802.2208462440983
 21
344.5424059564215
 31
0.0
  0
LINE
  5
5A6
330
17
100
AcDbEntity
  8
0
  6
Continuous
 62
8
370
25
100
AcDbLine
 10
814.7599833617123
 20
326.8108180533955
 30
0.0
 11
818.7847824393627
 21
324.4776068534495
 31
0.0
  0
LINE
  5
5A7
330
17
100
AcDbEntity
  8
0
  6
Continuous
 62
8
370
25
100
AcDbLine
 10
844.4831601812384
 20
434.686524056356
 30
0.0
 11
843.9241558421536
 21
435.00923039231253
 31
0.0
  0
LINE
  5
5A8
330
17
100
AcDbEntity
  8
0
  6
Continuous
 62
8
370
25
100
AcDbLine
 10
835.456158963055
 20
454.42182981708953
 30
0.0
 11
835.4757135324172
 21
459.0807022564195
 31
0.0
  0
LINE
  5
5A9
330
17
100
AcDbEntity
  8
0
  6
Continuous
 62
8
370
25
100
AcDbLine
 10
762.1313158875307
 20
352.656060647824
 30
0.0
 11
762.1313158875307
 21
365.0030104135998
 31
0.0
  0
LINE
  5
5AA
330
17
100
AcDbEntity
  8
0
  6
Continuous
 62
8
370
25
100
AcDbLine
 10
766.3739150629602
 20
354.461722029732
 30
0.0
 11
766.3739150629602
 21
362.5763353511857
 31
0.0
  0
LINE
  5
5AB
330
17
100
AcDbEntity
  8
0
  6
Continuous
 62
8
370
25
100
AcDbLine
 10
768.7628280108378
 20
353.35538934273177
 30
0.0
 11
772.7808324064142
 21
351.0152316723553
 31
0.0
  0
LWPOLYLINE
  5
5AC
330
17
100
AcDbEntity
  8
0
  6
Continuous
 62
8
370
25
100
AcDbPolyline
 90
18
 70
128
 10
808.0234301877659
 20
551.6905059380563
 10
808.0008656870115
 20
551.3448228153268
 10
807.6886467942873
 20
550.3091311915059
 10
807.021676430501
 20
549.3309223075493
 10
806.0272604407114
 20
548.4502441501005
 10
804.7461103323801
 20
547.7031517864008
 10
803.23067654147
 20
547.1202312655995
 10
801.5430011054377
 20
546.7253474223087
 10
799.7521776549277
 20
546.5346668474696
 10
797.9315227124163
 20
546.5559960262198
 10
796.1555741051677
 20
546.7884617394755
 10
794.4970393778284
 20
547.2225468136226
 10
793.0238191370053
 20
547.8404797547223
 10
791.7962271924524
 20
548.6169623155622
 10
790.8645213026172
 20
549.5202052088684
 10
790.2668456160995
 20
550.513229564463
 10
790.0276690457292
 20
551.5553808485517
 10
790.0235372744401
 20
551.7244853420907
  0
ENDSEC
  0
SECTION
  2
OBJECTS
  0
DICTIONARY
  5
A
330
0
100
AcDbDictionary
281
1
  3
ACAD_COLOR
350
B
  3
ACAD_GROUP
350
C
  3
ACAD_LAYOUT
350
D
  3
ACAD_MATERIAL
350
E
  3
ACAD_MLEADERSTYLE
350
F
  3
ACAD_MLINESTYLE
350
10
  3
ACAD_PLOTSETTINGS
350
11
  3
ACAD_PLOTSTYLENAME
350
12
  3
ACAD_SCALELIST
350
14
  3
ACAD_TABLESTYLE
350
15
  3
ACAD_VISUALSTYLE
350
16
  3
EZDXF_META
350
2D
  0
DICTIONARY
  5
B
330
A
100
AcDbDictionary
281
1
  0
DICTIONARY
  5
C
330
A
100
AcDbDictionary
281
1
  0
DICTIONARY
  5
D
330
A
100
AcDbDictionary
281
1
  3
Model
350
1A
  3
Layout1
350
1E
  0
DICTIONARY
  5
E
330
A
100
AcDbDictionary
281
1
  3
ByBlock
350
1F
  3
ByLayer
350
20
  3
Global
350
21
  0
DICTIONARY
  5
F
330
A
100
AcDbDictionary
281
1
  3
Standard
350
2C
  0
DICTIONARY
  5
10
330
A
100
AcDbDictionary
281
1
  3
Standard
350
22
  0
DICTIONARY
  5
11
330
A
100
AcDbDictionary
281
1
  0
ACDBDICTIONARYWDFLT
  5
12
330
A
100
AcDbDictionary
281
1
  3
Normal
350
13
100
AcDbDictionaryWithDefault
340
13
  0
ACDBPLACEHOLDER
  5
13
330
12
  0
DICTIONARY
  5
14
330
A
100
AcDbDictionary
281
1
  0
DICTIONARY
  5
15
330
A
100
AcDbDictionary
281
1
  0
DICTIONARY
  5
16
330
A
100
AcDbDictionary
281
1
  0
LAYOUT
  5
1A
330
D
100
AcDbPlotSettings
  1

  4
A3
  6

 40
7.5
 41
20.0
 42
7.5
 43
20.0
 44
420.0
 45
297.0
 46
0.0
 47
0.0
 48
0.0
 49
0.0
140
0.0
141
0.0
142
1.0
143
1.0
 70
1024
 72
1
 73
0
 74
5
  7

 75
16
 76
0
 77
2
 78
300
147
1.0
148
0.0
149
0.0
100
AcDbLayout
  1
Model
 70
1
 71
0
 10
0.0
 20
0.0
 11
420.0
 21
297.0
 12
0.0
 22
0.0
 32
0.0
 14
1e+20
 24
1e+20
 34
1e+20
 15
-1e+20
 25
-1e+20
 35
-1e+20
146
0.0
 13
0.0
 23
0.0
 33
0.0
 16
1.0
 26
0.0
 36
0.0
 17
0.0
 27
1.0
 37
0.0
 76
1
330
17
  0
LAYOUT
  5
1E
330
D
100
AcDbPlotSettings
  1

  4
A3
  6

 40
7.5
 41
20.0
 42
7.5
 43
20.0
 44
420.0
 45
297.0
 46
0.0
 47
0.0
 48
0.0
 49
0.0
140
0.0
141
0.0
142
1.0
143
1.0
 70
0
 72
1
 73
0
 74
5
  7

 75
16
 76
0
 77
2
 78
300
147
1.0
148
0.0
149
0.0
100
AcDbLayout
  1
Layout1
 70
1
 71
1
 10
0.0
 20
0.0
 11
420.0
 21
297.0
 12
0.0
 22
0.0
 32
0.0
 14
1e+20
 24
1e+20
 34
1e+20
 15
-1e+20
 25
-1e+20
 35
-1e+20
146
0.0
 13
0.0
 23
0.0
 33
0.0
 16
1.0
 26
0.0
 36
0.0
 17
0.0
 27
1.0
 37
0.0
 76
1
330
1B
  0
MATERIAL
  5
1F
102
{ACAD_REACTORS
330
E
102
}
330
E
100
AcDbMaterial
  1
ByBlock
  2

 70
0
 40
1.0
 71
1
 41
1.0
 91
-1023410177
 42
1.0
 72
1
  3

 73
1
 74
1
 75
1
 44
0.5
 73
0
 45
1.0
 46
1.0
 77
1
  4

 78
1
 79
1
170
1
 48
1.0
171
1
  6

172
1
173
1
174
1
140
1.0
141
1.0
175
1
  7

176
1
177
1
178
1
143
1.0
179
1
  8

270
1
271
1
272
1
145
1.0
146
1.0
273
1
  9

274
1
275
1
276
1
 42
1.0
 72
1
  3

 73
1
 74
1
 75
1
 94
63
  0
MATERIAL
  5
20
102
{ACAD_REACTORS
330
E
102
}
330
E
100
AcDbMaterial
  1
ByLayer
  2

 70
0
 40
1.0
 71
1
 41
1.0
 91
-1023410177
 42
1.0
 72
1
  3

 73
1
 74
1
 75
1
 44
0.5
 73
0
 45
1.0
 46
1.0
 77
1
  4

 78
1
 79
1
170
1
 48
1.0
171
1
  6

172
1
173
1
174
1
140
1.0
141
1.0
175
1
  7

176
1
177
1
178
1
143
1.0
179
1
  8

270
1
271
1
272
1
145
1.0
146
1.0
273
1
  9

274
1
275
1
276
1
 42
1.0
 72
1
  3

 73
1
 74
1
 75
1
 94
63
  0
MATERIAL
  5
21
102
{ACAD_REACTORS
330
E
102
}
330
E
100
AcDbMaterial
  1
Global
  2

 70
0
 40
1.0
 71
1
 41
1.0
 91
-1023410177
 42
1.0
 72
1
  3

 73
1
 74
1
 75
1
 44
0.5
 73
0
 45
1.0
 46
1.0
 77
1
  4

 78
1
 79
1
170
1
 48
1.0
171
1
  6

172
1
173
1
174
1
140
1.0
141
1.0
175
1
  7

176
1
177
1
178
1
143
1.0
179
1
  8

270
1
271
1
272
1
145
1.0
146
1.0
273
1
  9

274
1
275
1
276
1
 42
1.0
 72
1
  3

 73
1
 74
1
 75
1
 94
63
  0
MLINESTYLE
  5
22
102
{ACAD_REACTORS
330
10
102
}
330
10
100
AcDbMlineStyle
  2
Standard
 70
0
  3

 62
256
 51
90.0
 52
90.0
 71
2
 49
0.5
 62
256
  6
BYLAYER
 49
-0.5
 62
256
  6
BYLAYER
  0
MLEADERSTYLE
  5
2C
102
{ACAD_REACTORS
330
F
102
}
330
F
100
AcDbMLeaderStyle
179
2
170
2
171
1
172
0
 90
2
 40
0.0
 41
0.0
173
1
 91
-1056964608
 92
-2
290
1
 42
2.0
291
1
 43
8.0
  3
Standard
 44
4.0
300

342
29
174
1
175
1
176
0
178
1
 93
-1056964608
 45
4.0
292
0
297
0
 46
4.0
 94
-1056964608
 47
1.0
 49
1.0
140
1.0
294
1
141
0.0
177
0
142
1.0
295
0
296
0
143
3.75
271
0
272
9
273
9
  0
DICTIONARY
  5
2D
330
A
100
AcDbDictionary
280
1
281
1
  3
CREATED_BY_EZDXF
350
2E
  3
AUTHOR
350
5F7
  3
TITLE
350
5F8
  3
WRITTEN_BY_EZDXF
350
5FB
  0
DICTIONARYVAR
  5
2E
330
2D
100
DictionaryVariables
280
0
  1
1.4.4 @ 2026-09-17T01:59:54.113515+00:00
  0
DICTIONARYVAR
  5
5F7
330
2D
100
DictionaryVariables
280
0
  1
WATERBEE
  0
DICTIONARYVAR
  5
5F8
330
2D
100
DictionaryVariables
280
0
  1
WBTU10 outline and mounting dimensions
  0
DICTIONARYVAR
  5
5FB
330
2D
100
DictionaryVariables
280
0
  1
1.4.4 @ 2026-09-17T01:59:54.179530+00:00
  0
ENDSEC
  0
EOF
